{
    "dataset": "data/mimic4_admissions.csv",
    "algorithm": "rf",
    "params": {
        "colsample_bynode": 0.8,
        "learning_rate": 1,
        "reg_lambda": 1e-05,
        "subsample": 0.8,
        "use_label_encoder": false,
        "objective": "binary:logistic",
        "base_score": 0.5,
        "booster": "gbtree",
        "colsample_bylevel": 1,
        "colsample_bytree": 1,
        "gamma": 0.05,
        "gpu_id": -1,
        "importance_type": "gain",
        "interaction_constraints": "",
        "max_delta_step": 0,
        "max_depth": 6,
        "min_child_weight": 1,
        "missing": NaN,
        "monotone_constraints": "()",
        "n_estimators": 100,
        "n_jobs": 1,
        "num_parallel_tree": 100,
        "random_state": 11505,
        "reg_alpha": 0,
        "scale_pos_weight": 1,
        "tree_method": "exact",
        "validate_parameters": 1,
        "verbosity": null,
        "eval_metric": "logloss"
    },
    "process_time": 13.062399811999999,
    "time_time": 13.075377225875854,
    "random_state": 11505,
    "alpha": 0.1,
    "n_bins": 10,
    "gamma": 0.05,
    "rho": 0.1,
    "roc_auc_train": 0.8721648414002856,
    "auprc_train": 0.768914355949936,
    "accuracy_train": 0.8137819774141507,
    "MC_loss_train": 0.19475681240531217,
    "PMC_loss_train": 1.146326316759459,
    "DC_loss_train": 0.6991102274481917,
    "roc_auc_test": 0.8672027547317831,
    "auprc_test": 0.7631256405124274,
    "accuracy_test": 0.811205088612846,
    "MC_loss_test": 0.15285549833349987,
    "PMC_loss_test": 1.0748712435695582,
    "DC_loss_test": 0.5057924399536589,
    "feature_importances_": {
        "temperature": 0.015183632262051105,
        "heartrate": 0.0037406492047011852,
        "resprate": 0.023200398311018944,
        "o2sat": 0.05018782988190651,
        "sbp": 0.013876538723707199,
        "dbp": 0.008919436484575272,
        "pain": 0.001779214246198535,
        "acuity": 0.42385900020599365,
        "insurance": 0.009068968705832958,
        "language": 0.001206916756927967,
        "marital_status": 0.005596861243247986,
        "ethnicity": 0.022462382912635803,
        "gender": 0.01763322576880455,
        "anchor_year_group": 0.11793164163827896,
        "prev_visit": 0.21237307786941528,
        "prev_adm": 0.07298026978969574
    }
}