{
    "dataset": "data/mimic4_admissions.csv",
    "algorithm": "rf",
    "params": {
        "colsample_bynode": 0.8,
        "learning_rate": 1,
        "reg_lambda": 1e-05,
        "subsample": 0.8,
        "use_label_encoder": false,
        "objective": "binary:logistic",
        "base_score": 0.5,
        "booster": "gbtree",
        "colsample_bylevel": 1,
        "colsample_bytree": 1,
        "gamma": 0.1,
        "gpu_id": -1,
        "importance_type": "gain",
        "interaction_constraints": "",
        "max_delta_step": 0,
        "max_depth": 6,
        "min_child_weight": 1,
        "missing": NaN,
        "monotone_constraints": "()",
        "n_estimators": 100,
        "n_jobs": 1,
        "num_parallel_tree": 100,
        "random_state": 4051,
        "reg_alpha": 0,
        "scale_pos_weight": 1,
        "tree_method": "exact",
        "validate_parameters": 1,
        "verbosity": null,
        "eval_metric": "logloss"
    },
    "process_time": 12.356381573,
    "time_time": 12.392183303833008,
    "random_state": 4051,
    "alpha": 0.05,
    "n_bins": 10,
    "gamma": 0.1,
    "rho": 0.1,
    "roc_auc_train": 0.870300383018578,
    "auprc_train": 0.7658224476401397,
    "accuracy_train": 0.812806330183606,
    "MC_loss_train": 0.13621454551571704,
    "PMC_loss_train": 1.0928249157311116,
    "DC_loss_train": 0.462382470964663,
    "roc_auc_test": 0.8722946253248142,
    "auprc_test": 0.7705983350767902,
    "accuracy_test": 0.8133714364730014,
    "MC_loss_test": 0.1602049535826633,
    "PMC_loss_test": 1.0724174954139694,
    "DC_loss_test": 0.5837021769937628,
    "feature_importances_": {
        "temperature": 0.016190100461244583,
        "heartrate": 0.00418082857504487,
        "resprate": 0.015685468912124634,
        "o2sat": 0.05863017216324806,
        "sbp": 0.016578899696469307,
        "dbp": 0.008202111348509789,
        "pain": 0.0021529700607061386,
        "acuity": 0.41611620783805847,
        "insurance": 0.01210950780659914,
        "language": 0.0007214422803372145,
        "marital_status": 0.006368010770529509,
        "ethnicity": 0.02213851734995842,
        "gender": 0.017786221578717232,
        "anchor_year_group": 0.11213883757591248,
        "prev_visit": 0.21841450035572052,
        "prev_adm": 0.07258620858192444
    }
}