{
    "dataset": "data/mimic4_admissions.csv",
    "algorithm": "rf",
    "params": {
        "colsample_bynode": 0.8,
        "learning_rate": 1,
        "reg_lambda": 1e-05,
        "subsample": 0.8,
        "use_label_encoder": false,
        "objective": "binary:logistic",
        "base_score": 0.5,
        "booster": "gbtree",
        "colsample_bylevel": 1,
        "colsample_bytree": 1,
        "gamma": 0.05,
        "gpu_id": -1,
        "importance_type": "gain",
        "interaction_constraints": "",
        "max_delta_step": 0,
        "max_depth": 6,
        "min_child_weight": 1,
        "missing": NaN,
        "monotone_constraints": "()",
        "n_estimators": 100,
        "n_jobs": 1,
        "num_parallel_tree": 100,
        "random_state": 12291,
        "reg_alpha": 0,
        "scale_pos_weight": 1,
        "tree_method": "exact",
        "validate_parameters": 1,
        "verbosity": null,
        "eval_metric": "logloss"
    },
    "process_time": 13.552683988,
    "time_time": 13.619622468948364,
    "random_state": 12291,
    "alpha": 0.01,
    "n_bins": 10,
    "gamma": 0.05,
    "rho": 0.05,
    "roc_auc_train": 0.8713456291759694,
    "auprc_train": 0.767603148451917,
    "accuracy_train": 0.8131520319582085,
    "MC_loss_train": 0.22023847305549765,
    "PMC_loss_train": 2.181072440252987,
    "DC_loss_train": 0.7011462310861415,
    "roc_auc_test": 0.8685211524598854,
    "auprc_test": 0.7661594633677011,
    "accuracy_test": 0.8103754234749142,
    "MC_loss_test": 0.2443089286486308,
    "PMC_loss_test": 2.300920934871565,
    "DC_loss_test": 0.5512482601408886,
    "feature_importances_": {
        "temperature": 0.017234940081834793,
        "heartrate": 0.004257789347320795,
        "resprate": 0.026912204921245575,
        "o2sat": 0.04883294180035591,
        "sbp": 0.011783539317548275,
        "dbp": 0.010087394155561924,
        "pain": 0.002900562481954694,
        "acuity": 0.43420955538749695,
        "insurance": 0.006859013810753822,
        "language": 0.0,
        "marital_status": 0.00788359809666872,
        "ethnicity": 0.02587558701634407,
        "gender": 0.017102330923080444,
        "anchor_year_group": 0.13358257710933685,
        "prev_visit": 0.2153695523738861,
        "prev_adm": 0.037108413875103
    }
}