{
    "dataset": "data/mimic4_admissions.csv",
    "algorithm": "rf",
    "params": {
        "colsample_bynode": 0.8,
        "learning_rate": 1,
        "reg_lambda": 1e-05,
        "subsample": 0.8,
        "use_label_encoder": false,
        "objective": "binary:logistic",
        "base_score": 0.5,
        "booster": "gbtree",
        "colsample_bylevel": 1,
        "colsample_bytree": 1,
        "gamma": 0.05,
        "gpu_id": -1,
        "importance_type": "gain",
        "interaction_constraints": "",
        "max_delta_step": 0,
        "max_depth": 6,
        "min_child_weight": 1,
        "missing": NaN,
        "monotone_constraints": "()",
        "n_estimators": 100,
        "n_jobs": 1,
        "num_parallel_tree": 100,
        "random_state": 9748,
        "reg_alpha": 0,
        "scale_pos_weight": 1,
        "tree_method": "exact",
        "validate_parameters": 1,
        "verbosity": null,
        "eval_metric": "logloss"
    },
    "process_time": 12.879737616,
    "time_time": 12.888674974441528,
    "random_state": 9748,
    "alpha": 0.1,
    "n_bins": 10,
    "gamma": 0.05,
    "rho": 0.01,
    "roc_auc_train": 0.8718423390234582,
    "auprc_train": 0.768263942599752,
    "accuracy_train": 0.8124836751939771,
    "MC_loss_train": 0.14011605154900325,
    "PMC_loss_train": 3.575228884040965,
    "DC_loss_train": 0.5604095629752601,
    "roc_auc_test": 0.8672337822802685,
    "auprc_test": 0.7630592250067211,
    "accuracy_test": 0.8114355511511604,
    "MC_loss_test": 0.24252261519432067,
    "PMC_loss_test": 2.7568186982985465,
    "DC_loss_test": 0.829074121430752,
    "feature_importances_": {
        "temperature": 0.013063238002359867,
        "heartrate": 0.0030820597894489765,
        "resprate": 0.016274139285087585,
        "o2sat": 0.05611148104071617,
        "sbp": 0.01611906848847866,
        "dbp": 0.010215218178927898,
        "pain": 0.0017729297978803515,
        "acuity": 0.4424577057361603,
        "insurance": 0.008580216206610203,
        "language": 0.000458957307273522,
        "marital_status": 0.006632273085415363,
        "ethnicity": 0.024691570550203323,
        "gender": 0.012790914624929428,
        "anchor_year_group": 0.1292855590581894,
        "prev_visit": 0.21377207338809967,
        "prev_adm": 0.04469261318445206
    }
}