{
    "dataset": "data/mimic4_admissions.csv",
    "algorithm": "rf",
    "params": {
        "colsample_bynode": 0.8,
        "learning_rate": 1,
        "reg_lambda": 1e-05,
        "subsample": 0.8,
        "use_label_encoder": false,
        "objective": "binary:logistic",
        "base_score": 0.5,
        "booster": "gbtree",
        "colsample_bylevel": 1,
        "colsample_bytree": 1,
        "gamma": 0.1,
        "gpu_id": -1,
        "importance_type": "gain",
        "interaction_constraints": "",
        "max_delta_step": 0,
        "max_depth": 6,
        "min_child_weight": 1,
        "missing": NaN,
        "monotone_constraints": "()",
        "n_estimators": 100,
        "n_jobs": 1,
        "num_parallel_tree": 100,
        "random_state": 7580,
        "reg_alpha": 0,
        "scale_pos_weight": 1,
        "tree_method": "exact",
        "validate_parameters": 1,
        "verbosity": null,
        "eval_metric": "logloss"
    },
    "process_time": 12.614722407,
    "time_time": 12.652607679367065,
    "random_state": 7580,
    "alpha": 0.05,
    "n_bins": 10,
    "gamma": 0.1,
    "rho": 0.1,
    "roc_auc_train": 0.8718947428658406,
    "auprc_train": 0.7692266006184425,
    "accuracy_train": 0.8132365368364447,
    "MC_loss_train": 0.14723347419316007,
    "PMC_loss_train": 1.0827251907612623,
    "DC_loss_train": 0.48462859852233653,
    "roc_auc_test": 0.8687213351666823,
    "auprc_test": 0.763747659414878,
    "accuracy_test": 0.8108824410592058,
    "MC_loss_test": 0.1738575378509417,
    "PMC_loss_test": 1.1005074552457867,
    "DC_loss_test": 0.5824100709267346,
    "feature_importances_": {
        "temperature": 0.01911802962422371,
        "heartrate": 0.00205812300555408,
        "resprate": 0.0200825035572052,
        "o2sat": 0.053295817226171494,
        "sbp": 0.0149369016289711,
        "dbp": 0.008340505883097649,
        "pain": 0.0020205415785312653,
        "acuity": 0.40442562103271484,
        "insurance": 0.008661767467856407,
        "language": 0.0006149850669316947,
        "marital_status": 0.005676120985299349,
        "ethnicity": 0.028071308508515358,
        "gender": 0.01891428790986538,
        "anchor_year_group": 0.14659643173217773,
        "prev_visit": 0.2225770801305771,
        "prev_adm": 0.04461001604795456
    }
}