{
    "dataset": "data/mimic4_admissions.csv",
    "algorithm": "rf",
    "params": {
        "colsample_bynode": 0.8,
        "learning_rate": 1,
        "reg_lambda": 1e-05,
        "subsample": 0.8,
        "use_label_encoder": false,
        "objective": "binary:logistic",
        "base_score": 0.5,
        "booster": "gbtree",
        "colsample_bylevel": 1,
        "colsample_bytree": 1,
        "gamma": 0.05,
        "gpu_id": -1,
        "importance_type": "gain",
        "interaction_constraints": "",
        "max_delta_step": 0,
        "max_depth": 6,
        "min_child_weight": 1,
        "missing": NaN,
        "monotone_constraints": "()",
        "n_estimators": 100,
        "n_jobs": 1,
        "num_parallel_tree": 100,
        "random_state": 263,
        "reg_alpha": 0,
        "scale_pos_weight": 1,
        "tree_method": "exact",
        "validate_parameters": 1,
        "verbosity": null,
        "eval_metric": "logloss"
    },
    "process_time": 13.229774321,
    "time_time": 13.247679710388184,
    "random_state": 263,
    "alpha": 0.1,
    "n_bins": 10,
    "gamma": 0.05,
    "rho": 0.05,
    "roc_auc_train": 0.8718938773255414,
    "auprc_train": 0.7686974149463148,
    "accuracy_train": 0.8134362756395482,
    "MC_loss_train": 0.20035847703615822,
    "PMC_loss_train": 2.2321220510980964,
    "DC_loss_train": 0.6240671669004842,
    "roc_auc_test": 0.868915218289619,
    "auprc_test": 0.760811709443431,
    "accuracy_test": 0.8116890599433062,
    "MC_loss_test": 0.27033116199352125,
    "PMC_loss_test": 2.218681257155547,
    "DC_loss_test": 0.7931437392689478,
    "feature_importances_": {
        "temperature": 0.01862078532576561,
        "heartrate": 0.0036363655235618353,
        "resprate": 0.027943473309278488,
        "o2sat": 0.050783056765794754,
        "sbp": 0.0202375128865242,
        "dbp": 0.006851767655462027,
        "pain": 0.002468100283294916,
        "acuity": 0.4094865918159485,
        "insurance": 0.008217738009989262,
        "language": 0.0009069224470295012,
        "marital_status": 0.005011097528040409,
        "ethnicity": 0.026393529027700424,
        "gender": 0.016744842752814293,
        "anchor_year_group": 0.11189277470111847,
        "prev_visit": 0.22626656293869019,
        "prev_adm": 0.06453894078731537
    }
}