{
    "dataset": "data/mimic4_admissions.csv",
    "algorithm": "rf",
    "params": {
        "colsample_bynode": 0.8,
        "learning_rate": 1,
        "reg_lambda": 1e-05,
        "subsample": 0.8,
        "use_label_encoder": false,
        "objective": "binary:logistic",
        "base_score": 0.5,
        "booster": "gbtree",
        "colsample_bylevel": 1,
        "colsample_bytree": 1,
        "gamma": 0.05,
        "gpu_id": -1,
        "importance_type": "gain",
        "interaction_constraints": "",
        "max_delta_step": 0,
        "max_depth": 6,
        "min_child_weight": 1,
        "missing": NaN,
        "monotone_constraints": "()",
        "n_estimators": 100,
        "n_jobs": 1,
        "num_parallel_tree": 100,
        "random_state": 14982,
        "reg_alpha": 0,
        "scale_pos_weight": 1,
        "tree_method": "exact",
        "validate_parameters": 1,
        "verbosity": null,
        "eval_metric": "logloss"
    },
    "process_time": 13.379700761,
    "time_time": 13.442470073699951,
    "random_state": 14982,
    "alpha": 0.1,
    "n_bins": 10,
    "gamma": 0.05,
    "rho": 0.05,
    "roc_auc_train": 0.8714885014533297,
    "auprc_train": 0.7687530183006746,
    "accuracy_train": 0.8130137512483675,
    "MC_loss_train": 0.15419050894285502,
    "PMC_loss_train": 2.2471019198905386,
    "DC_loss_train": 0.48768117991341753,
    "roc_auc_test": 0.8685703823504466,
    "auprc_test": 0.7625020890035915,
    "accuracy_test": 0.8142702403724275,
    "MC_loss_test": 0.20400521740680788,
    "PMC_loss_test": 2.2161333864167654,
    "DC_loss_test": 0.6737062148108357,
    "feature_importances_": {
        "temperature": 0.01706579141318798,
        "heartrate": 0.005215740762650967,
        "resprate": 0.016051672399044037,
        "o2sat": 0.05327201262116432,
        "sbp": 0.013852943666279316,
        "dbp": 0.010200350545346737,
        "pain": 0.002386254258453846,
        "acuity": 0.4125122129917145,
        "insurance": 0.010189324617385864,
        "language": 0.0012522446922957897,
        "marital_status": 0.007087604142725468,
        "ethnicity": 0.024339932948350906,
        "gender": 0.016836920753121376,
        "anchor_year_group": 0.11758188158273697,
        "prev_visit": 0.226856529712677,
        "prev_adm": 0.06529854238033295
    }
}