{
    "dataset": "data/mimic4_admissions.csv",
    "algorithm": "rf",
    "params": {
        "colsample_bynode": 0.8,
        "learning_rate": 1,
        "reg_lambda": 1e-05,
        "subsample": 0.8,
        "use_label_encoder": false,
        "objective": "binary:logistic",
        "base_score": 0.5,
        "booster": "gbtree",
        "colsample_bylevel": 1,
        "colsample_bytree": 1,
        "gamma": 0.1,
        "gpu_id": -1,
        "importance_type": "gain",
        "interaction_constraints": "",
        "max_delta_step": 0,
        "max_depth": 6,
        "min_child_weight": 1,
        "missing": NaN,
        "monotone_constraints": "()",
        "n_estimators": 100,
        "n_jobs": 1,
        "num_parallel_tree": 100,
        "random_state": 8919,
        "reg_alpha": 0,
        "scale_pos_weight": 1,
        "tree_method": "exact",
        "validate_parameters": 1,
        "verbosity": null,
        "eval_metric": "logloss"
    },
    "process_time": 13.152393896,
    "time_time": 13.160299301147461,
    "random_state": 8919,
    "alpha": 0.1,
    "n_bins": 10,
    "gamma": 0.1,
    "rho": 0.01,
    "roc_auc_train": 0.8717098844251323,
    "auprc_train": 0.768973635184024,
    "accuracy_train": 0.8123146654375047,
    "MC_loss_train": 0.12119360308389404,
    "PMC_loss_train": 2.9975724614618393,
    "DC_loss_train": 0.3561039700027422,
    "roc_auc_test": 0.8694398279269474,
    "auprc_test": 0.7642880686963194,
    "accuracy_test": 0.8130718351731926,
    "MC_loss_test": 0.12688873346569474,
    "PMC_loss_test": 2.829481645854744,
    "DC_loss_test": 0.5441933288488046,
    "feature_importances_": {
        "temperature": 0.014362218789756298,
        "heartrate": 0.005633372813463211,
        "resprate": 0.02243080362677574,
        "o2sat": 0.06399118155241013,
        "sbp": 0.009802429936826229,
        "dbp": 0.011815289966762066,
        "pain": 0.0034669681917876005,
        "acuity": 0.4262576401233673,
        "insurance": 0.006847667973488569,
        "language": 0.0009555518627166748,
        "marital_status": 0.0072074392810463905,
        "ethnicity": 0.023735299706459045,
        "gender": 0.018035054206848145,
        "anchor_year_group": 0.11099456250667572,
        "prev_visit": 0.2334619164466858,
        "prev_adm": 0.041002608835697174
    }
}