{
    "dataset": "data/mimic4_admissions.csv",
    "algorithm": "rf",
    "params": {
        "colsample_bynode": 0.8,
        "learning_rate": 1,
        "reg_lambda": 1e-05,
        "subsample": 0.8,
        "use_label_encoder": false,
        "objective": "binary:logistic",
        "base_score": 0.5,
        "booster": "gbtree",
        "colsample_bylevel": 1,
        "colsample_bytree": 1,
        "gamma": 0.05,
        "gpu_id": -1,
        "importance_type": "gain",
        "interaction_constraints": "",
        "max_delta_step": 0,
        "max_depth": 6,
        "min_child_weight": 1,
        "missing": NaN,
        "monotone_constraints": "()",
        "n_estimators": 100,
        "n_jobs": 1,
        "num_parallel_tree": 100,
        "random_state": 16180,
        "reg_alpha": 0,
        "scale_pos_weight": 1,
        "tree_method": "exact",
        "validate_parameters": 1,
        "verbosity": null,
        "eval_metric": "logloss"
    },
    "process_time": 13.494905397,
    "time_time": 13.50202751159668,
    "random_state": 16180,
    "alpha": 0.1,
    "n_bins": 10,
    "gamma": 0.05,
    "rho": 0.01,
    "roc_auc_train": 0.8710660831158871,
    "auprc_train": 0.7685682985219471,
    "accuracy_train": 0.8126910962587386,
    "MC_loss_train": 0.13298399039207592,
    "PMC_loss_train": 3.1649032253869542,
    "DC_loss_train": 0.468312765788617,
    "roc_auc_test": 0.8702294264794022,
    "auprc_test": 0.7657957319756152,
    "accuracy_test": 0.8115738286741491,
    "MC_loss_test": 0.24249967543975165,
    "PMC_loss_test": 4.011659222391416,
    "DC_loss_test": 0.6290813609201857,
    "feature_importances_": {
        "temperature": 0.015189406462013721,
        "heartrate": 0.0032120519317686558,
        "resprate": 0.02147144265472889,
        "o2sat": 0.05721241980791092,
        "sbp": 0.01719728857278824,
        "dbp": 0.007566883694380522,
        "pain": 0.002179809147492051,
        "acuity": 0.3998255431652069,
        "insurance": 0.011052797548472881,
        "language": 0.0009266374399885535,
        "marital_status": 0.007749125827103853,
        "ethnicity": 0.022678859531879425,
        "gender": 0.020087765529751778,
        "anchor_year_group": 0.1502959281206131,
        "prev_visit": 0.20897938311100006,
        "prev_adm": 0.05437465012073517
    }
}