{
    "dataset": "data/mimic4_admissions.csv",
    "algorithm": "rf",
    "params": {
        "colsample_bynode": 0.8,
        "learning_rate": 1,
        "reg_lambda": 1e-05,
        "subsample": 0.8,
        "use_label_encoder": false,
        "objective": "binary:logistic",
        "base_score": 0.5,
        "booster": "gbtree",
        "colsample_bylevel": 1,
        "colsample_bytree": 1,
        "gamma": 0.1,
        "gpu_id": -1,
        "importance_type": "gain",
        "interaction_constraints": "",
        "max_delta_step": 0,
        "max_depth": 6,
        "min_child_weight": 1,
        "missing": NaN,
        "monotone_constraints": "()",
        "n_estimators": 100,
        "n_jobs": 1,
        "num_parallel_tree": 100,
        "random_state": 11806,
        "reg_alpha": 0,
        "scale_pos_weight": 1,
        "tree_method": "exact",
        "validate_parameters": 1,
        "verbosity": null,
        "eval_metric": "logloss"
    },
    "process_time": 13.192807378,
    "time_time": 13.203342914581299,
    "random_state": 11806,
    "alpha": 0.05,
    "n_bins": 10,
    "gamma": 0.1,
    "rho": 0.1,
    "roc_auc_train": 0.8707797262133016,
    "auprc_train": 0.766793814656985,
    "accuracy_train": 0.8117154490281939,
    "MC_loss_train": 0.14705820425079502,
    "PMC_loss_train": 1.0843777729113786,
    "DC_loss_train": 0.3907528139836145,
    "roc_auc_test": 0.8704727496078736,
    "auprc_test": 0.7677766341948415,
    "accuracy_test": 0.8120578000046093,
    "MC_loss_test": 0.13750306081771851,
    "PMC_loss_test": 1.0811156712891552,
    "DC_loss_test": 0.48947629533564974,
    "feature_importances_": {
        "temperature": 0.014996785670518875,
        "heartrate": 0.004078219179064035,
        "resprate": 0.021977918222546577,
        "o2sat": 0.05811498686671257,
        "sbp": 0.018388299271464348,
        "dbp": 0.007960940711200237,
        "pain": 0.0038326347712427378,
        "acuity": 0.42832911014556885,
        "insurance": 0.005930403713136911,
        "language": 0.001238808035850525,
        "marital_status": 0.0058644418604671955,
        "ethnicity": 0.028274981305003166,
        "gender": 0.01684534177184105,
        "anchor_year_group": 0.12152305990457535,
        "prev_visit": 0.22739213705062866,
        "prev_adm": 0.03525185212492943
    }
}