{
    "dataset": "data/mimic4_admissions.csv",
    "algorithm": "rf",
    "params": {
        "colsample_bynode": 0.8,
        "learning_rate": 1,
        "reg_lambda": 1e-05,
        "subsample": 0.8,
        "use_label_encoder": false,
        "objective": "binary:logistic",
        "base_score": 0.5,
        "booster": "gbtree",
        "colsample_bylevel": 1,
        "colsample_bytree": 1,
        "gamma": 0.05,
        "gpu_id": -1,
        "importance_type": "gain",
        "interaction_constraints": "",
        "max_delta_step": 0,
        "max_depth": 6,
        "min_child_weight": 1,
        "missing": NaN,
        "monotone_constraints": "()",
        "n_estimators": 100,
        "n_jobs": 1,
        "num_parallel_tree": 100,
        "random_state": 13299,
        "reg_alpha": 0,
        "scale_pos_weight": 1,
        "tree_method": "exact",
        "validate_parameters": 1,
        "verbosity": null,
        "eval_metric": "logloss"
    },
    "process_time": 13.397624788,
    "time_time": 13.455978870391846,
    "random_state": 13299,
    "alpha": 0.1,
    "n_bins": 10,
    "gamma": 0.05,
    "rho": 0.1,
    "roc_auc_train": 0.8716207622709116,
    "auprc_train": 0.7675480401105302,
    "accuracy_train": 0.8137666128908351,
    "MC_loss_train": 0.19215764826343906,
    "PMC_loss_train": 1.1076841039524332,
    "DC_loss_train": 0.5897641381263248,
    "roc_auc_test": 0.8683436024520726,
    "auprc_test": 0.7664965480706234,
    "accuracy_test": 0.8114816436588232,
    "MC_loss_test": 0.23826016412406673,
    "PMC_loss_test": 1.1179900008898516,
    "DC_loss_test": 0.901095903422637,
    "feature_importances_": {
        "temperature": 0.016979753971099854,
        "heartrate": 0.005317229311913252,
        "resprate": 0.021271103993058205,
        "o2sat": 0.0644700899720192,
        "sbp": 0.008464214392006397,
        "dbp": 0.010382844135165215,
        "pain": 0.002820422872900963,
        "acuity": 0.4027009904384613,
        "insurance": 0.00990836787968874,
        "language": 0.0004614292993210256,
        "marital_status": 0.0032552459742873907,
        "ethnicity": 0.025129519402980804,
        "gender": 0.020589394494891167,
        "anchor_year_group": 0.13386867940425873,
        "prev_visit": 0.22882138192653656,
        "prev_adm": 0.04555930197238922
    }
}