{
    "dataset": "data/mimic4_admissions.csv",
    "algorithm": "rf",
    "params": {
        "colsample_bynode": 0.8,
        "learning_rate": 1,
        "reg_lambda": 1e-05,
        "subsample": 0.8,
        "use_label_encoder": false,
        "objective": "binary:logistic",
        "base_score": 0.5,
        "booster": "gbtree",
        "colsample_bylevel": 1,
        "colsample_bytree": 1,
        "gamma": 0.1,
        "gpu_id": -1,
        "importance_type": "gain",
        "interaction_constraints": "",
        "max_delta_step": 0,
        "max_depth": 6,
        "min_child_weight": 1,
        "missing": NaN,
        "monotone_constraints": "()",
        "n_estimators": 100,
        "n_jobs": 1,
        "num_parallel_tree": 100,
        "random_state": 5220,
        "reg_alpha": 0,
        "scale_pos_weight": 1,
        "tree_method": "exact",
        "validate_parameters": 1,
        "verbosity": null,
        "eval_metric": "logloss"
    },
    "process_time": 12.841471724,
    "time_time": 12.848552465438843,
    "random_state": 5220,
    "alpha": 0.05,
    "n_bins": 10,
    "gamma": 0.1,
    "rho": 0.05,
    "roc_auc_train": 0.870975016445715,
    "auprc_train": 0.7669490651271176,
    "accuracy_train": 0.8125989091188446,
    "MC_loss_train": 0.11973187697479148,
    "PMC_loss_train": 2.176701754055167,
    "DC_loss_train": 0.360053463796583,
    "roc_auc_test": 0.8712289271517364,
    "auprc_test": 0.769053596992028,
    "accuracy_test": 0.8141550091032702,
    "MC_loss_test": 0.11499037695403147,
    "PMC_loss_test": 2.1407094256868087,
    "DC_loss_test": 0.3619304304876927,
    "feature_importances_": {
        "temperature": 0.017091531306505203,
        "heartrate": 0.0035924359690397978,
        "resprate": 0.020389745011925697,
        "o2sat": 0.05884068086743355,
        "sbp": 0.01233870442956686,
        "dbp": 0.0088723823428154,
        "pain": 0.0018458840204402804,
        "acuity": 0.42076149582862854,
        "insurance": 0.009134671650826931,
        "language": 0.00045917820534668863,
        "marital_status": 0.006372143980115652,
        "ethnicity": 0.026695994660258293,
        "gender": 0.019936727359890938,
        "anchor_year_group": 0.12517887353897095,
        "prev_visit": 0.22714228928089142,
        "prev_adm": 0.04134726524353027
    }
}