{
    "dataset": "data/mimic4_admissions.csv",
    "algorithm": "rf",
    "params": {
        "colsample_bynode": 0.8,
        "learning_rate": 1,
        "reg_lambda": 1e-05,
        "subsample": 0.8,
        "use_label_encoder": false,
        "objective": "binary:logistic",
        "base_score": 0.5,
        "booster": "gbtree",
        "colsample_bylevel": 1,
        "colsample_bytree": 1,
        "gamma": 0.1,
        "gpu_id": -1,
        "importance_type": "gain",
        "interaction_constraints": "",
        "max_delta_step": 0,
        "max_depth": 6,
        "min_child_weight": 1,
        "missing": NaN,
        "monotone_constraints": "()",
        "n_estimators": 100,
        "n_jobs": 1,
        "num_parallel_tree": 100,
        "random_state": 11643,
        "reg_alpha": 0,
        "scale_pos_weight": 1,
        "tree_method": "exact",
        "validate_parameters": 1,
        "verbosity": null,
        "eval_metric": "logloss"
    },
    "process_time": 12.551526672000001,
    "time_time": 12.587696552276611,
    "random_state": 11643,
    "alpha": 0.05,
    "n_bins": 10,
    "gamma": 0.1,
    "rho": 0.1,
    "roc_auc_train": 0.8709038753215972,
    "auprc_train": 0.7677428233975798,
    "accuracy_train": 0.8126834139970808,
    "MC_loss_train": 0.14003661552458319,
    "PMC_loss_train": 1.07688198936025,
    "DC_loss_train": 0.3348896978753175,
    "roc_auc_test": 0.8704913479619412,
    "auprc_test": 0.7644554452074904,
    "accuracy_test": 0.8111129035975202,
    "MC_loss_test": 0.14363288356546772,
    "PMC_loss_test": 1.1120952738135599,
    "DC_loss_test": 0.473055807321519,
    "feature_importances_": {
        "temperature": 0.017541255801916122,
        "heartrate": 0.0034883010666817427,
        "resprate": 0.023814547806978226,
        "o2sat": 0.05886782705783844,
        "sbp": 0.008638408035039902,
        "dbp": 0.011155855841934681,
        "pain": 0.003018307499587536,
        "acuity": 0.41466444730758667,
        "insurance": 0.011117469519376755,
        "language": 0.001146111055277288,
        "marital_status": 0.00545470742508769,
        "ethnicity": 0.02399543486535549,
        "gender": 0.019292708486318588,
        "anchor_year_group": 0.11808568984270096,
        "prev_visit": 0.23107732832431793,
        "prev_adm": 0.048641618341207504
    }
}