{
    "dataset": "data/mimic4_admissions.csv",
    "algorithm": "rf",
    "params": {
        "colsample_bynode": 0.8,
        "learning_rate": 1,
        "reg_lambda": 1e-05,
        "subsample": 0.8,
        "use_label_encoder": false,
        "objective": "binary:logistic",
        "base_score": 0.5,
        "booster": "gbtree",
        "colsample_bylevel": 1,
        "colsample_bytree": 1,
        "gamma": 0.1,
        "gpu_id": -1,
        "importance_type": "gain",
        "interaction_constraints": "",
        "max_delta_step": 0,
        "max_depth": 6,
        "min_child_weight": 1,
        "missing": NaN,
        "monotone_constraints": "()",
        "n_estimators": 100,
        "n_jobs": 1,
        "num_parallel_tree": 100,
        "random_state": 1504,
        "reg_alpha": 0,
        "scale_pos_weight": 1,
        "tree_method": "exact",
        "validate_parameters": 1,
        "verbosity": null,
        "eval_metric": "logloss"
    },
    "process_time": 13.400375085999999,
    "time_time": 13.425277709960938,
    "random_state": 1504,
    "alpha": 0.05,
    "n_bins": 10,
    "gamma": 0.1,
    "rho": 0.01,
    "roc_auc_train": 0.8702044865330758,
    "auprc_train": 0.7678382205973346,
    "accuracy_train": 0.8120918798494277,
    "MC_loss_train": 0.14523315295529138,
    "PMC_loss_train": 2.993912649977775,
    "DC_loss_train": 0.3543955600964255,
    "roc_auc_test": 0.8716967439407537,
    "auprc_test": 0.765594413265968,
    "accuracy_test": 0.8156299693484824,
    "MC_loss_test": 0.22670651550562876,
    "PMC_loss_test": 2.983969118192115,
    "DC_loss_test": 0.5668035801434107,
    "feature_importances_": {
        "temperature": 0.019191313534975052,
        "heartrate": 0.003650256199762225,
        "resprate": 0.02229914255440235,
        "o2sat": 0.05516517534852028,
        "sbp": 0.012014525011181831,
        "dbp": 0.009159370325505733,
        "pain": 0.002303865272551775,
        "acuity": 0.4046977162361145,
        "insurance": 0.008503591641783714,
        "language": 0.0012705279514193535,
        "marital_status": 0.008570607751607895,
        "ethnicity": 0.027135564014315605,
        "gender": 0.01864231936633587,
        "anchor_year_group": 0.1386483907699585,
        "prev_visit": 0.2179911881685257,
        "prev_adm": 0.050756409764289856
    }
}