{
    "dataset": "data/mimic4_admissions.csv",
    "algorithm": "rf",
    "params": {
        "colsample_bynode": 0.8,
        "learning_rate": 1,
        "reg_lambda": 1e-05,
        "subsample": 0.8,
        "use_label_encoder": false,
        "objective": "binary:logistic",
        "base_score": 0.5,
        "booster": "gbtree",
        "colsample_bylevel": 1,
        "colsample_bytree": 1,
        "gamma": 0.1,
        "gpu_id": -1,
        "importance_type": "gain",
        "interaction_constraints": "",
        "max_delta_step": 0,
        "max_depth": 6,
        "min_child_weight": 1,
        "missing": NaN,
        "monotone_constraints": "()",
        "n_estimators": 100,
        "n_jobs": 1,
        "num_parallel_tree": 100,
        "random_state": 10439,
        "reg_alpha": 0,
        "scale_pos_weight": 1,
        "tree_method": "exact",
        "validate_parameters": 1,
        "verbosity": null,
        "eval_metric": "logloss"
    },
    "process_time": 13.051896687000001,
    "time_time": 13.068772077560425,
    "random_state": 10439,
    "alpha": 0.01,
    "n_bins": 10,
    "gamma": 0.1,
    "rho": 0.1,
    "roc_auc_train": 0.8710455235544512,
    "auprc_train": 0.768765542869381,
    "accuracy_train": 0.8130214335100253,
    "MC_loss_train": 0.13288186094006238,
    "PMC_loss_train": 1.0771353516252473,
    "DC_loss_train": 0.4314612843057778,
    "roc_auc_test": 0.8681024532415603,
    "auprc_test": 0.7610448994091719,
    "accuracy_test": 0.8105597935055656,
    "MC_loss_test": 0.16017393741381947,
    "PMC_loss_test": 1.0949892661685967,
    "DC_loss_test": 0.41614916175795647,
    "feature_importances_": {
        "temperature": 0.011337952688336372,
        "heartrate": 0.004495876841247082,
        "resprate": 0.02141135185956955,
        "o2sat": 0.05597282573580742,
        "sbp": 0.012803081423044205,
        "dbp": 0.015111250802874565,
        "pain": 0.0025532543659210205,
        "acuity": 0.4018641412258148,
        "insurance": 0.011730405502021313,
        "language": 0.0019482641946524382,
        "marital_status": 0.006313785910606384,
        "ethnicity": 0.025113429874181747,
        "gender": 0.01914980076253414,
        "anchor_year_group": 0.1266755610704422,
        "prev_visit": 0.21107469499111176,
        "prev_adm": 0.0724443644285202
    }
}