{
    "dataset": "data/mimic4_admissions.csv",
    "algorithm": "rf",
    "params": {
        "colsample_bynode": 0.8,
        "learning_rate": 1,
        "reg_lambda": 1e-05,
        "subsample": 0.8,
        "use_label_encoder": false,
        "objective": "binary:logistic",
        "base_score": 0.5,
        "booster": "gbtree",
        "colsample_bylevel": 1,
        "colsample_bytree": 1,
        "gamma": 0.05,
        "gpu_id": -1,
        "importance_type": "gain",
        "interaction_constraints": "",
        "max_delta_step": 0,
        "max_depth": 6,
        "min_child_weight": 1,
        "missing": NaN,
        "monotone_constraints": "()",
        "n_estimators": 100,
        "n_jobs": 1,
        "num_parallel_tree": 100,
        "random_state": 12090,
        "reg_alpha": 0,
        "scale_pos_weight": 1,
        "tree_method": "exact",
        "validate_parameters": 1,
        "verbosity": null,
        "eval_metric": "logloss"
    },
    "process_time": 13.229523844000001,
    "time_time": 13.257508754730225,
    "random_state": 12090,
    "alpha": 0.1,
    "n_bins": 10,
    "gamma": 0.05,
    "rho": 0.1,
    "roc_auc_train": 0.8722516407561764,
    "auprc_train": 0.7700226068892341,
    "accuracy_train": 0.8143965583467773,
    "MC_loss_train": 0.15919854093904362,
    "PMC_loss_train": 1.100725567546384,
    "DC_loss_train": 0.43605390772316466,
    "roc_auc_test": 0.8670246728929204,
    "auprc_test": 0.759070911139716,
    "accuracy_test": 0.8103984697287456,
    "MC_loss_test": 0.2947827026699529,
    "PMC_loss_test": 1.9455658376216889,
    "DC_loss_test": 1.1804994481402937,
    "feature_importances_": {
        "temperature": 0.017575498670339584,
        "heartrate": 0.0034949493128806353,
        "resprate": 0.018053356558084488,
        "o2sat": 0.06198345497250557,
        "sbp": 0.012569542042911053,
        "dbp": 0.00985004287213087,
        "pain": 0.002364712068811059,
        "acuity": 0.3970635235309601,
        "insurance": 0.006560939829796553,
        "language": 0.00163146888371557,
        "marital_status": 0.005400540307164192,
        "ethnicity": 0.026064293459057808,
        "gender": 0.018310898914933205,
        "anchor_year_group": 0.1287011057138443,
        "prev_visit": 0.21845269203186035,
        "prev_adm": 0.0719229131937027
    }
}