{
    "dataset": "data/mimic4_admissions.csv",
    "algorithm": "rf",
    "params": {
        "colsample_bynode": 0.8,
        "learning_rate": 1,
        "reg_lambda": 1e-05,
        "subsample": 0.8,
        "use_label_encoder": false,
        "objective": "binary:logistic",
        "base_score": 0.5,
        "booster": "gbtree",
        "colsample_bylevel": 1,
        "colsample_bytree": 1,
        "gamma": 0.1,
        "gpu_id": -1,
        "importance_type": "gain",
        "interaction_constraints": "",
        "max_delta_step": 0,
        "max_depth": 6,
        "min_child_weight": 1,
        "missing": NaN,
        "monotone_constraints": "()",
        "n_estimators": 100,
        "n_jobs": 1,
        "num_parallel_tree": 100,
        "random_state": 7857,
        "reg_alpha": 0,
        "scale_pos_weight": 1,
        "tree_method": "exact",
        "validate_parameters": 1,
        "verbosity": null,
        "eval_metric": "logloss"
    },
    "process_time": 12.514908229,
    "time_time": 12.55078673362732,
    "random_state": 7857,
    "alpha": 0.05,
    "n_bins": 10,
    "gamma": 0.1,
    "rho": 0.01,
    "roc_auc_train": 0.8713851134965647,
    "auprc_train": 0.76813839630712,
    "accuracy_train": 0.8124529461473458,
    "MC_loss_train": 0.12692958224903456,
    "PMC_loss_train": 2.9641325410286137,
    "DC_loss_train": 0.3494199433513483,
    "roc_auc_test": 0.8685180515987749,
    "auprc_test": 0.7639806504940339,
    "accuracy_test": 0.8097992671291282,
    "MC_loss_test": 0.15664580639670878,
    "PMC_loss_test": 2.87106758615245,
    "DC_loss_test": 0.45507466969392196,
    "feature_importances_": {
        "temperature": 0.0160592682659626,
        "heartrate": 0.0030792912002652884,
        "resprate": 0.01896265149116516,
        "o2sat": 0.059869203716516495,
        "sbp": 0.017720473930239677,
        "dbp": 0.008294480852782726,
        "pain": 0.0034572354052215815,
        "acuity": 0.394986629486084,
        "insurance": 0.009025518782436848,
        "language": 0.0009262493695132434,
        "marital_status": 0.0044248574413359165,
        "ethnicity": 0.025989066809415817,
        "gender": 0.019077500328421593,
        "anchor_year_group": 0.12992291152477264,
        "prev_visit": 0.22602586448192596,
        "prev_adm": 0.062178824096918106
    }
}