{
    "dataset": "data/mimic4_admissions.csv",
    "algorithm": "rf",
    "params": {
        "colsample_bynode": 0.8,
        "learning_rate": 1,
        "reg_lambda": 1e-05,
        "subsample": 0.8,
        "use_label_encoder": false,
        "objective": "binary:logistic",
        "base_score": 0.5,
        "booster": "gbtree",
        "colsample_bylevel": 1,
        "colsample_bytree": 1,
        "gamma": 0.05,
        "gpu_id": -1,
        "importance_type": "gain",
        "interaction_constraints": "",
        "max_delta_step": 0,
        "max_depth": 6,
        "min_child_weight": 1,
        "missing": NaN,
        "monotone_constraints": "()",
        "n_estimators": 100,
        "n_jobs": 1,
        "num_parallel_tree": 100,
        "random_state": 13770,
        "reg_alpha": 0,
        "scale_pos_weight": 1,
        "tree_method": "exact",
        "validate_parameters": 1,
        "verbosity": null,
        "eval_metric": "logloss"
    },
    "process_time": 13.559170889,
    "time_time": 13.577175855636597,
    "random_state": 13770,
    "alpha": 0.1,
    "n_bins": 10,
    "gamma": 0.05,
    "rho": 0.05,
    "roc_auc_train": 0.8712839791503357,
    "auprc_train": 0.7686370451503173,
    "accuracy_train": 0.8124375816240301,
    "MC_loss_train": 0.14392910584682178,
    "PMC_loss_train": 2.219348674251952,
    "DC_loss_train": 0.4319912735760396,
    "roc_auc_test": 0.8683773432187261,
    "auprc_test": 0.7592060465798768,
    "accuracy_test": 0.8124034938120809,
    "MC_loss_test": 0.1882213943816246,
    "PMC_loss_test": 2.1795735006770256,
    "DC_loss_test": 0.6306749400589964,
    "feature_importances_": {
        "temperature": 0.01708880625665188,
        "heartrate": 0.003522518090903759,
        "resprate": 0.02243385650217533,
        "o2sat": 0.05073167383670807,
        "sbp": 0.008538126945495605,
        "dbp": 0.009589061141014099,
        "pain": 0.0021741038653999567,
        "acuity": 0.4264850318431854,
        "insurance": 0.00807095505297184,
        "language": 0.003828915534541011,
        "marital_status": 0.005338206421583891,
        "ethnicity": 0.024257490411400795,
        "gender": 0.017358556389808655,
        "anchor_year_group": 0.1371304839849472,
        "prev_visit": 0.19300968945026398,
        "prev_adm": 0.07044260203838348
    }
}