{
    "dataset": "data/mimic4_admissions.csv",
    "algorithm": "rf",
    "params": {
        "colsample_bynode": 0.8,
        "learning_rate": 1,
        "reg_lambda": 1e-05,
        "subsample": 0.8,
        "use_label_encoder": false,
        "objective": "binary:logistic",
        "base_score": 0.5,
        "booster": "gbtree",
        "colsample_bylevel": 1,
        "colsample_bytree": 1,
        "gamma": 0.1,
        "gpu_id": -1,
        "importance_type": "gain",
        "interaction_constraints": "",
        "max_delta_step": 0,
        "max_depth": 6,
        "min_child_weight": 1,
        "missing": NaN,
        "monotone_constraints": "()",
        "n_estimators": 100,
        "n_jobs": 1,
        "num_parallel_tree": 100,
        "random_state": 5015,
        "reg_alpha": 0,
        "scale_pos_weight": 1,
        "tree_method": "exact",
        "validate_parameters": 1,
        "verbosity": null,
        "eval_metric": "logloss"
    },
    "process_time": 12.984426396,
    "time_time": 12.991739988327026,
    "random_state": 5015,
    "alpha": 0.01,
    "n_bins": 10,
    "gamma": 0.1,
    "rho": 0.05,
    "roc_auc_train": 0.8713730652178213,
    "auprc_train": 0.7673026739433436,
    "accuracy_train": 0.8128677882768687,
    "MC_loss_train": 0.17693647361339482,
    "PMC_loss_train": 2.1561286041149366,
    "DC_loss_train": 0.42908055465511397,
    "roc_auc_test": 0.8686041103863412,
    "auprc_test": 0.7653739425213778,
    "accuracy_test": 0.8116199211818119,
    "MC_loss_test": 0.1934827064213,
    "PMC_loss_test": 2.171755444190552,
    "DC_loss_test": 0.5433682604608314,
    "feature_importances_": {
        "temperature": 0.015173922292888165,
        "heartrate": 0.0029849912971258163,
        "resprate": 0.014729287475347519,
        "o2sat": 0.05047193542122841,
        "sbp": 0.013632120564579964,
        "dbp": 0.008186026476323605,
        "pain": 0.0014085388975217938,
        "acuity": 0.4324328303337097,
        "insurance": 0.016624905169010162,
        "language": 0.0023779042530804873,
        "marital_status": 0.004907203838229179,
        "ethnicity": 0.022669680416584015,
        "gender": 0.020768268033862114,
        "anchor_year_group": 0.14177638292312622,
        "prev_visit": 0.2002003788948059,
        "prev_adm": 0.05165565013885498
    }
}