{
    "dataset": "data/mimic4_admissions.csv",
    "algorithm": "rf",
    "params": {
        "colsample_bynode": 0.8,
        "learning_rate": 1,
        "reg_lambda": 1e-05,
        "subsample": 0.8,
        "use_label_encoder": false,
        "objective": "binary:logistic",
        "base_score": 0.5,
        "booster": "gbtree",
        "colsample_bylevel": 1,
        "colsample_bytree": 1,
        "gamma": 0.1,
        "gpu_id": -1,
        "importance_type": "gain",
        "interaction_constraints": "",
        "max_delta_step": 0,
        "max_depth": 6,
        "min_child_weight": 1,
        "missing": NaN,
        "monotone_constraints": "()",
        "n_estimators": 100,
        "n_jobs": 1,
        "num_parallel_tree": 100,
        "random_state": 14324,
        "reg_alpha": 0,
        "scale_pos_weight": 1,
        "tree_method": "exact",
        "validate_parameters": 1,
        "verbosity": null,
        "eval_metric": "logloss"
    },
    "process_time": 13.32755587,
    "time_time": 13.338160037994385,
    "random_state": 14324,
    "alpha": 0.05,
    "n_bins": 10,
    "gamma": 0.1,
    "rho": 0.01,
    "roc_auc_train": 0.8716786880329676,
    "auprc_train": 0.7685058958385073,
    "accuracy_train": 0.8138203887224399,
    "MC_loss_train": 0.16877233522682794,
    "PMC_loss_train": 3.0622276942519577,
    "DC_loss_train": 0.5031199548717434,
    "roc_auc_test": 0.8685279395389043,
    "auprc_test": 0.7655552034317515,
    "accuracy_test": 0.81062893226706,
    "MC_loss_test": 0.32868614059228163,
    "PMC_loss_test": 2.8737310968051295,
    "DC_loss_test": 1.2711783652387916,
    "feature_importances_": {
        "temperature": 0.020884234458208084,
        "heartrate": 0.003987589851021767,
        "resprate": 0.016738250851631165,
        "o2sat": 0.047511618584394455,
        "sbp": 0.020634621381759644,
        "dbp": 0.006946070585399866,
        "pain": 0.0020675966516137123,
        "acuity": 0.4243272542953491,
        "insurance": 0.01272299513220787,
        "language": 5.722718924516812e-05,
        "marital_status": 0.0030398909002542496,
        "ethnicity": 0.025248030200600624,
        "gender": 0.019803738221526146,
        "anchor_year_group": 0.11201175302267075,
        "prev_visit": 0.22350196540355682,
        "prev_adm": 0.06051717326045036
    }
}