{
    "dataset": "data/mimic4_admissions.csv",
    "algorithm": "rf",
    "params": {
        "colsample_bynode": 0.8,
        "learning_rate": 1,
        "reg_lambda": 1e-05,
        "subsample": 0.8,
        "use_label_encoder": false,
        "objective": "binary:logistic",
        "base_score": 0.5,
        "booster": "gbtree",
        "colsample_bylevel": 1,
        "colsample_bytree": 1,
        "gamma": 0.05,
        "gpu_id": -1,
        "importance_type": "gain",
        "interaction_constraints": "",
        "max_delta_step": 0,
        "max_depth": 6,
        "min_child_weight": 1,
        "missing": NaN,
        "monotone_constraints": "()",
        "n_estimators": 100,
        "n_jobs": 1,
        "num_parallel_tree": 100,
        "random_state": 5684,
        "reg_alpha": 0,
        "scale_pos_weight": 1,
        "tree_method": "exact",
        "validate_parameters": 1,
        "verbosity": null,
        "eval_metric": "logloss"
    },
    "process_time": 12.484650088999999,
    "time_time": 12.524823665618896,
    "random_state": 5684,
    "alpha": 0.1,
    "n_bins": 10,
    "gamma": 0.05,
    "rho": 0.01,
    "roc_auc_train": 0.8720573775194662,
    "auprc_train": 0.7685499249409463,
    "accuracy_train": 0.8127756011369748,
    "MC_loss_train": 0.17200574056426093,
    "PMC_loss_train": 3.4123516827821736,
    "DC_loss_train": 0.5417896254759367,
    "roc_auc_test": 0.8694177725625332,
    "auprc_test": 0.764460785104351,
    "accuracy_test": 0.8122652162890922,
    "MC_loss_test": 0.1476645588874817,
    "PMC_loss_test": 3.0143800775951415,
    "DC_loss_test": 0.6405034470745234,
    "feature_importances_": {
        "temperature": 0.0172746479511261,
        "heartrate": 0.0037216569762676954,
        "resprate": 0.019122187048196793,
        "o2sat": 0.05822615697979927,
        "sbp": 0.014017937704920769,
        "dbp": 0.00806040782481432,
        "pain": 0.0024129580706357956,
        "acuity": 0.3883078694343567,
        "insurance": 0.0078772297129035,
        "language": 0.0003892107342835516,
        "marital_status": 0.009145701304078102,
        "ethnicity": 0.030182810500264168,
        "gender": 0.02258998155593872,
        "anchor_year_group": 0.14470592141151428,
        "prev_visit": 0.21870848536491394,
        "prev_adm": 0.05525684356689453
    }
}