{
    "dataset": "data/mimic4_admissions.csv",
    "algorithm": "rf",
    "params": {
        "colsample_bynode": 0.8,
        "learning_rate": 1,
        "reg_lambda": 1e-05,
        "subsample": 0.8,
        "use_label_encoder": false,
        "objective": "binary:logistic",
        "base_score": 0.5,
        "booster": "gbtree",
        "colsample_bylevel": 1,
        "colsample_bytree": 1,
        "gamma": 0.1,
        "gpu_id": -1,
        "importance_type": "gain",
        "interaction_constraints": "",
        "max_delta_step": 0,
        "max_depth": 6,
        "min_child_weight": 1,
        "missing": NaN,
        "monotone_constraints": "()",
        "n_estimators": 100,
        "n_jobs": 1,
        "num_parallel_tree": 100,
        "random_state": 6011,
        "reg_alpha": 0,
        "scale_pos_weight": 1,
        "tree_method": "exact",
        "validate_parameters": 1,
        "verbosity": null,
        "eval_metric": "logloss"
    },
    "process_time": 13.837213838999999,
    "time_time": 13.894553422927856,
    "random_state": 6011,
    "alpha": 0.05,
    "n_bins": 10,
    "gamma": 0.1,
    "rho": 0.05,
    "roc_auc_train": 0.8716099736529898,
    "auprc_train": 0.7688380835434889,
    "accuracy_train": 0.8138434355074133,
    "MC_loss_train": 0.14926693210669606,
    "PMC_loss_train": 2.1611704595821455,
    "DC_loss_train": 0.46789409570951834,
    "roc_auc_test": 0.8690855346595672,
    "auprc_test": 0.7624646315428218,
    "accuracy_test": 0.8112742273743403,
    "MC_loss_test": 0.1524967725400801,
    "PMC_loss_test": 2.155832242581152,
    "DC_loss_test": 0.4131147710104187,
    "feature_importances_": {
        "temperature": 0.015489707700908184,
        "heartrate": 0.0034144988749176264,
        "resprate": 0.026183925569057465,
        "o2sat": 0.06320443749427795,
        "sbp": 0.01756107807159424,
        "dbp": 0.009009410627186298,
        "pain": 0.003925459459424019,
        "acuity": 0.40799424052238464,
        "insurance": 0.008755162358283997,
        "language": 0.0,
        "marital_status": 0.007887783460319042,
        "ethnicity": 0.02341894432902336,
        "gender": 0.01960935816168785,
        "anchor_year_group": 0.11796930432319641,
        "prev_visit": 0.2248406559228897,
        "prev_adm": 0.05073601007461548
    }
}