{
    "dataset": "data/mimic4_admissions.csv",
    "algorithm": "rf",
    "params": {
        "colsample_bynode": 0.8,
        "learning_rate": 1,
        "reg_lambda": 1e-05,
        "subsample": 0.8,
        "use_label_encoder": false,
        "objective": "binary:logistic",
        "base_score": 0.5,
        "booster": "gbtree",
        "colsample_bylevel": 1,
        "colsample_bytree": 1,
        "gamma": 0.05,
        "gpu_id": -1,
        "importance_type": "gain",
        "interaction_constraints": "",
        "max_delta_step": 0,
        "max_depth": 6,
        "min_child_weight": 1,
        "missing": NaN,
        "monotone_constraints": "()",
        "n_estimators": 100,
        "n_jobs": 1,
        "num_parallel_tree": 100,
        "random_state": 2653,
        "reg_alpha": 0,
        "scale_pos_weight": 1,
        "tree_method": "exact",
        "validate_parameters": 1,
        "verbosity": null,
        "eval_metric": "logloss"
    },
    "process_time": 13.721763728,
    "time_time": 13.728548765182495,
    "random_state": 2653,
    "alpha": 0.1,
    "n_bins": 10,
    "gamma": 0.05,
    "rho": 0.05,
    "roc_auc_train": 0.8716761552688406,
    "auprc_train": 0.7687091807581607,
    "accuracy_train": 0.813490051471153,
    "MC_loss_train": 0.15700664887061488,
    "PMC_loss_train": 2.244076382863394,
    "DC_loss_train": 0.5114288900401573,
    "roc_auc_test": 0.8692120512621058,
    "auprc_test": 0.7638279819785458,
    "accuracy_test": 0.8115046899126547,
    "MC_loss_test": 0.15728866236154423,
    "PMC_loss_test": 2.272477809895468,
    "DC_loss_test": 0.5884843273527152,
    "feature_importances_": {
        "temperature": 0.02051638439297676,
        "heartrate": 0.003983326256275177,
        "resprate": 0.023598618805408478,
        "o2sat": 0.05118155479431152,
        "sbp": 0.017074476927518845,
        "dbp": 0.008104540407657623,
        "pain": 0.0020593958906829357,
        "acuity": 0.40877631306648254,
        "insurance": 0.00944893341511488,
        "language": 0.0007270287023857236,
        "marital_status": 0.009319980628788471,
        "ethnicity": 0.024666544049978256,
        "gender": 0.018816780298948288,
        "anchor_year_group": 0.12754306197166443,
        "prev_visit": 0.22435356676578522,
        "prev_adm": 0.04982955753803253
    }
}