{
    "dataset": "data/mimic4_admissions.csv",
    "algorithm": "rf",
    "params": {
        "colsample_bynode": 0.8,
        "learning_rate": 1,
        "reg_lambda": 1e-05,
        "subsample": 0.8,
        "use_label_encoder": false,
        "objective": "binary:logistic",
        "base_score": 0.5,
        "booster": "gbtree",
        "colsample_bylevel": 1,
        "colsample_bytree": 1,
        "gamma": 0.05,
        "gpu_id": -1,
        "importance_type": "gain",
        "interaction_constraints": "",
        "max_delta_step": 0,
        "max_depth": 6,
        "min_child_weight": 1,
        "missing": NaN,
        "monotone_constraints": "()",
        "n_estimators": 100,
        "n_jobs": 1,
        "num_parallel_tree": 100,
        "random_state": 5015,
        "reg_alpha": 0,
        "scale_pos_weight": 1,
        "tree_method": "exact",
        "validate_parameters": 1,
        "verbosity": null,
        "eval_metric": "logloss"
    },
    "process_time": 12.806190312,
    "time_time": 12.812724590301514,
    "random_state": 5015,
    "alpha": 0.1,
    "n_bins": 10,
    "gamma": 0.05,
    "rho": 0.05,
    "roc_auc_train": 0.8713731316188336,
    "auprc_train": 0.7673026906463859,
    "accuracy_train": 0.8128677882768687,
    "MC_loss_train": 0.17693647361339482,
    "PMC_loss_train": 2.2522875917231246,
    "DC_loss_train": 0.44372895631808007,
    "roc_auc_test": 0.868604054484595,
    "auprc_test": 0.7653739297648783,
    "accuracy_test": 0.8116199211818119,
    "MC_loss_test": 0.31895716436978044,
    "PMC_loss_test": 2.312439441680908,
    "DC_loss_test": 1.1893686625950746,
    "feature_importances_": {
        "temperature": 0.015175881795585155,
        "heartrate": 0.0029853766318410635,
        "resprate": 0.014731189236044884,
        "o2sat": 0.05047845095396042,
        "sbp": 0.013544868677854538,
        "dbp": 0.008187083527445793,
        "pain": 0.0014087206218391657,
        "acuity": 0.43248865008354187,
        "insurance": 0.016627050936222076,
        "language": 0.0023782113566994667,
        "marital_status": 0.0048677013255655766,
        "ethnicity": 0.022672606632113457,
        "gender": 0.020770948380231857,
        "anchor_year_group": 0.14179468154907227,
        "prev_visit": 0.20022623240947723,
        "prev_adm": 0.05166231840848923
    }
}