{
    "dataset": "data/mimic4_admissions.csv",
    "algorithm": "rf",
    "params": {
        "colsample_bynode": 0.8,
        "learning_rate": 1,
        "reg_lambda": 1e-05,
        "subsample": 0.8,
        "use_label_encoder": false,
        "objective": "binary:logistic",
        "base_score": 0.5,
        "booster": "gbtree",
        "colsample_bylevel": 1,
        "colsample_bytree": 1,
        "gamma": 0.1,
        "gpu_id": -1,
        "importance_type": "gain",
        "interaction_constraints": "",
        "max_delta_step": 0,
        "max_depth": 6,
        "min_child_weight": 1,
        "missing": NaN,
        "monotone_constraints": "()",
        "n_estimators": 100,
        "n_jobs": 1,
        "num_parallel_tree": 100,
        "random_state": 187,
        "reg_alpha": 0,
        "scale_pos_weight": 1,
        "tree_method": "exact",
        "validate_parameters": 1,
        "verbosity": null,
        "eval_metric": "logloss"
    },
    "process_time": 13.427508309,
    "time_time": 13.434251070022583,
    "random_state": 187,
    "alpha": 0.05,
    "n_bins": 10,
    "gamma": 0.1,
    "rho": 0.01,
    "roc_auc_train": 0.8701538062404364,
    "auprc_train": 0.765474949644058,
    "accuracy_train": 0.8115080279634325,
    "MC_loss_train": 0.14305801008575153,
    "PMC_loss_train": 2.8159689999886117,
    "DC_loss_train": 0.37958838822824414,
    "roc_auc_test": 0.8717552801933557,
    "auprc_test": 0.7704914418996159,
    "accuracy_test": 0.8129105113963725,
    "MC_loss_test": 0.15284640683068174,
    "PMC_loss_test": 3.3567679219085016,
    "DC_loss_test": 0.41878879468501395,
    "feature_importances_": {
        "temperature": 0.018951691687107086,
        "heartrate": 0.0030666848178952932,
        "resprate": 0.01834242045879364,
        "o2sat": 0.05665360391139984,
        "sbp": 0.01209095399826765,
        "dbp": 0.008078738115727901,
        "pain": 0.0013928590342402458,
        "acuity": 0.4393639862537384,
        "insurance": 0.011663403362035751,
        "language": 5.617285205516964e-05,
        "marital_status": 0.007480343338102102,
        "ethnicity": 0.025108689442276955,
        "gender": 0.016572661697864532,
        "anchor_year_group": 0.12760485708713531,
        "prev_visit": 0.21347519755363464,
        "prev_adm": 0.04009774327278137
    }
}