{
    "dataset": "data/mimic4_admissions.csv",
    "algorithm": "rf",
    "params": {
        "colsample_bynode": 0.8,
        "learning_rate": 1,
        "reg_lambda": 1e-05,
        "subsample": 0.8,
        "use_label_encoder": false,
        "objective": "binary:logistic",
        "base_score": 0.5,
        "booster": "gbtree",
        "colsample_bylevel": 1,
        "colsample_bytree": 1,
        "gamma": 0.1,
        "gpu_id": -1,
        "importance_type": "gain",
        "interaction_constraints": "",
        "max_delta_step": 0,
        "max_depth": 6,
        "min_child_weight": 1,
        "missing": NaN,
        "monotone_constraints": "()",
        "n_estimators": 100,
        "n_jobs": 1,
        "num_parallel_tree": 100,
        "random_state": 526,
        "reg_alpha": 0,
        "scale_pos_weight": 1,
        "tree_method": "exact",
        "validate_parameters": 1,
        "verbosity": null,
        "eval_metric": "logloss"
    },
    "process_time": 12.608248596000001,
    "time_time": 12.650203704833984,
    "random_state": 526,
    "alpha": 0.01,
    "n_bins": 10,
    "gamma": 0.1,
    "rho": 0.1,
    "roc_auc_train": 0.8718403967230166,
    "auprc_train": 0.7685944020131108,
    "accuracy_train": 0.8127064607820542,
    "MC_loss_train": 0.15089892360988078,
    "PMC_loss_train": 1.0763950642662967,
    "DC_loss_train": 0.4810529598648855,
    "roc_auc_test": 0.8689522183286387,
    "auprc_test": 0.7656745750644697,
    "accuracy_test": 0.8123113087967551,
    "MC_loss_test": 0.14022041270227142,
    "PMC_loss_test": 1.0882657960994249,
    "DC_loss_test": 0.38705564671336223,
    "feature_importances_": {
        "temperature": 0.013003348372876644,
        "heartrate": 0.004584605805575848,
        "resprate": 0.020166877657175064,
        "o2sat": 0.06419321894645691,
        "sbp": 0.01645023003220558,
        "dbp": 0.00915288645774126,
        "pain": 0.0019127411069348454,
        "acuity": 0.4071953296661377,
        "insurance": 0.010481107980012894,
        "language": 0.0015891256043687463,
        "marital_status": 0.0055510494858026505,
        "ethnicity": 0.027134357020258904,
        "gender": 0.02001441828906536,
        "anchor_year_group": 0.11041461676359177,
        "prev_visit": 0.22409404814243317,
        "prev_adm": 0.06406201422214508
    }
}