{
    "dataset": "data/mimic4_admissions.csv",
    "algorithm": "rf",
    "params": {
        "colsample_bynode": 0.8,
        "learning_rate": 1,
        "reg_lambda": 1e-05,
        "subsample": 0.8,
        "use_label_encoder": false,
        "objective": "binary:logistic",
        "base_score": 0.5,
        "booster": "gbtree",
        "colsample_bylevel": 1,
        "colsample_bytree": 1,
        "gamma": 0.1,
        "gpu_id": -1,
        "importance_type": "gain",
        "interaction_constraints": "",
        "max_delta_step": 0,
        "max_depth": 6,
        "min_child_weight": 1,
        "missing": NaN,
        "monotone_constraints": "()",
        "n_estimators": 100,
        "n_jobs": 1,
        "num_parallel_tree": 100,
        "random_state": 8506,
        "reg_alpha": 0,
        "scale_pos_weight": 1,
        "tree_method": "exact",
        "validate_parameters": 1,
        "verbosity": null,
        "eval_metric": "logloss"
    },
    "process_time": 13.568367444,
    "time_time": 13.576601505279541,
    "random_state": 8506,
    "alpha": 0.1,
    "n_bins": 10,
    "gamma": 0.1,
    "rho": 0.01,
    "roc_auc_train": 0.8712926810581589,
    "auprc_train": 0.7671660323460043,
    "accuracy_train": 0.8143351002535146,
    "MC_loss_train": 0.13209017651193095,
    "PMC_loss_train": 2.964309709860866,
    "DC_loss_train": 0.38562227165123586,
    "roc_auc_test": 0.869180599390579,
    "auprc_test": 0.7671161400433419,
    "accuracy_test": 0.8113433661358346,
    "MC_loss_test": 0.21247819725391084,
    "PMC_loss_test": 2.720985549309897,
    "DC_loss_test": 0.7850330475481592,
    "feature_importances_": {
        "temperature": 0.020320475101470947,
        "heartrate": 0.004847281146794558,
        "resprate": 0.023643653839826584,
        "o2sat": 0.053625185042619705,
        "sbp": 0.015704946592450142,
        "dbp": 0.009542891755700111,
        "pain": 0.0022953450679779053,
        "acuity": 0.40031054615974426,
        "insurance": 0.00965103879570961,
        "language": 0.0014875520719215274,
        "marital_status": 0.008852166123688221,
        "ethnicity": 0.02476208098232746,
        "gender": 0.020991455763578415,
        "anchor_year_group": 0.09994612634181976,
        "prev_visit": 0.24239306151866913,
        "prev_adm": 0.06162618100643158
    }
}