{
    "dataset": "data/mimic4_admissions.csv",
    "algorithm": "rf",
    "params": {
        "colsample_bynode": 0.8,
        "learning_rate": 1,
        "reg_lambda": 1e-05,
        "subsample": 0.8,
        "use_label_encoder": false,
        "objective": "binary:logistic",
        "base_score": 0.5,
        "booster": "gbtree",
        "colsample_bylevel": 1,
        "colsample_bytree": 1,
        "gamma": 0.1,
        "gpu_id": -1,
        "importance_type": "gain",
        "interaction_constraints": "",
        "max_delta_step": 0,
        "max_depth": 6,
        "min_child_weight": 1,
        "missing": NaN,
        "monotone_constraints": "()",
        "n_estimators": 100,
        "n_jobs": 1,
        "num_parallel_tree": 100,
        "random_state": 12063,
        "reg_alpha": 0,
        "scale_pos_weight": 1,
        "tree_method": "exact",
        "validate_parameters": 1,
        "verbosity": null,
        "eval_metric": "logloss"
    },
    "process_time": 12.922833738,
    "time_time": 12.931219816207886,
    "random_state": 12063,
    "alpha": 0.05,
    "n_bins": 10,
    "gamma": 0.1,
    "rho": 0.01,
    "roc_auc_train": 0.8716285550388732,
    "auprc_train": 0.7691630417134994,
    "accuracy_train": 0.8127525543520012,
    "MC_loss_train": 0.13398804528372626,
    "PMC_loss_train": 3.0748153630384185,
    "DC_loss_train": 0.4317938125018689,
    "roc_auc_test": 0.8679364520426425,
    "auprc_test": 0.7645602498140521,
    "accuracy_test": 0.8115507824203175,
    "MC_loss_test": 0.1523218475006245,
    "PMC_loss_test": 2.62229376415513,
    "DC_loss_test": 0.4954003163887728,
    "feature_importances_": {
        "temperature": 0.015018531121313572,
        "heartrate": 0.00442511448636651,
        "resprate": 0.023428022861480713,
        "o2sat": 0.05361168086528778,
        "sbp": 0.012399546802043915,
        "dbp": 0.010664197616279125,
        "pain": 0.003223676700145006,
        "acuity": 0.43049147725105286,
        "insurance": 0.0117274709045887,
        "language": 0.0016572963213548064,
        "marital_status": 0.0036434936337172985,
        "ethnicity": 0.024150550365447998,
        "gender": 0.018913578242063522,
        "anchor_year_group": 0.12752863764762878,
        "prev_visit": 0.21855658292770386,
        "prev_adm": 0.04056011512875557
    }
}