{
    "dataset": "data/mimic4_admissions.csv",
    "algorithm": "rf",
    "params": {
        "colsample_bynode": 0.8,
        "learning_rate": 1,
        "reg_lambda": 1e-05,
        "subsample": 0.8,
        "use_label_encoder": false,
        "objective": "binary:logistic",
        "base_score": 0.5,
        "booster": "gbtree",
        "colsample_bylevel": 1,
        "colsample_bytree": 1,
        "gamma": 0.1,
        "gpu_id": -1,
        "importance_type": "gain",
        "interaction_constraints": "",
        "max_delta_step": 0,
        "max_depth": 6,
        "min_child_weight": 1,
        "missing": NaN,
        "monotone_constraints": "()",
        "n_estimators": 100,
        "n_jobs": 1,
        "num_parallel_tree": 100,
        "random_state": 2653,
        "reg_alpha": 0,
        "scale_pos_weight": 1,
        "tree_method": "exact",
        "validate_parameters": 1,
        "verbosity": null,
        "eval_metric": "logloss"
    },
    "process_time": 12.233385566,
    "time_time": 12.267947673797607,
    "random_state": 2653,
    "alpha": 0.05,
    "n_bins": 10,
    "gamma": 0.1,
    "rho": 0.05,
    "roc_auc_train": 0.871676020989567,
    "auprc_train": 0.7687091354095041,
    "accuracy_train": 0.813490051471153,
    "MC_loss_train": 0.1489241604010264,
    "PMC_loss_train": 2.182596113271774,
    "DC_loss_train": 0.4589785757055602,
    "roc_auc_test": 0.8692119915747056,
    "auprc_test": 0.7638279543655329,
    "accuracy_test": 0.8115046899126547,
    "MC_loss_test": 0.14621756692509075,
    "PMC_loss_test": 2.192762288574622,
    "DC_loss_test": 0.5510746146448381,
    "feature_importances_": {
        "temperature": 0.020574556663632393,
        "heartrate": 0.003982758615165949,
        "resprate": 0.023595254868268967,
        "o2sat": 0.05117425695061684,
        "sbp": 0.01712583750486374,
        "dbp": 0.008103384636342525,
        "pain": 0.0020867290440946817,
        "acuity": 0.4087180495262146,
        "insurance": 0.009447585791349411,
        "language": 0.0007269250345416367,
        "marital_status": 0.009318651631474495,
        "ethnicity": 0.024663027375936508,
        "gender": 0.018814098089933395,
        "anchor_year_group": 0.12752488255500793,
        "prev_visit": 0.22432157397270203,
        "prev_adm": 0.04982245713472366
    }
}