{
    "dataset": "data/mimic4_admissions.csv",
    "algorithm": "rf",
    "params": {
        "colsample_bynode": 0.8,
        "learning_rate": 1,
        "reg_lambda": 1e-05,
        "subsample": 0.8,
        "use_label_encoder": false,
        "objective": "binary:logistic",
        "base_score": 0.5,
        "booster": "gbtree",
        "colsample_bylevel": 1,
        "colsample_bytree": 1,
        "gamma": 0.05,
        "gpu_id": -1,
        "importance_type": "gain",
        "interaction_constraints": "",
        "max_delta_step": 0,
        "max_depth": 6,
        "min_child_weight": 1,
        "missing": NaN,
        "monotone_constraints": "()",
        "n_estimators": 100,
        "n_jobs": 1,
        "num_parallel_tree": 100,
        "random_state": 107,
        "reg_alpha": 0,
        "scale_pos_weight": 1,
        "tree_method": "exact",
        "validate_parameters": 1,
        "verbosity": null,
        "eval_metric": "logloss"
    },
    "process_time": 13.430208048,
    "time_time": 13.47839069366455,
    "random_state": 107,
    "alpha": 0.01,
    "n_bins": 10,
    "gamma": 0.05,
    "rho": 0.05,
    "roc_auc_train": 0.8715634586357826,
    "auprc_train": 0.7688499980223624,
    "accuracy_train": 0.8126987785203964,
    "MC_loss_train": 0.20432582434187546,
    "PMC_loss_train": 2.2508636171010368,
    "DC_loss_train": 0.620436717779136,
    "roc_auc_test": 0.8696379195812722,
    "auprc_test": 0.7645787818371993,
    "accuracy_test": 0.8099836371597797,
    "MC_loss_test": 0.3378888885180156,
    "PMC_loss_test": 2.534166663885117,
    "DC_loss_test": 1.1327655709933266,
    "feature_importances_": {
        "temperature": 0.017861908301711082,
        "heartrate": 0.004294828046113253,
        "resprate": 0.021469607949256897,
        "o2sat": 0.05935833230614662,
        "sbp": 0.013578996062278748,
        "dbp": 0.005629653111100197,
        "pain": 0.002931890543550253,
        "acuity": 0.39997461438179016,
        "insurance": 0.009030022658407688,
        "language": 6.078313526813872e-05,
        "marital_status": 0.009075633250176907,
        "ethnicity": 0.028050819411873817,
        "gender": 0.01957588456571102,
        "anchor_year_group": 0.10811816155910492,
        "prev_visit": 0.2443520426750183,
        "prev_adm": 0.05663684010505676
    }
}