{
    "dataset": "data/mimic4_admissions.csv",
    "algorithm": "rf",
    "params": {
        "colsample_bynode": 0.8,
        "learning_rate": 1,
        "reg_lambda": 1e-05,
        "subsample": 0.8,
        "use_label_encoder": false,
        "objective": "binary:logistic",
        "base_score": 0.5,
        "booster": "gbtree",
        "colsample_bylevel": 1,
        "colsample_bytree": 1,
        "gamma": 0.05,
        "gpu_id": -1,
        "importance_type": "gain",
        "interaction_constraints": "",
        "max_delta_step": 0,
        "max_depth": 6,
        "min_child_weight": 1,
        "missing": NaN,
        "monotone_constraints": "()",
        "n_estimators": 100,
        "n_jobs": 1,
        "num_parallel_tree": 100,
        "random_state": 13301,
        "reg_alpha": 0,
        "scale_pos_weight": 1,
        "tree_method": "exact",
        "validate_parameters": 1,
        "verbosity": null,
        "eval_metric": "logloss"
    },
    "process_time": 13.544289089,
    "time_time": 13.570902347564697,
    "random_state": 13301,
    "alpha": 0.1,
    "n_bins": 10,
    "gamma": 0.05,
    "rho": 0.01,
    "roc_auc_train": 0.8707113339487356,
    "auprc_train": 0.7669650557207004,
    "accuracy_train": 0.8129138818468157,
    "MC_loss_train": 0.2276853134757594,
    "PMC_loss_train": 3.135655145604573,
    "DC_loss_train": 0.6680363721180383,
    "roc_auc_test": 0.8711497417221951,
    "auprc_test": 0.7671047385418523,
    "accuracy_test": 0.8141089165956074,
    "MC_loss_test": 0.16290936971965592,
    "PMC_loss_test": 3.9489902401411974,
    "DC_loss_test": 0.5943507652198883,
    "feature_importances_": {
        "temperature": 0.01575406827032566,
        "heartrate": 0.003323966870084405,
        "resprate": 0.021688902750611305,
        "o2sat": 0.05174653232097626,
        "sbp": 0.015027780085802078,
        "dbp": 0.007769394665956497,
        "pain": 0.001857567811384797,
        "acuity": 0.4266270399093628,
        "insurance": 0.006860246881842613,
        "language": 0.0016917400062084198,
        "marital_status": 0.004784426651895046,
        "ethnicity": 0.02533283829689026,
        "gender": 0.016932742670178413,
        "anchor_year_group": 0.12584882974624634,
        "prev_visit": 0.21724340319633484,
        "prev_adm": 0.057510506361722946
    }
}