{
    "dataset": "data/mimic4_admissions.csv",
    "algorithm": "rf",
    "params": {
        "colsample_bynode": 0.8,
        "learning_rate": 1,
        "reg_lambda": 1e-05,
        "subsample": 0.8,
        "use_label_encoder": false,
        "objective": "binary:logistic",
        "base_score": 0.5,
        "booster": "gbtree",
        "colsample_bylevel": 1,
        "colsample_bytree": 1,
        "gamma": 0.05,
        "gpu_id": -1,
        "importance_type": "gain",
        "interaction_constraints": "",
        "max_delta_step": 0,
        "max_depth": 6,
        "min_child_weight": 1,
        "missing": NaN,
        "monotone_constraints": "()",
        "n_estimators": 100,
        "n_jobs": 1,
        "num_parallel_tree": 100,
        "random_state": 4051,
        "reg_alpha": 0,
        "scale_pos_weight": 1,
        "tree_method": "exact",
        "validate_parameters": 1,
        "verbosity": null,
        "eval_metric": "logloss"
    },
    "process_time": 13.14284331,
    "time_time": 13.151012420654297,
    "random_state": 4051,
    "alpha": 0.01,
    "n_bins": 10,
    "gamma": 0.05,
    "rho": 0.1,
    "roc_auc_train": 0.8703004397902281,
    "auprc_train": 0.7658224656824537,
    "accuracy_train": 0.812806330183606,
    "MC_loss_train": 0.15280003370122708,
    "PMC_loss_train": 1.1062469245050521,
    "DC_loss_train": 0.4826671421361687,
    "roc_auc_test": 0.872294620369742,
    "auprc_test": 0.7705983348605183,
    "accuracy_test": 0.8133714364730014,
    "MC_loss_test": 0.1602049535826633,
    "PMC_loss_test": 1.1658400436637861,
    "DC_loss_test": 0.6244688132619991,
    "feature_importances_": {
        "temperature": 0.016191506758332253,
        "heartrate": 0.00418119179084897,
        "resprate": 0.01568683050572872,
        "o2sat": 0.05863526836037636,
        "sbp": 0.01651044562458992,
        "dbp": 0.008185873739421368,
        "pain": 0.0021531570237129927,
        "acuity": 0.41615235805511475,
        "insurance": 0.012110560201108456,
        "language": 0.0007215049117803574,
        "marital_status": 0.00636856397613883,
        "ethnicity": 0.022140441462397575,
        "gender": 0.017787765711545944,
        "anchor_year_group": 0.11214857548475266,
        "prev_visit": 0.21843348443508148,
        "prev_adm": 0.07259251177310944
    }
}