{
    "dataset": "data/mimic4_admissions.csv",
    "algorithm": "rf",
    "params": {
        "colsample_bynode": 0.8,
        "learning_rate": 1,
        "reg_lambda": 1e-05,
        "subsample": 0.8,
        "use_label_encoder": false,
        "objective": "binary:logistic",
        "base_score": 0.5,
        "booster": "gbtree",
        "colsample_bylevel": 1,
        "colsample_bytree": 1,
        "gamma": 0.1,
        "gpu_id": -1,
        "importance_type": "gain",
        "interaction_constraints": "",
        "max_delta_step": 0,
        "max_depth": 6,
        "min_child_weight": 1,
        "missing": NaN,
        "monotone_constraints": "()",
        "n_estimators": 100,
        "n_jobs": 1,
        "num_parallel_tree": 100,
        "random_state": 13286,
        "reg_alpha": 0,
        "scale_pos_weight": 1,
        "tree_method": "exact",
        "validate_parameters": 1,
        "verbosity": null,
        "eval_metric": "logloss"
    },
    "process_time": 13.505607947,
    "time_time": 13.564579725265503,
    "random_state": 13286,
    "alpha": 0.01,
    "n_bins": 10,
    "gamma": 0.1,
    "rho": 0.01,
    "roc_auc_train": 0.8723755744129074,
    "auprc_train": 0.768851031981458,
    "accuracy_train": 0.813313359453023,
    "MC_loss_train": 0.13406386056668435,
    "PMC_loss_train": 2.8347454682776805,
    "DC_loss_train": 0.33885031436178936,
    "roc_auc_test": 0.8692199133496755,
    "auprc_test": 0.7667787955021473,
    "accuracy_test": 0.8098223133829596,
    "MC_loss_test": 0.13163647589398852,
    "PMC_loss_test": 3.635952697009653,
    "DC_loss_test": 0.6068823902136575,
    "feature_importances_": {
        "temperature": 0.014468387700617313,
        "heartrate": 0.002380686579272151,
        "resprate": 0.021115705370903015,
        "o2sat": 0.059210047125816345,
        "sbp": 0.01633802428841591,
        "dbp": 0.008108888752758503,
        "pain": 0.002247004536911845,
        "acuity": 0.41537854075431824,
        "insurance": 0.008900601416826248,
        "language": 0.0009797181701287627,
        "marital_status": 0.004910773131996393,
        "ethnicity": 0.021269580349326134,
        "gender": 0.01746370643377304,
        "anchor_year_group": 0.14327803254127502,
        "prev_visit": 0.22122745215892792,
        "prev_adm": 0.04272288456559181
    }
}