{
    "dataset": "data/mimic4_admissions.csv",
    "algorithm": "rf",
    "params": {
        "colsample_bynode": 0.8,
        "learning_rate": 1,
        "reg_lambda": 1e-05,
        "subsample": 0.8,
        "use_label_encoder": false,
        "objective": "binary:logistic",
        "base_score": 0.5,
        "booster": "gbtree",
        "colsample_bylevel": 1,
        "colsample_bytree": 1,
        "gamma": 0.1,
        "gpu_id": -1,
        "importance_type": "gain",
        "interaction_constraints": "",
        "max_delta_step": 0,
        "max_depth": 6,
        "min_child_weight": 1,
        "missing": NaN,
        "monotone_constraints": "()",
        "n_estimators": 100,
        "n_jobs": 1,
        "num_parallel_tree": 100,
        "random_state": 4478,
        "reg_alpha": 0,
        "scale_pos_weight": 1,
        "tree_method": "exact",
        "validate_parameters": 1,
        "verbosity": null,
        "eval_metric": "logloss"
    },
    "process_time": 12.937171373,
    "time_time": 12.942906141281128,
    "random_state": 4478,
    "alpha": 0.05,
    "n_bins": 10,
    "gamma": 0.1,
    "rho": 0.05,
    "roc_auc_train": 0.8716849350571736,
    "auprc_train": 0.768917668000005,
    "accuracy_train": 0.8135207805177844,
    "MC_loss_train": 0.15349444690024017,
    "PMC_loss_train": 2.185410339279944,
    "DC_loss_train": 0.41817175937727924,
    "roc_auc_test": 0.8685093956139698,
    "auprc_test": 0.7638241181694277,
    "accuracy_test": 0.8106980710285543,
    "MC_loss_test": 0.16656545400619505,
    "PMC_loss_test": 2.196301727583914,
    "DC_loss_test": 0.5581197752668986,
    "feature_importances_": {
        "temperature": 0.01785396784543991,
        "heartrate": 0.003119812114164233,
        "resprate": 0.02277321182191372,
        "o2sat": 0.05819926783442497,
        "sbp": 0.017301930114626884,
        "dbp": 0.006922212895005941,
        "pain": 0.002750428393483162,
        "acuity": 0.4077621400356293,
        "insurance": 0.009909950196743011,
        "language": 5.143013913766481e-05,
        "marital_status": 0.005624362267553806,
        "ethnicity": 0.02501245215535164,
        "gender": 0.019744563847780228,
        "anchor_year_group": 0.13010171055793762,
        "prev_visit": 0.20547690987586975,
        "prev_adm": 0.06739570200443268
    }
}