{
    "dataset": "data/mimic4_admissions.csv",
    "algorithm": "rf",
    "params": {
        "colsample_bynode": 0.8,
        "learning_rate": 1,
        "reg_lambda": 1e-05,
        "subsample": 0.8,
        "use_label_encoder": false,
        "objective": "binary:logistic",
        "base_score": 0.5,
        "booster": "gbtree",
        "colsample_bylevel": 1,
        "colsample_bytree": 1,
        "gamma": 0.05,
        "gpu_id": -1,
        "importance_type": "gain",
        "interaction_constraints": "",
        "max_delta_step": 0,
        "max_depth": 6,
        "min_child_weight": 1,
        "missing": NaN,
        "monotone_constraints": "()",
        "n_estimators": 100,
        "n_jobs": 1,
        "num_parallel_tree": 100,
        "random_state": 15525,
        "reg_alpha": 0,
        "scale_pos_weight": 1,
        "tree_method": "exact",
        "validate_parameters": 1,
        "verbosity": null,
        "eval_metric": "logloss"
    },
    "process_time": 13.194194313,
    "time_time": 13.20531964302063,
    "random_state": 15525,
    "alpha": 0.05,
    "n_bins": 10,
    "gamma": 0.05,
    "rho": 0.05,
    "roc_auc_train": 0.8711044426620693,
    "auprc_train": 0.7671625836893687,
    "accuracy_train": 0.8134362756395482,
    "MC_loss_train": 0.17092717881221697,
    "PMC_loss_train": 2.240210632773211,
    "DC_loss_train": 0.43831983438728717,
    "roc_auc_test": 0.8703459180069386,
    "auprc_test": 0.7652489255427453,
    "accuracy_test": 0.8121960775275979,
    "MC_loss_test": 0.1431376745581998,
    "PMC_loss_test": 2.2514591474843613,
    "DC_loss_test": 0.4914728952501757,
    "feature_importances_": {
        "temperature": 0.018847540020942688,
        "heartrate": 0.0034549986012279987,
        "resprate": 0.014136804267764091,
        "o2sat": 0.05952554941177368,
        "sbp": 0.01419576071202755,
        "dbp": 0.010196825489401817,
        "pain": 0.0037712359335273504,
        "acuity": 0.40654468536376953,
        "insurance": 0.009195265360176563,
        "language": 5.517604586202651e-05,
        "marital_status": 0.005120860878378153,
        "ethnicity": 0.02646646834909916,
        "gender": 0.019461726769804955,
        "anchor_year_group": 0.13713009655475616,
        "prev_visit": 0.21582505106925964,
        "prev_adm": 0.0560719333589077
    }
}