{
    "dataset": "data/mimic4_admissions.csv",
    "algorithm": "rf",
    "params": {
        "colsample_bynode": 0.8,
        "learning_rate": 1,
        "reg_lambda": 1e-05,
        "subsample": 0.8,
        "use_label_encoder": false,
        "objective": "binary:logistic",
        "base_score": 0.5,
        "booster": "gbtree",
        "colsample_bylevel": 1,
        "colsample_bytree": 1,
        "gamma": 0.1,
        "gpu_id": -1,
        "importance_type": "gain",
        "interaction_constraints": "",
        "max_delta_step": 0,
        "max_depth": 6,
        "min_child_weight": 1,
        "missing": NaN,
        "monotone_constraints": "()",
        "n_estimators": 100,
        "n_jobs": 1,
        "num_parallel_tree": 100,
        "random_state": 14982,
        "reg_alpha": 0,
        "scale_pos_weight": 1,
        "tree_method": "exact",
        "validate_parameters": 1,
        "verbosity": null,
        "eval_metric": "logloss"
    },
    "process_time": 13.920726531,
    "time_time": 13.935924530029297,
    "random_state": 14982,
    "alpha": 0.1,
    "n_bins": 10,
    "gamma": 0.1,
    "rho": 0.1,
    "roc_auc_train": 0.8714885205197269,
    "auprc_train": 0.7687530254805023,
    "accuracy_train": 0.8130137512483675,
    "MC_loss_train": 0.13282220075594497,
    "PMC_loss_train": 1.0780020437264433,
    "DC_loss_train": 0.37266709026715894,
    "roc_auc_test": 0.8685704571670393,
    "auprc_test": 0.7625021150602547,
    "accuracy_test": 0.8142702403724275,
    "MC_loss_test": 0.18779418236426726,
    "PMC_loss_test": 1.1062369015001632,
    "DC_loss_test": 0.6115560396855639,
    "feature_importances_": {
        "temperature": 0.01706465519964695,
        "heartrate": 0.005215393844991922,
        "resprate": 0.01605060324072838,
        "o2sat": 0.0533350370824337,
        "sbp": 0.013852020725607872,
        "dbp": 0.010199671611189842,
        "pain": 0.002386095467954874,
        "acuity": 0.412484735250473,
        "insurance": 0.010188646614551544,
        "language": 0.0012521613389253616,
        "marital_status": 0.007087132427841425,
        "ethnicity": 0.024338312447071075,
        "gender": 0.016835801303386688,
        "anchor_year_group": 0.1175740584731102,
        "prev_visit": 0.22684141993522644,
        "prev_adm": 0.06529419869184494
    }
}