{
    "dataset": "data/mimic4_admissions.csv",
    "algorithm": "rf",
    "params": {
        "colsample_bynode": 0.8,
        "learning_rate": 1,
        "reg_lambda": 1e-05,
        "subsample": 0.8,
        "use_label_encoder": false,
        "objective": "binary:logistic",
        "base_score": 0.5,
        "booster": "gbtree",
        "colsample_bylevel": 1,
        "colsample_bytree": 1,
        "gamma": 0.05,
        "gpu_id": -1,
        "importance_type": "gain",
        "interaction_constraints": "",
        "max_delta_step": 0,
        "max_depth": 6,
        "min_child_weight": 1,
        "missing": NaN,
        "monotone_constraints": "()",
        "n_estimators": 100,
        "n_jobs": 1,
        "num_parallel_tree": 100,
        "random_state": 14635,
        "reg_alpha": 0,
        "scale_pos_weight": 1,
        "tree_method": "exact",
        "validate_parameters": 1,
        "verbosity": null,
        "eval_metric": "logloss"
    },
    "process_time": 12.480648114000001,
    "time_time": 12.516400814056396,
    "random_state": 14635,
    "alpha": 0.01,
    "n_bins": 10,
    "gamma": 0.05,
    "rho": 0.05,
    "roc_auc_train": 0.871550301798556,
    "auprc_train": 0.7676197350658185,
    "accuracy_train": 0.8130521625566567,
    "MC_loss_train": 0.19011191981179376,
    "PMC_loss_train": 2.2612797458490688,
    "DC_loss_train": 0.5958840828438842,
    "roc_auc_test": 0.8697971402185838,
    "auprc_test": 0.767353047046693,
    "accuracy_test": 0.8131870664423498,
    "MC_loss_test": 0.19816845914591913,
    "PMC_loss_test": 2.158397944595609,
    "DC_loss_test": 0.6633336516972551,
    "feature_importances_": {
        "temperature": 0.014788554050028324,
        "heartrate": 0.004589347168803215,
        "resprate": 0.02324938029050827,
        "o2sat": 0.054589562118053436,
        "sbp": 0.013479084707796574,
        "dbp": 0.010844964534044266,
        "pain": 0.004867914132773876,
        "acuity": 0.4192807674407959,
        "insurance": 0.0072535863146185875,
        "language": 0.0,
        "marital_status": 0.009380398318171501,
        "ethnicity": 0.025217704474925995,
        "gender": 0.017411472275853157,
        "anchor_year_group": 0.12383982539176941,
        "prev_visit": 0.212627112865448,
        "prev_adm": 0.05858031287789345
    }
}