{
    "dataset": "data/mimic4_admissions.csv",
    "algorithm": "rf",
    "params": {
        "colsample_bynode": 0.8,
        "learning_rate": 1,
        "reg_lambda": 1e-05,
        "subsample": 0.8,
        "use_label_encoder": false,
        "objective": "binary:logistic",
        "base_score": 0.5,
        "booster": "gbtree",
        "colsample_bylevel": 1,
        "colsample_bytree": 1,
        "gamma": 0.05,
        "gpu_id": -1,
        "importance_type": "gain",
        "interaction_constraints": "",
        "max_delta_step": 0,
        "max_depth": 6,
        "min_child_weight": 1,
        "missing": NaN,
        "monotone_constraints": "()",
        "n_estimators": 100,
        "n_jobs": 1,
        "num_parallel_tree": 100,
        "random_state": 11347,
        "reg_alpha": 0,
        "scale_pos_weight": 1,
        "tree_method": "exact",
        "validate_parameters": 1,
        "verbosity": null,
        "eval_metric": "logloss"
    },
    "process_time": 12.189660949999999,
    "time_time": 12.22489333152771,
    "random_state": 11347,
    "alpha": 0.1,
    "n_bins": 10,
    "gamma": 0.05,
    "rho": 0.1,
    "roc_auc_train": 0.8718007858261627,
    "auprc_train": 0.7692351716351048,
    "accuracy_train": 0.8133824998079434,
    "MC_loss_train": 0.16246269430433002,
    "PMC_loss_train": 1.111491916507017,
    "DC_loss_train": 0.4753086814754288,
    "roc_auc_test": 0.8693419630580663,
    "auprc_test": 0.7634596195360763,
    "accuracy_test": 0.8131870664423498,
    "MC_loss_test": 0.18239559755696877,
    "PMC_loss_test": 1.337558352947235,
    "DC_loss_test": 0.8086019264567377,
    "feature_importances_": {
        "temperature": 0.01806670054793358,
        "heartrate": 0.0031549292616546154,
        "resprate": 0.023410696536302567,
        "o2sat": 0.05599743500351906,
        "sbp": 0.008113514631986618,
        "dbp": 0.011082612909376621,
        "pain": 0.0017128465697169304,
        "acuity": 0.40439048409461975,
        "insurance": 0.010552212595939636,
        "language": 0.0012650961289182305,
        "marital_status": 0.006687541026622057,
        "ethnicity": 0.025041155517101288,
        "gender": 0.017912864685058594,
        "anchor_year_group": 0.13101422786712646,
        "prev_visit": 0.22546957433223724,
        "prev_adm": 0.05612817779183388
    }
}