{
    "dataset": "data/mimic4_admissions.csv",
    "algorithm": "rf",
    "params": {
        "colsample_bynode": 0.8,
        "learning_rate": 1,
        "reg_lambda": 1e-05,
        "subsample": 0.8,
        "use_label_encoder": false,
        "objective": "binary:logistic",
        "base_score": 0.5,
        "booster": "gbtree",
        "colsample_bylevel": 1,
        "colsample_bytree": 1,
        "gamma": 0.05,
        "gpu_id": -1,
        "importance_type": "gain",
        "interaction_constraints": "",
        "max_delta_step": 0,
        "max_depth": 6,
        "min_child_weight": 1,
        "missing": NaN,
        "monotone_constraints": "()",
        "n_estimators": 100,
        "n_jobs": 1,
        "num_parallel_tree": 100,
        "random_state": 7139,
        "reg_alpha": 0,
        "scale_pos_weight": 1,
        "tree_method": "exact",
        "validate_parameters": 1,
        "verbosity": null,
        "eval_metric": "logloss"
    },
    "process_time": 11.849171475999999,
    "time_time": 11.884862899780273,
    "random_state": 7139,
    "alpha": 0.05,
    "n_bins": 10,
    "gamma": 0.05,
    "rho": 0.1,
    "roc_auc_train": 0.8707211483169343,
    "auprc_train": 0.7670534111979905,
    "accuracy_train": 0.8115310747484059,
    "MC_loss_train": 0.135374121736772,
    "PMC_loss_train": 1.095191610210082,
    "DC_loss_train": 0.5265682753236633,
    "roc_auc_test": 0.8726295932999123,
    "auprc_test": 0.7700355005234127,
    "accuracy_test": 0.8143163328800903,
    "MC_loss_test": 0.2197535252848337,
    "PMC_loss_test": 1.1849484259846135,
    "DC_loss_test": 0.7223434155058167,
    "feature_importances_": {
        "temperature": 0.014703333377838135,
        "heartrate": 0.006163205020129681,
        "resprate": 0.022062692791223526,
        "o2sat": 0.05631125718355179,
        "sbp": 0.01133179571479559,
        "dbp": 0.010767037980258465,
        "pain": 0.0026442252565175295,
        "acuity": 0.41267308592796326,
        "insurance": 0.007167738862335682,
        "language": 0.0,
        "marital_status": 0.007882633246481419,
        "ethnicity": 0.025081463158130646,
        "gender": 0.017366860061883926,
        "anchor_year_group": 0.12645474076271057,
        "prev_visit": 0.23342496156692505,
        "prev_adm": 0.045964937657117844
    }
}