{
    "dataset": "data/mimic4_admissions.csv",
    "algorithm": "rf",
    "params": {
        "colsample_bynode": 0.8,
        "learning_rate": 1,
        "reg_lambda": 1e-05,
        "subsample": 0.8,
        "use_label_encoder": false,
        "objective": "binary:logistic",
        "base_score": 0.5,
        "booster": "gbtree",
        "colsample_bylevel": 1,
        "colsample_bytree": 1,
        "gamma": 0.05,
        "gpu_id": -1,
        "importance_type": "gain",
        "interaction_constraints": "",
        "max_delta_step": 0,
        "max_depth": 6,
        "min_child_weight": 1,
        "missing": NaN,
        "monotone_constraints": "()",
        "n_estimators": 100,
        "n_jobs": 1,
        "num_parallel_tree": 100,
        "random_state": 6182,
        "reg_alpha": 0,
        "scale_pos_weight": 1,
        "tree_method": "exact",
        "validate_parameters": 1,
        "verbosity": null,
        "eval_metric": "logloss"
    },
    "process_time": 13.305047887999999,
    "time_time": 13.313895225524902,
    "random_state": 6182,
    "alpha": 0.05,
    "n_bins": 10,
    "gamma": 0.05,
    "rho": 0.05,
    "roc_auc_train": 0.8709727385538949,
    "auprc_train": 0.767906917898163,
    "accuracy_train": 0.8116078973649843,
    "MC_loss_train": 0.1456243338737082,
    "PMC_loss_train": 2.2303995104397045,
    "DC_loss_train": 0.5127482746577507,
    "roc_auc_test": 0.8704779667224721,
    "auprc_test": 0.7667187700363374,
    "accuracy_test": 0.8123343550505865,
    "MC_loss_test": 0.22893969927515304,
    "PMC_loss_test": 2.1417570133352712,
    "DC_loss_test": 0.8133963087115225,
    "feature_importances_": {
        "temperature": 0.015001676045358181,
        "heartrate": 0.00571845518425107,
        "resprate": 0.02211030013859272,
        "o2sat": 0.057984497398138046,
        "sbp": 0.010441268794238567,
        "dbp": 0.01098621916025877,
        "pain": 0.00213116267696023,
        "acuity": 0.42303434014320374,
        "insurance": 0.007569377310574055,
        "language": 0.00032741008908487856,
        "marital_status": 0.005722471978515387,
        "ethnicity": 0.02632775902748108,
        "gender": 0.01887604221701622,
        "anchor_year_group": 0.12418334186077118,
        "prev_visit": 0.22859252989292145,
        "prev_adm": 0.04099317640066147
    }
}