{
    "dataset": "data/mimic4_admissions.csv",
    "algorithm": "rf",
    "params": {
        "colsample_bynode": 0.8,
        "learning_rate": 1,
        "reg_lambda": 1e-05,
        "subsample": 0.8,
        "use_label_encoder": false,
        "objective": "binary:logistic",
        "base_score": 0.5,
        "booster": "gbtree",
        "colsample_bylevel": 1,
        "colsample_bytree": 1,
        "gamma": 0.05,
        "gpu_id": -1,
        "importance_type": "gain",
        "interaction_constraints": "",
        "max_delta_step": 0,
        "max_depth": 6,
        "min_child_weight": 1,
        "missing": NaN,
        "monotone_constraints": "()",
        "n_estimators": 100,
        "n_jobs": 1,
        "num_parallel_tree": 100,
        "random_state": 8336,
        "reg_alpha": 0,
        "scale_pos_weight": 1,
        "tree_method": "exact",
        "validate_parameters": 1,
        "verbosity": null,
        "eval_metric": "logloss"
    },
    "process_time": 13.637001327,
    "time_time": 13.656143426895142,
    "random_state": 8336,
    "alpha": 0.05,
    "n_bins": 10,
    "gamma": 0.05,
    "rho": 0.05,
    "roc_auc_train": 0.8716842820754336,
    "auprc_train": 0.7678126099147038,
    "accuracy_train": 0.8121763847276638,
    "MC_loss_train": 0.1463020566910032,
    "PMC_loss_train": 2.2632574576430735,
    "DC_loss_train": 0.5494791973257032,
    "roc_auc_test": 0.8698737333938601,
    "auprc_test": 0.7631056138153822,
    "accuracy_test": 0.8106980710285543,
    "MC_loss_test": 0.16674270017727,
    "PMC_loss_test": 2.246942924167255,
    "DC_loss_test": 0.5659377042559065,
    "feature_importances_": {
        "temperature": 0.01345116924494505,
        "heartrate": 0.004197174217551947,
        "resprate": 0.025895703583955765,
        "o2sat": 0.048961106687784195,
        "sbp": 0.011683846823871136,
        "dbp": 0.010447647422552109,
        "pain": 0.002652969444170594,
        "acuity": 0.4119130074977875,
        "insurance": 0.012029996141791344,
        "language": 0.0007344633340835571,
        "marital_status": 0.005200249142944813,
        "ethnicity": 0.025625312700867653,
        "gender": 0.01865033432841301,
        "anchor_year_group": 0.13290046155452728,
        "prev_visit": 0.21205827593803406,
        "prev_adm": 0.06359827518463135
    }
}