{
    "dataset": "data/mimic4_admissions.csv",
    "algorithm": "rf",
    "params": {
        "colsample_bynode": 0.8,
        "learning_rate": 1,
        "reg_lambda": 1e-05,
        "subsample": 0.8,
        "use_label_encoder": false,
        "objective": "binary:logistic",
        "base_score": 0.5,
        "booster": "gbtree",
        "colsample_bylevel": 1,
        "colsample_bytree": 1,
        "gamma": 0.1,
        "gpu_id": -1,
        "importance_type": "gain",
        "interaction_constraints": "",
        "max_delta_step": 0,
        "max_depth": 6,
        "min_child_weight": 1,
        "missing": NaN,
        "monotone_constraints": "()",
        "n_estimators": 100,
        "n_jobs": 1,
        "num_parallel_tree": 100,
        "random_state": 202,
        "reg_alpha": 0,
        "scale_pos_weight": 1,
        "tree_method": "exact",
        "validate_parameters": 1,
        "verbosity": null,
        "eval_metric": "logloss"
    },
    "process_time": 12.377039615000001,
    "time_time": 12.415925979614258,
    "random_state": 202,
    "alpha": 0.1,
    "n_bins": 10,
    "gamma": 0.1,
    "rho": 0.1,
    "roc_auc_train": 0.8707237454348007,
    "auprc_train": 0.76698113056307,
    "accuracy_train": 0.8125297687639241,
    "MC_loss_train": 0.13794584217525663,
    "PMC_loss_train": 1.0834124387335768,
    "DC_loss_train": 0.400973721407601,
    "roc_auc_test": 0.8721163938289458,
    "auprc_test": 0.7702797252751566,
    "accuracy_test": 0.8125417713350694,
    "MC_loss_test": 0.12428259084940652,
    "PMC_loss_test": 1.1033945262950828,
    "DC_loss_test": 0.3419608402719715,
    "feature_importances_": {
        "temperature": 0.01633778214454651,
        "heartrate": 0.004763264674693346,
        "resprate": 0.021215571090579033,
        "o2sat": 0.05638633295893669,
        "sbp": 0.017503781244158745,
        "dbp": 0.00659848703071475,
        "pain": 0.002798263682052493,
        "acuity": 0.4169277548789978,
        "insurance": 0.0096900574862957,
        "language": 0.0005522100254893303,
        "marital_status": 0.005727176554501057,
        "ethnicity": 0.028471844270825386,
        "gender": 0.019294269382953644,
        "anchor_year_group": 0.11979465931653976,
        "prev_visit": 0.22519102692604065,
        "prev_adm": 0.04874753579497337
    }
}