{
    "dataset": "data/mimic4_admissions.csv",
    "algorithm": "rf",
    "params": {
        "colsample_bynode": 0.8,
        "learning_rate": 1,
        "reg_lambda": 1e-05,
        "subsample": 0.8,
        "use_label_encoder": false,
        "objective": "binary:logistic",
        "base_score": 0.5,
        "booster": "gbtree",
        "colsample_bylevel": 1,
        "colsample_bytree": 1,
        "gamma": 0.05,
        "gpu_id": -1,
        "importance_type": "gain",
        "interaction_constraints": "",
        "max_delta_step": 0,
        "max_depth": 6,
        "min_child_weight": 1,
        "missing": NaN,
        "monotone_constraints": "()",
        "n_estimators": 100,
        "n_jobs": 1,
        "num_parallel_tree": 100,
        "random_state": 11173,
        "reg_alpha": 0,
        "scale_pos_weight": 1,
        "tree_method": "exact",
        "validate_parameters": 1,
        "verbosity": null,
        "eval_metric": "logloss"
    },
    "process_time": 13.318290313,
    "time_time": 13.329742908477783,
    "random_state": 11173,
    "alpha": 0.05,
    "n_bins": 10,
    "gamma": 0.05,
    "rho": 0.1,
    "roc_auc_train": 0.8712198871164447,
    "auprc_train": 0.7681480830899977,
    "accuracy_train": 0.8124145348390566,
    "MC_loss_train": 0.14960159627042074,
    "PMC_loss_train": 1.0963703916208045,
    "DC_loss_train": 0.4836172891742976,
    "roc_auc_test": 0.8690584925780438,
    "auprc_test": 0.7628638351640018,
    "accuracy_test": 0.8142702403724275,
    "MC_loss_test": 0.18762167774397753,
    "PMC_loss_test": 1.1489745800966744,
    "DC_loss_test": 0.48183808689273855,
    "feature_importances_": {
        "temperature": 0.016513250768184662,
        "heartrate": 0.003624244127422571,
        "resprate": 0.02511650137603283,
        "o2sat": 0.05964311957359314,
        "sbp": 0.010448584333062172,
        "dbp": 0.008526897057890892,
        "pain": 0.0027120253071188927,
        "acuity": 0.40495672821998596,
        "insurance": 0.010206405073404312,
        "language": 0.0015828963369131088,
        "marital_status": 0.004875115118920803,
        "ethnicity": 0.026534872129559517,
        "gender": 0.01698099635541439,
        "anchor_year_group": 0.12341836094856262,
        "prev_visit": 0.22278065979480743,
        "prev_adm": 0.06207926571369171
    }
}