{
    "dataset": "data/mimic4_admissions.csv",
    "algorithm": "rf",
    "params": {
        "colsample_bynode": 0.8,
        "learning_rate": 1,
        "reg_lambda": 1e-05,
        "subsample": 0.8,
        "use_label_encoder": false,
        "objective": "binary:logistic",
        "base_score": 0.5,
        "booster": "gbtree",
        "colsample_bylevel": 1,
        "colsample_bytree": 1,
        "gamma": 0.05,
        "gpu_id": -1,
        "importance_type": "gain",
        "interaction_constraints": "",
        "max_delta_step": 0,
        "max_depth": 6,
        "min_child_weight": 1,
        "missing": NaN,
        "monotone_constraints": "()",
        "n_estimators": 100,
        "n_jobs": 1,
        "num_parallel_tree": 100,
        "random_state": 4167,
        "reg_alpha": 0,
        "scale_pos_weight": 1,
        "tree_method": "exact",
        "validate_parameters": 1,
        "verbosity": null,
        "eval_metric": "logloss"
    },
    "process_time": 13.216119982,
    "time_time": 13.226134538650513,
    "random_state": 4167,
    "alpha": 0.01,
    "n_bins": 10,
    "gamma": 0.05,
    "rho": 0.1,
    "roc_auc_train": 0.8718408065213237,
    "auprc_train": 0.7692081426161813,
    "accuracy_train": 0.8132826304063916,
    "MC_loss_train": 0.1272999310726252,
    "PMC_loss_train": 1.128030160181407,
    "DC_loss_train": 0.46201914624979357,
    "roc_auc_test": 0.8681680817140572,
    "auprc_test": 0.7577951144611199,
    "accuracy_test": 0.8109976723283631,
    "MC_loss_test": 0.20741315682729086,
    "PMC_loss_test": 1.0909689557266602,
    "DC_loss_test": 0.7447566304986593,
    "feature_importances_": {
        "temperature": 0.018451418727636337,
        "heartrate": 0.0036505768075585365,
        "resprate": 0.019346285611391068,
        "o2sat": 0.05525214970111847,
        "sbp": 0.012378035113215446,
        "dbp": 0.01106360461562872,
        "pain": 0.0034746977034956217,
        "acuity": 0.408964604139328,
        "insurance": 0.011791064403951168,
        "language": 0.0009300661040470004,
        "marital_status": 0.005706173367798328,
        "ethnicity": 0.021074354648590088,
        "gender": 0.02056271769106388,
        "anchor_year_group": 0.1276656985282898,
        "prev_visit": 0.25004705786705017,
        "prev_adm": 0.029641451314091682
    }
}