{
    "dataset": "data/mimic4_admissions.csv",
    "algorithm": "rf",
    "params": {
        "colsample_bynode": 0.8,
        "learning_rate": 1,
        "reg_lambda": 1e-05,
        "subsample": 0.8,
        "use_label_encoder": false,
        "objective": "binary:logistic",
        "base_score": 0.5,
        "booster": "gbtree",
        "colsample_bylevel": 1,
        "colsample_bytree": 1,
        "gamma": 0.05,
        "gpu_id": -1,
        "importance_type": "gain",
        "interaction_constraints": "",
        "max_delta_step": 0,
        "max_depth": 6,
        "min_child_weight": 1,
        "missing": NaN,
        "monotone_constraints": "()",
        "n_estimators": 100,
        "n_jobs": 1,
        "num_parallel_tree": 100,
        "random_state": 7857,
        "reg_alpha": 0,
        "scale_pos_weight": 1,
        "tree_method": "exact",
        "validate_parameters": 1,
        "verbosity": null,
        "eval_metric": "logloss"
    },
    "process_time": 13.438239500000002,
    "time_time": 13.473639488220215,
    "random_state": 7857,
    "alpha": 0.01,
    "n_bins": 10,
    "gamma": 0.05,
    "rho": 0.1,
    "roc_auc_train": 0.871385146915336,
    "auprc_train": 0.7681383933743149,
    "accuracy_train": 0.8124529461473458,
    "MC_loss_train": 0.13622404566369795,
    "PMC_loss_train": 1.1014434487320657,
    "DC_loss_train": 0.4866633744869109,
    "roc_auc_test": 0.868517965430228,
    "auprc_test": 0.7639806280246735,
    "accuracy_test": 0.8097992671291282,
    "MC_loss_test": 0.2562275415375119,
    "PMC_loss_test": 1.3451945930719378,
    "DC_loss_test": 0.6931471805599453,
    "feature_importances_": {
        "temperature": 0.01606137864291668,
        "heartrate": 0.0030796958599239588,
        "resprate": 0.01890517957508564,
        "o2sat": 0.059877071529626846,
        "sbp": 0.017722802236676216,
        "dbp": 0.008278600871562958,
        "pain": 0.0034031153190881014,
        "acuity": 0.39503854513168335,
        "insurance": 0.009026705287396908,
        "language": 0.0009263710817322135,
        "marital_status": 0.004425439517945051,
        "ethnicity": 0.025992482900619507,
        "gender": 0.019080007448792458,
        "anchor_year_group": 0.1299399882555008,
        "prev_visit": 0.2260555773973465,
        "prev_adm": 0.06218699738383293
    }
}