{
    "dataset": "data/mimic4_admissions.csv",
    "algorithm": "rf",
    "params": {
        "colsample_bynode": 0.8,
        "learning_rate": 1,
        "reg_lambda": 1e-05,
        "subsample": 0.8,
        "use_label_encoder": false,
        "objective": "binary:logistic",
        "base_score": 0.5,
        "booster": "gbtree",
        "colsample_bylevel": 1,
        "colsample_bytree": 1,
        "gamma": 0.1,
        "gpu_id": -1,
        "importance_type": "gain",
        "interaction_constraints": "",
        "max_delta_step": 0,
        "max_depth": 6,
        "min_child_weight": 1,
        "missing": NaN,
        "monotone_constraints": "()",
        "n_estimators": 100,
        "n_jobs": 1,
        "num_parallel_tree": 100,
        "random_state": 2183,
        "reg_alpha": 0,
        "scale_pos_weight": 1,
        "tree_method": "exact",
        "validate_parameters": 1,
        "verbosity": null,
        "eval_metric": "logloss"
    },
    "process_time": 12.888804869,
    "time_time": 12.92534875869751,
    "random_state": 2183,
    "alpha": 0.01,
    "n_bins": 10,
    "gamma": 0.1,
    "rho": 0.1,
    "roc_auc_train": 0.8716300976303305,
    "auprc_train": 0.7672069650456212,
    "accuracy_train": 0.8136129676576784,
    "MC_loss_train": 0.17461142360039478,
    "PMC_loss_train": 1.0706797600088693,
    "DC_loss_train": 0.4033908863246717,
    "roc_auc_test": 0.868876637429885,
    "auprc_test": 0.7651012961779585,
    "accuracy_test": 0.8133714364730014,
    "MC_loss_test": 0.16319413215686113,
    "PMC_loss_test": 1.087831157731262,
    "DC_loss_test": 0.304923878886287,
    "feature_importances_": {
        "temperature": 0.01726691983640194,
        "heartrate": 0.003089697565883398,
        "resprate": 0.020134227350354195,
        "o2sat": 0.05184781923890114,
        "sbp": 0.016321910545229912,
        "dbp": 0.00680079311132431,
        "pain": 0.0023389183916151524,
        "acuity": 0.4007664620876312,
        "insurance": 0.006732443813234568,
        "language": 0.003518549259752035,
        "marital_status": 0.007462008390575647,
        "ethnicity": 0.026468906551599503,
        "gender": 0.018915729597210884,
        "anchor_year_group": 0.12953481078147888,
        "prev_visit": 0.20842774212360382,
        "prev_adm": 0.08037297427654266
    }
}