{
    "dataset": "data/mimic4_admissions.csv",
    "algorithm": "rf",
    "params": {
        "colsample_bynode": 0.8,
        "learning_rate": 1,
        "reg_lambda": 1e-05,
        "subsample": 0.8,
        "use_label_encoder": false,
        "objective": "binary:logistic",
        "base_score": 0.5,
        "booster": "gbtree",
        "colsample_bylevel": 1,
        "colsample_bytree": 1,
        "gamma": 0.1,
        "gpu_id": -1,
        "importance_type": "gain",
        "interaction_constraints": "",
        "max_delta_step": 0,
        "max_depth": 6,
        "min_child_weight": 1,
        "missing": NaN,
        "monotone_constraints": "()",
        "n_estimators": 100,
        "n_jobs": 1,
        "num_parallel_tree": 100,
        "random_state": 12090,
        "reg_alpha": 0,
        "scale_pos_weight": 1,
        "tree_method": "exact",
        "validate_parameters": 1,
        "verbosity": null,
        "eval_metric": "logloss"
    },
    "process_time": 12.995084394000001,
    "time_time": 13.035291910171509,
    "random_state": 12090,
    "alpha": 0.1,
    "n_bins": 10,
    "gamma": 0.1,
    "rho": 0.01,
    "roc_auc_train": 0.8722516082795616,
    "auprc_train": 0.7700225968295509,
    "accuracy_train": 0.8143965583467773,
    "MC_loss_train": 0.15919854093904362,
    "PMC_loss_train": 2.9429349736632586,
    "DC_loss_train": 0.4620931558518041,
    "roc_auc_test": 0.8670247015499648,
    "auprc_test": 0.7590708866995949,
    "accuracy_test": 0.8103984697287456,
    "MC_loss_test": 0.1701260673016617,
    "PMC_loss_test": 2.963453775849836,
    "DC_loss_test": 0.4609752269666316,
    "feature_importances_": {
        "temperature": 0.017567669972777367,
        "heartrate": 0.0034933926071971655,
        "resprate": 0.018113363534212112,
        "o2sat": 0.06203988566994667,
        "sbp": 0.012563942931592464,
        "dbp": 0.009845654480159283,
        "pain": 0.002363658742979169,
        "acuity": 0.3968866765499115,
        "insurance": 0.006558017339557409,
        "language": 0.0016307422192767262,
        "marital_status": 0.00539813470095396,
        "ethnicity": 0.02605268359184265,
        "gender": 0.018302742391824722,
        "anchor_year_group": 0.12864376604557037,
        "prev_visit": 0.21835537254810333,
        "prev_adm": 0.072184257209301
    }
}