{
    "dataset": "data/mimic4_admissions.csv",
    "algorithm": "rf",
    "params": {
        "colsample_bynode": 0.8,
        "learning_rate": 1,
        "reg_lambda": 1e-05,
        "subsample": 0.8,
        "use_label_encoder": false,
        "objective": "binary:logistic",
        "base_score": 0.5,
        "booster": "gbtree",
        "colsample_bylevel": 1,
        "colsample_bytree": 1,
        "gamma": 0.05,
        "gpu_id": -1,
        "importance_type": "gain",
        "interaction_constraints": "",
        "max_delta_step": 0,
        "max_depth": 6,
        "min_child_weight": 1,
        "missing": NaN,
        "monotone_constraints": "()",
        "n_estimators": 100,
        "n_jobs": 1,
        "num_parallel_tree": 100,
        "random_state": 9620,
        "reg_alpha": 0,
        "scale_pos_weight": 1,
        "tree_method": "exact",
        "validate_parameters": 1,
        "verbosity": null,
        "eval_metric": "logloss"
    },
    "process_time": 12.903976685,
    "time_time": 12.912309646606445,
    "random_state": 9620,
    "alpha": 0.1,
    "n_bins": 10,
    "gamma": 0.05,
    "rho": 0.01,
    "roc_auc_train": 0.8717033392914454,
    "auprc_train": 0.7699093178901043,
    "accuracy_train": 0.8139202581239917,
    "MC_loss_train": 0.15112770851860696,
    "PMC_loss_train": 3.0975123280801142,
    "DC_loss_train": 0.41367252756166417,
    "roc_auc_test": 0.8674792237526542,
    "auprc_test": 0.7616593574127322,
    "accuracy_test": 0.8113894586434975,
    "MC_loss_test": 0.2633027224629014,
    "PMC_loss_test": 3.7817493873061956,
    "DC_loss_test": 0.982888985974737,
    "feature_importances_": {
        "temperature": 0.01661902479827404,
        "heartrate": 0.004018631763756275,
        "resprate": 0.018876690417528152,
        "o2sat": 0.059830442070961,
        "sbp": 0.014303537085652351,
        "dbp": 0.011570553295314312,
        "pain": 0.0015810825861990452,
        "acuity": 0.4023670256137848,
        "insurance": 0.008310100063681602,
        "language": 0.0018651620484888554,
        "marital_status": 0.009402111172676086,
        "ethnicity": 0.023974545300006866,
        "gender": 0.022840464487671852,
        "anchor_year_group": 0.14108942449092865,
        "prev_visit": 0.21388386189937592,
        "prev_adm": 0.049467381089925766
    }
}