{
    "dataset": "data/mimic4_admissions.csv",
    "algorithm": "rf",
    "params": {
        "colsample_bynode": 0.8,
        "learning_rate": 1,
        "reg_lambda": 1e-05,
        "subsample": 0.8,
        "use_label_encoder": false,
        "objective": "binary:logistic",
        "base_score": 0.5,
        "booster": "gbtree",
        "colsample_bylevel": 1,
        "colsample_bytree": 1,
        "gamma": 0.1,
        "gpu_id": -1,
        "importance_type": "gain",
        "interaction_constraints": "",
        "max_delta_step": 0,
        "max_depth": 6,
        "min_child_weight": 1,
        "missing": NaN,
        "monotone_constraints": "()",
        "n_estimators": 100,
        "n_jobs": 1,
        "num_parallel_tree": 100,
        "random_state": 2049,
        "reg_alpha": 0,
        "scale_pos_weight": 1,
        "tree_method": "exact",
        "validate_parameters": 1,
        "verbosity": null,
        "eval_metric": "logloss"
    },
    "process_time": 13.277107748,
    "time_time": 13.317569255828857,
    "random_state": 2049,
    "alpha": 0.01,
    "n_bins": 10,
    "gamma": 0.1,
    "rho": 0.05,
    "roc_auc_train": 0.8716621515837413,
    "auprc_train": 0.768421546622192,
    "accuracy_train": 0.8131904432664977,
    "MC_loss_train": 0.12392050741424021,
    "PMC_loss_train": 2.1823900180529217,
    "DC_loss_train": 0.3958844478376532,
    "roc_auc_test": 0.8691173843744758,
    "auprc_test": 0.764165130473074,
    "accuracy_test": 0.8118273374662949,
    "MC_loss_test": 0.20723478372584392,
    "PMC_loss_test": 2.106305537160172,
    "DC_loss_test": 0.5448704227334531,
    "feature_importances_": {
        "temperature": 0.017392240464687347,
        "heartrate": 0.0037162478547543287,
        "resprate": 0.025320470333099365,
        "o2sat": 0.0585627444088459,
        "sbp": 0.011184213683009148,
        "dbp": 0.009425652213394642,
        "pain": 0.003338053822517395,
        "acuity": 0.3776300251483917,
        "insurance": 0.009225161746144295,
        "language": 0.0014387890696525574,
        "marital_status": 0.006664029788225889,
        "ethnicity": 0.02563679777085781,
        "gender": 0.01968291401863098,
        "anchor_year_group": 0.1266215443611145,
        "prev_visit": 0.22407658398151398,
        "prev_adm": 0.08008445799350739
    }
}