{
    "dataset": "data/mimic4_admissions.csv",
    "algorithm": "rf",
    "params": {
        "colsample_bynode": 0.8,
        "learning_rate": 1,
        "reg_lambda": 1e-05,
        "subsample": 0.8,
        "use_label_encoder": false,
        "objective": "binary:logistic",
        "base_score": 0.5,
        "booster": "gbtree",
        "colsample_bylevel": 1,
        "colsample_bytree": 1,
        "gamma": 0.05,
        "gpu_id": -1,
        "importance_type": "gain",
        "interaction_constraints": "",
        "max_delta_step": 0,
        "max_depth": 6,
        "min_child_weight": 1,
        "missing": NaN,
        "monotone_constraints": "()",
        "n_estimators": 100,
        "n_jobs": 1,
        "num_parallel_tree": 100,
        "random_state": 4103,
        "reg_alpha": 0,
        "scale_pos_weight": 1,
        "tree_method": "exact",
        "validate_parameters": 1,
        "verbosity": null,
        "eval_metric": "logloss"
    },
    "process_time": 12.750792314,
    "time_time": 12.787823915481567,
    "random_state": 4103,
    "alpha": 0.05,
    "n_bins": 10,
    "gamma": 0.05,
    "rho": 0.1,
    "roc_auc_train": 0.8722117913672629,
    "auprc_train": 0.7690676759093615,
    "accuracy_train": 0.8130367980333411,
    "MC_loss_train": 0.1581634429222779,
    "PMC_loss_train": 1.104215180024248,
    "DC_loss_train": 0.5161137438588348,
    "roc_auc_test": 0.8680859510497028,
    "auprc_test": 0.7629884274621432,
    "accuracy_test": 0.8094996658293194,
    "MC_loss_test": 0.13798644349509076,
    "PMC_loss_test": 1.1692850512007007,
    "DC_loss_test": 0.4957224091914193,
    "feature_importances_": {
        "temperature": 0.013936125673353672,
        "heartrate": 0.0034912656992673874,
        "resprate": 0.022318944334983826,
        "o2sat": 0.047726795077323914,
        "sbp": 0.01457417942583561,
        "dbp": 0.008704300038516521,
        "pain": 0.0043063596822321415,
        "acuity": 0.42035120725631714,
        "insurance": 0.010726505890488625,
        "language": 0.0009669290157034993,
        "marital_status": 0.005542256869375706,
        "ethnicity": 0.026095548644661903,
        "gender": 0.018036475405097008,
        "anchor_year_group": 0.11781595647335052,
        "prev_visit": 0.22360865771770477,
        "prev_adm": 0.061798423528671265
    }
}