{
    "dataset": "data/mimic4_admissions.csv",
    "algorithm": "rf",
    "params": {
        "colsample_bynode": 0.8,
        "learning_rate": 1,
        "reg_lambda": 1e-05,
        "subsample": 0.8,
        "use_label_encoder": false,
        "objective": "binary:logistic",
        "base_score": 0.5,
        "booster": "gbtree",
        "colsample_bylevel": 1,
        "colsample_bytree": 1,
        "gamma": 0.1,
        "gpu_id": -1,
        "importance_type": "gain",
        "interaction_constraints": "",
        "max_delta_step": 0,
        "max_depth": 6,
        "min_child_weight": 1,
        "missing": NaN,
        "monotone_constraints": "()",
        "n_estimators": 100,
        "n_jobs": 1,
        "num_parallel_tree": 100,
        "random_state": 779,
        "reg_alpha": 0,
        "scale_pos_weight": 1,
        "tree_method": "exact",
        "validate_parameters": 1,
        "verbosity": null,
        "eval_metric": "logloss"
    },
    "process_time": 12.474972777,
    "time_time": 12.515349864959717,
    "random_state": 779,
    "alpha": 0.05,
    "n_bins": 10,
    "gamma": 0.1,
    "rho": 0.01,
    "roc_auc_train": 0.87167233258969,
    "auprc_train": 0.7674658460761701,
    "accuracy_train": 0.8131213029115771,
    "MC_loss_train": 0.1723303838808965,
    "PMC_loss_train": 3.007442453788772,
    "DC_loss_train": 0.3861776505069323,
    "roc_auc_test": 0.8681646992924998,
    "auprc_test": 0.7665232037828982,
    "accuracy_test": 0.8107902560438801,
    "MC_loss_test": 0.15452290816136088,
    "PMC_loss_test": 2.676386578602994,
    "DC_loss_test": 0.45802435189329405,
    "feature_importances_": {
        "temperature": 0.018056213855743408,
        "heartrate": 0.002962170634418726,
        "resprate": 0.021391067653894424,
        "o2sat": 0.04812321811914444,
        "sbp": 0.016205482184886932,
        "dbp": 0.008192237466573715,
        "pain": 0.0031916096340864897,
        "acuity": 0.4085037112236023,
        "insurance": 0.010364907793700695,
        "language": 0.0008524328004568815,
        "marital_status": 0.007271407637745142,
        "ethnicity": 0.027459684759378433,
        "gender": 0.01763121411204338,
        "anchor_year_group": 0.12629398703575134,
        "prev_visit": 0.2304646074771881,
        "prev_adm": 0.05303608253598213
    }
}