{
    "dataset": "data/mimic4_admissions.csv",
    "algorithm": "rf",
    "params": {
        "colsample_bynode": 0.8,
        "learning_rate": 1,
        "reg_lambda": 1e-05,
        "subsample": 0.8,
        "use_label_encoder": false,
        "objective": "binary:logistic",
        "base_score": 0.5,
        "booster": "gbtree",
        "colsample_bylevel": 1,
        "colsample_bytree": 1,
        "gamma": 0.1,
        "gpu_id": -1,
        "importance_type": "gain",
        "interaction_constraints": "",
        "max_delta_step": 0,
        "max_depth": 6,
        "min_child_weight": 1,
        "missing": NaN,
        "monotone_constraints": "()",
        "n_estimators": 100,
        "n_jobs": 1,
        "num_parallel_tree": 100,
        "random_state": 10923,
        "reg_alpha": 0,
        "scale_pos_weight": 1,
        "tree_method": "exact",
        "validate_parameters": 1,
        "verbosity": null,
        "eval_metric": "logloss"
    },
    "process_time": 13.006819466,
    "time_time": 13.014540433883667,
    "random_state": 10923,
    "alpha": 0.05,
    "n_bins": 10,
    "gamma": 0.1,
    "rho": 0.05,
    "roc_auc_train": 0.8712020908623597,
    "auprc_train": 0.7681619583520969,
    "accuracy_train": 0.8130598448183145,
    "MC_loss_train": 0.12980244129518914,
    "PMC_loss_train": 2.1601138057330656,
    "DC_loss_train": 0.3782607828447867,
    "roc_auc_test": 0.8697086303932102,
    "auprc_test": 0.7646420347843266,
    "accuracy_test": 0.8129335576502039,
    "MC_loss_test": 0.18438997781165295,
    "PMC_loss_test": 2.2751235063348485,
    "DC_loss_test": 0.5824347173127132,
    "feature_importances_": {
        "temperature": 0.019213078543543816,
        "heartrate": 0.0036747644189745188,
        "resprate": 0.02269599959254265,
        "o2sat": 0.055567219853401184,
        "sbp": 0.011728142388164997,
        "dbp": 0.010698670521378517,
        "pain": 0.002676901873201132,
        "acuity": 0.39723625779151917,
        "insurance": 0.006189226172864437,
        "language": 0.0007653965731151402,
        "marital_status": 0.010364274494349957,
        "ethnicity": 0.025631405413150787,
        "gender": 0.016518861055374146,
        "anchor_year_group": 0.1279827207326889,
        "prev_visit": 0.2491084188222885,
        "prev_adm": 0.03994869440793991
    }
}