{
    "dataset": "data/mimic4_admissions.csv",
    "algorithm": "rf",
    "params": {
        "colsample_bynode": 0.8,
        "learning_rate": 1,
        "reg_lambda": 1e-05,
        "subsample": 0.8,
        "use_label_encoder": false,
        "objective": "binary:logistic",
        "base_score": 0.5,
        "booster": "gbtree",
        "colsample_bylevel": 1,
        "colsample_bytree": 1,
        "gamma": 0.1,
        "gpu_id": -1,
        "importance_type": "gain",
        "interaction_constraints": "",
        "max_delta_step": 0,
        "max_depth": 6,
        "min_child_weight": 1,
        "missing": NaN,
        "monotone_constraints": "()",
        "n_estimators": 100,
        "n_jobs": 1,
        "num_parallel_tree": 100,
        "random_state": 7790,
        "reg_alpha": 0,
        "scale_pos_weight": 1,
        "tree_method": "exact",
        "validate_parameters": 1,
        "verbosity": null,
        "eval_metric": "logloss"
    },
    "process_time": 12.721522626,
    "time_time": 12.738108396530151,
    "random_state": 7790,
    "alpha": 0.05,
    "n_bins": 10,
    "gamma": 0.1,
    "rho": 0.1,
    "roc_auc_train": 0.8720424086890579,
    "auprc_train": 0.7681944330287704,
    "accuracy_train": 0.8144580164400399,
    "MC_loss_train": 0.1267099227787049,
    "PMC_loss_train": 1.0807618200409943,
    "DC_loss_train": 0.2842569623072757,
    "roc_auc_test": 0.8658466620981394,
    "auprc_test": 0.7646792169435577,
    "accuracy_test": 0.8094996658293194,
    "MC_loss_test": 0.18657018162391997,
    "PMC_loss_test": 1.0612127307814734,
    "DC_loss_test": 0.3794262944059984,
    "feature_importances_": {
        "temperature": 0.0156636293977499,
        "heartrate": 0.0024919244460761547,
        "resprate": 0.030102457851171494,
        "o2sat": 0.04478989914059639,
        "sbp": 0.014998420141637325,
        "dbp": 0.005858896300196648,
        "pain": 0.0022136648185551167,
        "acuity": 0.4479399025440216,
        "insurance": 0.012470505200326443,
        "language": 0.001412750338204205,
        "marital_status": 0.00708257220685482,
        "ethnicity": 0.027096223086118698,
        "gender": 0.01640106551349163,
        "anchor_year_group": 0.137657031416893,
        "prev_visit": 0.20841434597969055,
        "prev_adm": 0.025406787171959877
    }
}