{
    "dataset": "data/mimic4_admissions.csv",
    "algorithm": "rf",
    "params": {
        "colsample_bynode": 0.8,
        "learning_rate": 1,
        "reg_lambda": 1e-05,
        "subsample": 0.8,
        "use_label_encoder": false,
        "objective": "binary:logistic",
        "base_score": 0.5,
        "booster": "gbtree",
        "colsample_bylevel": 1,
        "colsample_bytree": 1,
        "gamma": 0.1,
        "gpu_id": -1,
        "importance_type": "gain",
        "interaction_constraints": "",
        "max_delta_step": 0,
        "max_depth": 6,
        "min_child_weight": 1,
        "missing": NaN,
        "monotone_constraints": "()",
        "n_estimators": 100,
        "n_jobs": 1,
        "num_parallel_tree": 100,
        "random_state": 5684,
        "reg_alpha": 0,
        "scale_pos_weight": 1,
        "tree_method": "exact",
        "validate_parameters": 1,
        "verbosity": null,
        "eval_metric": "logloss"
    },
    "process_time": 12.913622578,
    "time_time": 12.959437370300293,
    "random_state": 5684,
    "alpha": 0.01,
    "n_bins": 10,
    "gamma": 0.1,
    "rho": 0.01,
    "roc_auc_train": 0.872057330789142,
    "auprc_train": 0.768549913130889,
    "accuracy_train": 0.8127756011369748,
    "MC_loss_train": 0.1174365251334672,
    "PMC_loss_train": 2.999530243935567,
    "DC_loss_train": 0.32189076941945727,
    "roc_auc_test": 0.8694178161169281,
    "auprc_test": 0.7644607952079262,
    "accuracy_test": 0.8122652162890922,
    "MC_loss_test": 0.1476645588874817,
    "PMC_loss_test": 2.875290837552812,
    "DC_loss_test": 0.5175146119167875,
    "feature_importances_": {
        "temperature": 0.01729954406619072,
        "heartrate": 0.0037213878240436316,
        "resprate": 0.019120804965496063,
        "o2sat": 0.05822195112705231,
        "sbp": 0.014016924425959587,
        "dbp": 0.008059825748205185,
        "pain": 0.0024589458480477333,
        "acuity": 0.3882797956466675,
        "insurance": 0.00787666067481041,
        "language": 0.0003891825908794999,
        "marital_status": 0.009145040065050125,
        "ethnicity": 0.03018062934279442,
        "gender": 0.022588348016142845,
        "anchor_year_group": 0.1446954607963562,
        "prev_visit": 0.21869267523288727,
        "prev_adm": 0.05525285005569458
    }
}