{
    "dataset": "data/mimic4_admissions.csv",
    "algorithm": "rf",
    "params": {
        "colsample_bynode": 0.8,
        "learning_rate": 1,
        "reg_lambda": 1e-05,
        "subsample": 0.8,
        "use_label_encoder": false,
        "objective": "binary:logistic",
        "base_score": 0.5,
        "booster": "gbtree",
        "colsample_bylevel": 1,
        "colsample_bytree": 1,
        "gamma": 0.1,
        "gpu_id": -1,
        "importance_type": "gain",
        "interaction_constraints": "",
        "max_delta_step": 0,
        "max_depth": 6,
        "min_child_weight": 1,
        "missing": NaN,
        "monotone_constraints": "()",
        "n_estimators": 100,
        "n_jobs": 1,
        "num_parallel_tree": 100,
        "random_state": 13299,
        "reg_alpha": 0,
        "scale_pos_weight": 1,
        "tree_method": "exact",
        "validate_parameters": 1,
        "verbosity": null,
        "eval_metric": "logloss"
    },
    "process_time": 13.668180502,
    "time_time": 13.707478761672974,
    "random_state": 13299,
    "alpha": 0.01,
    "n_bins": 10,
    "gamma": 0.1,
    "rho": 0.1,
    "roc_auc_train": 0.8716206339433981,
    "auprc_train": 0.7675480063910527,
    "accuracy_train": 0.8137666128908351,
    "MC_loss_train": 0.1305018177962045,
    "PMC_loss_train": 1.0964718539566634,
    "DC_loss_train": 0.3286494052471265,
    "roc_auc_test": 0.8683436347867446,
    "auprc_test": 0.7664965567950273,
    "accuracy_test": 0.8114816436588232,
    "MC_loss_test": 0.23826016412406673,
    "PMC_loss_test": 1.1179900008898516,
    "DC_loss_test": 0.8053486325807184,
    "feature_importances_": {
        "temperature": 0.016975047066807747,
        "heartrate": 0.005315755493938923,
        "resprate": 0.02126520872116089,
        "o2sat": 0.06462497264146805,
        "sbp": 0.00846186839044094,
        "dbp": 0.010401840321719646,
        "pain": 0.0029022113885730505,
        "acuity": 0.402589350938797,
        "insurance": 0.009905621409416199,
        "language": 0.00046130138798616827,
        "marital_status": 0.0032543435227125883,
        "ethnicity": 0.02512255311012268,
        "gender": 0.020583687350153923,
        "anchor_year_group": 0.13383156061172485,
        "prev_visit": 0.22875796258449554,
        "prev_adm": 0.045546673238277435
    }
}