{
    "dataset": "data/mimic4_admissions.csv",
    "algorithm": "rf",
    "params": {
        "colsample_bynode": 0.8,
        "learning_rate": 1,
        "reg_lambda": 1e-05,
        "subsample": 0.8,
        "use_label_encoder": false,
        "objective": "binary:logistic",
        "base_score": 0.5,
        "booster": "gbtree",
        "colsample_bylevel": 1,
        "colsample_bytree": 1,
        "gamma": 0.05,
        "gpu_id": -1,
        "importance_type": "gain",
        "interaction_constraints": "",
        "max_delta_step": 0,
        "max_depth": 6,
        "min_child_weight": 1,
        "missing": NaN,
        "monotone_constraints": "()",
        "n_estimators": 100,
        "n_jobs": 1,
        "num_parallel_tree": 100,
        "random_state": 11575,
        "reg_alpha": 0,
        "scale_pos_weight": 1,
        "tree_method": "exact",
        "validate_parameters": 1,
        "verbosity": null,
        "eval_metric": "logloss"
    },
    "process_time": 12.953921102999999,
    "time_time": 12.962528705596924,
    "random_state": 11575,
    "alpha": 0.05,
    "n_bins": 10,
    "gamma": 0.05,
    "rho": 0.05,
    "roc_auc_train": 0.8713635309918419,
    "auprc_train": 0.7692083692471934,
    "accuracy_train": 0.8131597142198663,
    "MC_loss_train": 0.19797877769872368,
    "PMC_loss_train": 2.2018192096907545,
    "DC_loss_train": 0.6448953967070813,
    "roc_auc_test": 0.8697601923808913,
    "auprc_test": 0.7636874894711609,
    "accuracy_test": 0.8129796501578669,
    "MC_loss_test": 0.15918951747061194,
    "PMC_loss_test": 2.3080045179144975,
    "DC_loss_test": 0.33085641289674106,
    "feature_importances_": {
        "temperature": 0.018026359379291534,
        "heartrate": 0.0030548740178346634,
        "resprate": 0.021265923976898193,
        "o2sat": 0.05578574538230896,
        "sbp": 0.012906096875667572,
        "dbp": 0.008781494572758675,
        "pain": 0.0025067953392863274,
        "acuity": 0.42504432797431946,
        "insurance": 0.008832932449877262,
        "language": 0.002236793516203761,
        "marital_status": 0.006846081931143999,
        "ethnicity": 0.027657050639390945,
        "gender": 0.018148072063922882,
        "anchor_year_group": 0.12035305798053741,
        "prev_visit": 0.2210514396429062,
        "prev_adm": 0.04750300198793411
    }
}