{
    "dataset": "data/mimic4_admissions.csv",
    "algorithm": "rf",
    "params": {
        "colsample_bynode": 0.8,
        "learning_rate": 1,
        "reg_lambda": 1e-05,
        "subsample": 0.8,
        "use_label_encoder": false,
        "objective": "binary:logistic",
        "base_score": 0.5,
        "booster": "gbtree",
        "colsample_bylevel": 1,
        "colsample_bytree": 1,
        "gamma": 0.05,
        "gpu_id": -1,
        "importance_type": "gain",
        "interaction_constraints": "",
        "max_delta_step": 0,
        "max_depth": 6,
        "min_child_weight": 1,
        "missing": NaN,
        "monotone_constraints": "()",
        "n_estimators": 100,
        "n_jobs": 1,
        "num_parallel_tree": 100,
        "random_state": 990,
        "reg_alpha": 0,
        "scale_pos_weight": 1,
        "tree_method": "exact",
        "validate_parameters": 1,
        "verbosity": null,
        "eval_metric": "logloss"
    },
    "process_time": 13.164658264,
    "time_time": 13.172886610031128,
    "random_state": 990,
    "alpha": 0.05,
    "n_bins": 10,
    "gamma": 0.05,
    "rho": 0.01,
    "roc_auc_train": 0.872668052498841,
    "auprc_train": 0.7690980876423432,
    "accuracy_train": 0.8139586694322809,
    "MC_loss_train": 0.15191821196607053,
    "PMC_loss_train": 3.590987054943349,
    "DC_loss_train": 0.5015541535250989,
    "roc_auc_test": 0.8663252612605254,
    "auprc_test": 0.7621811079343903,
    "accuracy_test": 0.811942568735452,
    "MC_loss_test": 0.15166634280665392,
    "PMC_loss_test": 2.9732960653439,
    "DC_loss_test": 0.700382908229876,
    "feature_importances_": {
        "temperature": 0.01776489056646824,
        "heartrate": 0.004974912386387587,
        "resprate": 0.022606881335377693,
        "o2sat": 0.05371484160423279,
        "sbp": 0.011439976282417774,
        "dbp": 0.009464994072914124,
        "pain": 0.0026594053488224745,
        "acuity": 0.4003146290779114,
        "insurance": 0.007980138063430786,
        "language": 0.0010208140593022108,
        "marital_status": 0.00864657387137413,
        "ethnicity": 0.022041842341423035,
        "gender": 0.019701309502124786,
        "anchor_year_group": 0.13035404682159424,
        "prev_visit": 0.2069181203842163,
        "prev_adm": 0.0803966298699379
    }
}