{
    "dataset": "data/mimic4_admissions.csv",
    "algorithm": "rf",
    "params": {
        "colsample_bynode": 0.8,
        "learning_rate": 1,
        "reg_lambda": 1e-05,
        "subsample": 0.8,
        "use_label_encoder": false,
        "objective": "binary:logistic",
        "base_score": 0.5,
        "booster": "gbtree",
        "colsample_bylevel": 1,
        "colsample_bytree": 1,
        "gamma": 0.1,
        "gpu_id": -1,
        "importance_type": "gain",
        "interaction_constraints": "",
        "max_delta_step": 0,
        "max_depth": 6,
        "min_child_weight": 1,
        "missing": NaN,
        "monotone_constraints": "()",
        "n_estimators": 100,
        "n_jobs": 1,
        "num_parallel_tree": 100,
        "random_state": 4129,
        "reg_alpha": 0,
        "scale_pos_weight": 1,
        "tree_method": "exact",
        "validate_parameters": 1,
        "verbosity": null,
        "eval_metric": "logloss"
    },
    "process_time": 13.008776666,
    "time_time": 13.030951738357544,
    "random_state": 4129,
    "alpha": 0.01,
    "n_bins": 10,
    "gamma": 0.1,
    "rho": 0.01,
    "roc_auc_train": 0.8708335640459223,
    "auprc_train": 0.7663122928247199,
    "accuracy_train": 0.8118690942613506,
    "MC_loss_train": 0.15790744504686127,
    "PMC_loss_train": 3.002000202037804,
    "DC_loss_train": 0.47690713350505853,
    "roc_auc_test": 0.8718283169590252,
    "auprc_test": 0.7716038066267392,
    "accuracy_test": 0.8139475928187873,
    "MC_loss_test": 0.1559093470043606,
    "PMC_loss_test": 2.563144838780313,
    "DC_loss_test": 0.3554032326465637,
    "feature_importances_": {
        "temperature": 0.015806833282113075,
        "heartrate": 0.0032884583342820406,
        "resprate": 0.02294069714844227,
        "o2sat": 0.05749145522713661,
        "sbp": 0.016030041500926018,
        "dbp": 0.00869648065418005,
        "pain": 0.0029201237484812737,
        "acuity": 0.3898085355758667,
        "insurance": 0.009838315658271313,
        "language": 0.001365155098028481,
        "marital_status": 0.007592983543872833,
        "ethnicity": 0.025201961398124695,
        "gender": 0.019679279997944832,
        "anchor_year_group": 0.12574799358844757,
        "prev_visit": 0.23934203386306763,
        "prev_adm": 0.05424962565302849
    }
}