{
    "dataset": "data/mimic4_admissions.csv",
    "algorithm": "rf",
    "params": {
        "colsample_bynode": 0.8,
        "learning_rate": 1,
        "reg_lambda": 1e-05,
        "subsample": 0.8,
        "use_label_encoder": false,
        "objective": "binary:logistic",
        "base_score": 0.5,
        "booster": "gbtree",
        "colsample_bylevel": 1,
        "colsample_bytree": 1,
        "gamma": 0.05,
        "gpu_id": -1,
        "importance_type": "gain",
        "interaction_constraints": "",
        "max_delta_step": 0,
        "max_depth": 6,
        "min_child_weight": 1,
        "missing": NaN,
        "monotone_constraints": "()",
        "n_estimators": 100,
        "n_jobs": 1,
        "num_parallel_tree": 100,
        "random_state": 2049,
        "reg_alpha": 0,
        "scale_pos_weight": 1,
        "tree_method": "exact",
        "validate_parameters": 1,
        "verbosity": null,
        "eval_metric": "logloss"
    },
    "process_time": 12.323158389,
    "time_time": 12.358075618743896,
    "random_state": 2049,
    "alpha": 0.05,
    "n_bins": 10,
    "gamma": 0.05,
    "rho": 0.1,
    "roc_auc_train": 0.8716621750761714,
    "auprc_train": 0.7684215631655956,
    "accuracy_train": 0.8131904432664977,
    "MC_loss_train": 0.19271703097555373,
    "PMC_loss_train": 1.1098245225123027,
    "DC_loss_train": 0.6554870969786614,
    "roc_auc_test": 0.8691170217403285,
    "auprc_test": 0.7641649928483355,
    "accuracy_test": 0.8118273374662949,
    "MC_loss_test": 0.20723478372584392,
    "PMC_loss_test": 1.1358031056702822,
    "DC_loss_test": 0.6762833745079403,
    "feature_importances_": {
        "temperature": 0.017404645681381226,
        "heartrate": 0.0037188983988016844,
        "resprate": 0.02533853054046631,
        "o2sat": 0.0583888478577137,
        "sbp": 0.01119219046086073,
        "dbp": 0.009410928934812546,
        "pain": 0.0033404347486793995,
        "acuity": 0.3778993785381317,
        "insurance": 0.009231741540133953,
        "language": 0.0009637147304601967,
        "marital_status": 0.006668782792985439,
        "ethnicity": 0.02565508335828781,
        "gender": 0.019696952775120735,
        "anchor_year_group": 0.1267118602991104,
        "prev_visit": 0.224236398935318,
        "prev_adm": 0.0801415741443634
    }
}