{
    "dataset": "data/mimic4_admissions.csv",
    "algorithm": "rf",
    "params": {
        "colsample_bynode": 0.8,
        "learning_rate": 1,
        "reg_lambda": 1e-05,
        "subsample": 0.8,
        "use_label_encoder": false,
        "objective": "binary:logistic",
        "base_score": 0.5,
        "booster": "gbtree",
        "colsample_bylevel": 1,
        "colsample_bytree": 1,
        "gamma": 0.1,
        "gpu_id": -1,
        "importance_type": "gain",
        "interaction_constraints": "",
        "max_delta_step": 0,
        "max_depth": 6,
        "min_child_weight": 1,
        "missing": NaN,
        "monotone_constraints": "()",
        "n_estimators": 100,
        "n_jobs": 1,
        "num_parallel_tree": 100,
        "random_state": 4167,
        "reg_alpha": 0,
        "scale_pos_weight": 1,
        "tree_method": "exact",
        "validate_parameters": 1,
        "verbosity": null,
        "eval_metric": "logloss"
    },
    "process_time": 13.278258643,
    "time_time": 13.312313318252563,
    "random_state": 4167,
    "alpha": 0.1,
    "n_bins": 10,
    "gamma": 0.1,
    "rho": 0.05,
    "roc_auc_train": 0.8718407925852633,
    "auprc_train": 0.7692081373876705,
    "accuracy_train": 0.8132826304063916,
    "MC_loss_train": 0.12339097628226647,
    "PMC_loss_train": 2.153865164977874,
    "DC_loss_train": 0.3211567347760318,
    "roc_auc_test": 0.8681681818722445,
    "auprc_test": 0.7577951447466515,
    "accuracy_test": 0.8109976723283631,
    "MC_loss_test": 0.17981048449268183,
    "PMC_loss_test": 2.181940891685559,
    "DC_loss_test": 0.6178993449618295,
    "feature_importances_": {
        "temperature": 0.018476657569408417,
        "heartrate": 0.0036504832096397877,
        "resprate": 0.019345788285136223,
        "o2sat": 0.055250730365514755,
        "sbp": 0.012377717532217503,
        "dbp": 0.011063320562243462,
        "pain": 0.0034746085293591022,
        "acuity": 0.40895408391952515,
        "insurance": 0.011790761724114418,
        "language": 0.0009300422389060259,
        "marital_status": 0.0057060266844928265,
        "ethnicity": 0.02107381448149681,
        "gender": 0.0205621886998415,
        "anchor_year_group": 0.12766240537166595,
        "prev_visit": 0.25004062056541443,
        "prev_adm": 0.029640689492225647
    }
}