{
    "dataset": "data/mimic4_admissions.csv",
    "algorithm": "rf",
    "params": {
        "colsample_bynode": 0.8,
        "learning_rate": 1,
        "reg_lambda": 1e-05,
        "subsample": 0.8,
        "use_label_encoder": false,
        "objective": "binary:logistic",
        "base_score": 0.5,
        "booster": "gbtree",
        "colsample_bylevel": 1,
        "colsample_bytree": 1,
        "gamma": 0.05,
        "gpu_id": -1,
        "importance_type": "gain",
        "interaction_constraints": "",
        "max_delta_step": 0,
        "max_depth": 6,
        "min_child_weight": 1,
        "missing": NaN,
        "monotone_constraints": "()",
        "n_estimators": 100,
        "n_jobs": 1,
        "num_parallel_tree": 100,
        "random_state": 10439,
        "reg_alpha": 0,
        "scale_pos_weight": 1,
        "tree_method": "exact",
        "validate_parameters": 1,
        "verbosity": null,
        "eval_metric": "logloss"
    },
    "process_time": 13.298163417,
    "time_time": 13.307292222976685,
    "random_state": 10439,
    "alpha": 0.1,
    "n_bins": 10,
    "gamma": 0.05,
    "rho": 0.1,
    "roc_auc_train": 0.8710456835419726,
    "auprc_train": 0.7687655915404155,
    "accuracy_train": 0.8130214335100253,
    "MC_loss_train": 0.20288405573886373,
    "PMC_loss_train": 1.1256418854058017,
    "DC_loss_train": 0.6938409394265254,
    "roc_auc_test": 0.8681023207054145,
    "auprc_test": 0.7610448693090403,
    "accuracy_test": 0.8105597935055656,
    "MC_loss_test": 0.22026685141680535,
    "PMC_loss_test": 1.0949870309944176,
    "DC_loss_test": 0.5415017774131483,
    "feature_importances_": {
        "temperature": 0.011323408223688602,
        "heartrate": 0.004496279172599316,
        "resprate": 0.021413268521428108,
        "o2sat": 0.05590389668941498,
        "sbp": 0.012804226949810982,
        "dbp": 0.015112603083252907,
        "pain": 0.0025534830056130886,
        "acuity": 0.40190011262893677,
        "insurance": 0.011731455102562904,
        "language": 0.001948438584804535,
        "marital_status": 0.0063143507577478886,
        "ethnicity": 0.02511567622423172,
        "gender": 0.019151514396071434,
        "anchor_year_group": 0.12668690085411072,
        "prev_visit": 0.21109358966350555,
        "prev_adm": 0.07245084643363953
    }
}