{
    "dataset": "data/mimic4_admissions.csv",
    "algorithm": "rf",
    "params": {
        "colsample_bynode": 0.8,
        "learning_rate": 1,
        "reg_lambda": 1e-05,
        "subsample": 0.8,
        "use_label_encoder": false,
        "objective": "binary:logistic",
        "base_score": 0.5,
        "booster": "gbtree",
        "colsample_bylevel": 1,
        "colsample_bytree": 1,
        "gamma": 0.05,
        "gpu_id": -1,
        "importance_type": "gain",
        "interaction_constraints": "",
        "max_delta_step": 0,
        "max_depth": 6,
        "min_child_weight": 1,
        "missing": NaN,
        "monotone_constraints": "()",
        "n_estimators": 100,
        "n_jobs": 1,
        "num_parallel_tree": 100,
        "random_state": 8963,
        "reg_alpha": 0,
        "scale_pos_weight": 1,
        "tree_method": "exact",
        "validate_parameters": 1,
        "verbosity": null,
        "eval_metric": "logloss"
    },
    "process_time": 13.311464959999999,
    "time_time": 13.329187393188477,
    "random_state": 8963,
    "alpha": 0.1,
    "n_bins": 10,
    "gamma": 0.05,
    "rho": 0.1,
    "roc_auc_train": 0.8713464242156104,
    "auprc_train": 0.7673486909573951,
    "accuracy_train": 0.8130137512483675,
    "MC_loss_train": 0.15125385783986506,
    "PMC_loss_train": 1.1140077301236087,
    "DC_loss_train": 0.4263313692983389,
    "roc_auc_test": 0.8691374745513,
    "auprc_test": 0.7677871451089573,
    "accuracy_test": 0.8128413726348782,
    "MC_loss_test": 0.17201976363475507,
    "PMC_loss_test": 1.1232652562246341,
    "DC_loss_test": 0.4967941780463885,
    "feature_importances_": {
        "temperature": 0.019666913896799088,
        "heartrate": 0.0034785631578415632,
        "resprate": 0.015112409368157387,
        "o2sat": 0.05319661647081375,
        "sbp": 0.014389680698513985,
        "dbp": 0.011121355928480625,
        "pain": 0.002757903654128313,
        "acuity": 0.4093407094478607,
        "insurance": 0.013177641667425632,
        "language": 0.0012049181386828423,
        "marital_status": 0.00637542549520731,
        "ethnicity": 0.026533182710409164,
        "gender": 0.019493723288178444,
        "anchor_year_group": 0.14407552778720856,
        "prev_visit": 0.19151489436626434,
        "prev_adm": 0.06856056302785873
    }
}