{
    "dataset": "data/mimic4_admissions.csv",
    "algorithm": "rf",
    "params": {
        "colsample_bynode": 0.8,
        "learning_rate": 1,
        "reg_lambda": 1e-05,
        "subsample": 0.8,
        "use_label_encoder": false,
        "objective": "binary:logistic",
        "base_score": 0.5,
        "booster": "gbtree",
        "colsample_bylevel": 1,
        "colsample_bytree": 1,
        "gamma": 0.1,
        "gpu_id": -1,
        "importance_type": "gain",
        "interaction_constraints": "",
        "max_delta_step": 0,
        "max_depth": 6,
        "min_child_weight": 1,
        "missing": NaN,
        "monotone_constraints": "()",
        "n_estimators": 100,
        "n_jobs": 1,
        "num_parallel_tree": 100,
        "random_state": 1600,
        "reg_alpha": 0,
        "scale_pos_weight": 1,
        "tree_method": "exact",
        "validate_parameters": 1,
        "verbosity": null,
        "eval_metric": "logloss"
    },
    "process_time": 13.542592559000001,
    "time_time": 13.55297589302063,
    "random_state": 1600,
    "alpha": 0.1,
    "n_bins": 10,
    "gamma": 0.1,
    "rho": 0.01,
    "roc_auc_train": 0.8717587257174164,
    "auprc_train": 0.7680882548220749,
    "accuracy_train": 0.8134209111162326,
    "MC_loss_train": 0.10825465063436769,
    "PMC_loss_train": 2.9593015176249358,
    "DC_loss_train": 0.33884120915029814,
    "roc_auc_test": 0.8678385733290553,
    "auprc_test": 0.7615924782073994,
    "accuracy_test": 0.8101910534442627,
    "MC_loss_test": 0.12296800042045186,
    "PMC_loss_test": 3.0648310979207354,
    "DC_loss_test": 0.48405633286799743,
    "feature_importances_": {
        "temperature": 0.014404133893549442,
        "heartrate": 0.002397803822532296,
        "resprate": 0.026992425322532654,
        "o2sat": 0.06327095627784729,
        "sbp": 0.016965478658676147,
        "dbp": 0.006212406791746616,
        "pain": 0.002045560395345092,
        "acuity": 0.44038134813308716,
        "insurance": 0.00951730739325285,
        "language": 0.0010657316306605935,
        "marital_status": 0.003913257736712694,
        "ethnicity": 0.022835008800029755,
        "gender": 0.018810726702213287,
        "anchor_year_group": 0.11586824804544449,
        "prev_visit": 0.22811603546142578,
        "prev_adm": 0.027203569188714027
    }
}