{
    "dataset": "data/mimic4_admissions.csv",
    "algorithm": "rf",
    "params": {
        "colsample_bynode": 0.8,
        "learning_rate": 1,
        "reg_lambda": 1e-05,
        "subsample": 0.8,
        "use_label_encoder": false,
        "objective": "binary:logistic",
        "base_score": 0.5,
        "booster": "gbtree",
        "colsample_bylevel": 1,
        "colsample_bytree": 1,
        "gamma": 0.1,
        "gpu_id": -1,
        "importance_type": "gain",
        "interaction_constraints": "",
        "max_delta_step": 0,
        "max_depth": 6,
        "min_child_weight": 1,
        "missing": NaN,
        "monotone_constraints": "()",
        "n_estimators": 100,
        "n_jobs": 1,
        "num_parallel_tree": 100,
        "random_state": 2317,
        "reg_alpha": 0,
        "scale_pos_weight": 1,
        "tree_method": "exact",
        "validate_parameters": 1,
        "verbosity": null,
        "eval_metric": "logloss"
    },
    "process_time": 12.979022551,
    "time_time": 13.016782760620117,
    "random_state": 2317,
    "alpha": 0.01,
    "n_bins": 10,
    "gamma": 0.1,
    "rho": 0.01,
    "roc_auc_train": 0.8704561350229776,
    "auprc_train": 0.7658935400776156,
    "accuracy_train": 0.8128985173235,
    "MC_loss_train": 0.13724782292345233,
    "PMC_loss_train": 2.933422002838461,
    "DC_loss_train": 0.490096978381212,
    "roc_auc_test": 0.8706525737067909,
    "auprc_test": 0.7707001093890987,
    "accuracy_test": 0.8126339563503953,
    "MC_loss_test": 0.12235736629740912,
    "PMC_loss_test": 3.146243276490885,
    "DC_loss_test": 0.5178344489234958,
    "feature_importances_": {
        "temperature": 0.020252160727977753,
        "heartrate": 0.004994395188987255,
        "resprate": 0.017678143456578255,
        "o2sat": 0.06006452813744545,
        "sbp": 0.012228396721184254,
        "dbp": 0.009725773707032204,
        "pain": 0.00818117056041956,
        "acuity": 0.40085458755493164,
        "insurance": 0.0070088086649775505,
        "language": 0.0011978538241237402,
        "marital_status": 0.007825087755918503,
        "ethnicity": 0.024538740515708923,
        "gender": 0.016934910789132118,
        "anchor_year_group": 0.1337999403476715,
        "prev_visit": 0.2416166514158249,
        "prev_adm": 0.033098794519901276
    }
}