{
    "dataset": "data/mimic4_admissions.csv",
    "algorithm": "rf",
    "params": {
        "colsample_bynode": 0.8,
        "learning_rate": 1,
        "reg_lambda": 1e-05,
        "subsample": 0.8,
        "use_label_encoder": false,
        "objective": "binary:logistic",
        "base_score": 0.5,
        "booster": "gbtree",
        "colsample_bylevel": 1,
        "colsample_bytree": 1,
        "gamma": 0.05,
        "gpu_id": -1,
        "importance_type": "gain",
        "interaction_constraints": "",
        "max_delta_step": 0,
        "max_depth": 6,
        "min_child_weight": 1,
        "missing": NaN,
        "monotone_constraints": "()",
        "n_estimators": 100,
        "n_jobs": 1,
        "num_parallel_tree": 100,
        "random_state": 13477,
        "reg_alpha": 0,
        "scale_pos_weight": 1,
        "tree_method": "exact",
        "validate_parameters": 1,
        "verbosity": null,
        "eval_metric": "logloss"
    },
    "process_time": 13.839325656,
    "time_time": 13.848989248275757,
    "random_state": 13477,
    "alpha": 0.1,
    "n_bins": 10,
    "gamma": 0.05,
    "rho": 0.01,
    "roc_auc_train": 0.8706132727345015,
    "auprc_train": 0.7683239415850212,
    "accuracy_train": 0.8115618037950373,
    "MC_loss_train": 0.17763014658679804,
    "PMC_loss_train": 3.3951368348284086,
    "DC_loss_train": 0.5916739610826327,
    "roc_auc_test": 0.8731125421326102,
    "auprc_test": 0.7657913082674124,
    "accuracy_test": 0.8143163328800903,
    "MC_loss_test": 0.18473927974700927,
    "PMC_loss_test": 3.4702078982935114,
    "DC_loss_test": 0.4613284959757387,
    "feature_importances_": {
        "temperature": 0.01359492726624012,
        "heartrate": 0.005227960646152496,
        "resprate": 0.031077463179826736,
        "o2sat": 0.05827959626913071,
        "sbp": 0.017766226083040237,
        "dbp": 0.011173225939273834,
        "pain": 0.0026072084438055754,
        "acuity": 0.37925586104393005,
        "insurance": 0.007869548164308071,
        "language": 4.7689587518107146e-05,
        "marital_status": 0.008562684990465641,
        "ethnicity": 0.023493248969316483,
        "gender": 0.019862579181790352,
        "anchor_year_group": 0.15659917891025543,
        "prev_visit": 0.21897529065608978,
        "prev_adm": 0.04560741409659386
    }
}