{
    "dataset": "data/mimic4_admissions.csv",
    "algorithm": "rf",
    "params": {
        "colsample_bynode": 0.8,
        "learning_rate": 1,
        "reg_lambda": 1e-05,
        "subsample": 0.8,
        "use_label_encoder": false,
        "objective": "binary:logistic",
        "base_score": 0.5,
        "booster": "gbtree",
        "colsample_bylevel": 1,
        "colsample_bytree": 1,
        "gamma": 0.05,
        "gpu_id": -1,
        "importance_type": "gain",
        "interaction_constraints": "",
        "max_delta_step": 0,
        "max_depth": 6,
        "min_child_weight": 1,
        "missing": NaN,
        "monotone_constraints": "()",
        "n_estimators": 100,
        "n_jobs": 1,
        "num_parallel_tree": 100,
        "random_state": 6733,
        "reg_alpha": 0,
        "scale_pos_weight": 1,
        "tree_method": "exact",
        "validate_parameters": 1,
        "verbosity": null,
        "eval_metric": "logloss"
    },
    "process_time": 13.876563621,
    "time_time": 13.888800144195557,
    "random_state": 6733,
    "alpha": 0.01,
    "n_bins": 10,
    "gamma": 0.05,
    "rho": 0.1,
    "roc_auc_train": 0.8709935400424142,
    "auprc_train": 0.7676561039171096,
    "accuracy_train": 0.8135284627794422,
    "MC_loss_train": 0.14883256710247755,
    "PMC_loss_train": 1.1086039757484,
    "DC_loss_train": 0.5290683187363796,
    "roc_auc_test": 0.8698502077951221,
    "auprc_test": 0.7666115611435531,
    "accuracy_test": 0.8123804475582495,
    "MC_loss_test": 0.2954555664743696,
    "PMC_loss_test": 1.1030341148376466,
    "DC_loss_test": 0.7917280092323928,
    "feature_importances_": {
        "temperature": 0.01945411041378975,
        "heartrate": 0.004762973636388779,
        "resprate": 0.023822251707315445,
        "o2sat": 0.05118410661816597,
        "sbp": 0.015166022814810276,
        "dbp": 0.009670640341937542,
        "pain": 0.003185159992426634,
        "acuity": 0.39503172039985657,
        "insurance": 0.008384019136428833,
        "language": 0.0013226475566625595,
        "marital_status": 0.005855686031281948,
        "ethnicity": 0.021991021931171417,
        "gender": 0.02079993300139904,
        "anchor_year_group": 0.1334628462791443,
        "prev_visit": 0.2206731140613556,
        "prev_adm": 0.06523382663726807
    }
}