{
    "dataset": "data/mimic4_admissions.csv",
    "algorithm": "rf",
    "params": {
        "colsample_bynode": 0.8,
        "learning_rate": 1,
        "reg_lambda": 1e-05,
        "subsample": 0.8,
        "use_label_encoder": false,
        "objective": "binary:logistic",
        "base_score": 0.5,
        "booster": "gbtree",
        "colsample_bylevel": 1,
        "colsample_bytree": 1,
        "gamma": 0.1,
        "gpu_id": -1,
        "importance_type": "gain",
        "interaction_constraints": "",
        "max_delta_step": 0,
        "max_depth": 6,
        "min_child_weight": 1,
        "missing": NaN,
        "monotone_constraints": "()",
        "n_estimators": 100,
        "n_jobs": 1,
        "num_parallel_tree": 100,
        "random_state": 520,
        "reg_alpha": 0,
        "scale_pos_weight": 1,
        "tree_method": "exact",
        "validate_parameters": 1,
        "verbosity": null,
        "eval_metric": "logloss"
    },
    "process_time": 11.994060089000001,
    "time_time": 12.027838706970215,
    "random_state": 520,
    "alpha": 0.1,
    "n_bins": 10,
    "gamma": 0.1,
    "rho": 0.05,
    "roc_auc_train": 0.8707829909486668,
    "auprc_train": 0.7662124052543253,
    "accuracy_train": 0.8119151878312976,
    "MC_loss_train": 0.12388958702696129,
    "PMC_loss_train": 2.1732815409757467,
    "DC_loss_train": 0.3909389276914369,
    "roc_auc_test": 0.8707480443849382,
    "auprc_test": 0.767854180443998,
    "accuracy_test": 0.8121269387661035,
    "MC_loss_test": 0.13244064365114483,
    "PMC_loss_test": 2.132345249999087,
    "DC_loss_test": 0.3682394506747031,
    "feature_importances_": {
        "temperature": 0.013983937911689281,
        "heartrate": 0.0035884238313883543,
        "resprate": 0.021924486383795738,
        "o2sat": 0.04891052842140198,
        "sbp": 0.008866718970239162,
        "dbp": 0.00901877973228693,
        "pain": 0.002168718259781599,
        "acuity": 0.42825451493263245,
        "insurance": 0.009203998371958733,
        "language": 0.0008314608130604029,
        "marital_status": 0.007377739530056715,
        "ethnicity": 0.02221706137061119,
        "gender": 0.019468627870082855,
        "anchor_year_group": 0.13995541632175446,
        "prev_visit": 0.20833633840084076,
        "prev_adm": 0.05589331313967705
    }
}