{
    "dataset": "data/mimic4_admissions.csv",
    "algorithm": "rf",
    "params": {
        "colsample_bynode": 0.8,
        "learning_rate": 1,
        "reg_lambda": 1e-05,
        "subsample": 0.8,
        "use_label_encoder": false,
        "objective": "binary:logistic",
        "base_score": 0.5,
        "booster": "gbtree",
        "colsample_bylevel": 1,
        "colsample_bytree": 1,
        "gamma": 0.1,
        "gpu_id": -1,
        "importance_type": "gain",
        "interaction_constraints": "",
        "max_delta_step": 0,
        "max_depth": 6,
        "min_child_weight": 1,
        "missing": NaN,
        "monotone_constraints": "()",
        "n_estimators": 100,
        "n_jobs": 1,
        "num_parallel_tree": 100,
        "random_state": 15751,
        "reg_alpha": 0,
        "scale_pos_weight": 1,
        "tree_method": "exact",
        "validate_parameters": 1,
        "verbosity": null,
        "eval_metric": "logloss"
    },
    "process_time": 12.705860251999999,
    "time_time": 12.742775440216064,
    "random_state": 15751,
    "alpha": 0.1,
    "n_bins": 10,
    "gamma": 0.1,
    "rho": 0.1,
    "roc_auc_train": 0.8712454837750638,
    "auprc_train": 0.7678787396430973,
    "accuracy_train": 0.8123684412691097,
    "MC_loss_train": 0.13856289943817202,
    "PMC_loss_train": 1.0742623139212788,
    "DC_loss_train": 0.4030992207438283,
    "roc_auc_test": 0.8685975925678199,
    "auprc_test": 0.7638765011645866,
    "accuracy_test": 0.8135327602498214,
    "MC_loss_test": 0.1713932493742365,
    "PMC_loss_test": 1.0618821204431796,
    "DC_loss_test": 0.5571505233977037,
    "feature_importances_": {
        "temperature": 0.014812021516263485,
        "heartrate": 0.00441350694745779,
        "resprate": 0.017667314037680626,
        "o2sat": 0.061717648059129715,
        "sbp": 0.012606827542185783,
        "dbp": 0.010695571079850197,
        "pain": 0.008615266531705856,
        "acuity": 0.4130551815032959,
        "insurance": 0.011134035885334015,
        "language": 2.696224328246899e-05,
        "marital_status": 0.004416772164404392,
        "ethnicity": 0.024359984323382378,
        "gender": 0.01825850084424019,
        "anchor_year_group": 0.1191917434334755,
        "prev_visit": 0.21165518462657928,
        "prev_adm": 0.06737340986728668
    }
}