{
    "dataset": "data/mimic4_admissions.csv",
    "algorithm": "rf",
    "params": {
        "colsample_bynode": 0.8,
        "learning_rate": 1,
        "reg_lambda": 1e-05,
        "subsample": 0.8,
        "use_label_encoder": false,
        "objective": "binary:logistic",
        "base_score": 0.5,
        "booster": "gbtree",
        "colsample_bylevel": 1,
        "colsample_bytree": 1,
        "gamma": 0.05,
        "gpu_id": -1,
        "importance_type": "gain",
        "interaction_constraints": "",
        "max_delta_step": 0,
        "max_depth": 6,
        "min_child_weight": 1,
        "missing": NaN,
        "monotone_constraints": "()",
        "n_estimators": 100,
        "n_jobs": 1,
        "num_parallel_tree": 100,
        "random_state": 6496,
        "reg_alpha": 0,
        "scale_pos_weight": 1,
        "tree_method": "exact",
        "validate_parameters": 1,
        "verbosity": null,
        "eval_metric": "logloss"
    },
    "process_time": 13.223325586000001,
    "time_time": 13.230682611465454,
    "random_state": 6496,
    "alpha": 0.01,
    "n_bins": 10,
    "gamma": 0.05,
    "rho": 0.05,
    "roc_auc_train": 0.8728383171241365,
    "auprc_train": 0.7709076296441839,
    "accuracy_train": 0.8144042406084351,
    "MC_loss_train": 0.15230988264083867,
    "PMC_loss_train": 2.2061636273381997,
    "DC_loss_train": 0.5059290016927607,
    "roc_auc_test": 0.86628968501459,
    "auprc_test": 0.7576338206987372,
    "accuracy_test": 0.8104445622364085,
    "MC_loss_test": 0.15678352117538452,
    "PMC_loss_test": 2.2751206577869882,
    "DC_loss_test": 0.42273186774466254,
    "feature_importances_": {
        "temperature": 0.018310969695448875,
        "heartrate": 0.0035695398692041636,
        "resprate": 0.02286907657980919,
        "o2sat": 0.049792736768722534,
        "sbp": 0.014697455801069736,
        "dbp": 0.010021369904279709,
        "pain": 0.001725733745843172,
        "acuity": 0.41328632831573486,
        "insurance": 0.008570291101932526,
        "language": 0.000695692200679332,
        "marital_status": 0.004420916084200144,
        "ethnicity": 0.02277340739965439,
        "gender": 0.018677586689591408,
        "anchor_year_group": 0.13941222429275513,
        "prev_visit": 0.20970724523067474,
        "prev_adm": 0.0614694207906723
    }
}