{
    "dataset": "data/mimic4_admissions.csv",
    "algorithm": "rf",
    "params": {
        "colsample_bynode": 0.8,
        "learning_rate": 1,
        "reg_lambda": 1e-05,
        "subsample": 0.8,
        "use_label_encoder": false,
        "objective": "binary:logistic",
        "base_score": 0.5,
        "booster": "gbtree",
        "colsample_bylevel": 1,
        "colsample_bytree": 1,
        "gamma": 0.1,
        "gpu_id": -1,
        "importance_type": "gain",
        "interaction_constraints": "",
        "max_delta_step": 0,
        "max_depth": 6,
        "min_child_weight": 1,
        "missing": NaN,
        "monotone_constraints": "()",
        "n_estimators": 100,
        "n_jobs": 1,
        "num_parallel_tree": 100,
        "random_state": 9364,
        "reg_alpha": 0,
        "scale_pos_weight": 1,
        "tree_method": "exact",
        "validate_parameters": 1,
        "verbosity": null,
        "eval_metric": "logloss"
    },
    "process_time": 13.386832232,
    "time_time": 13.397876977920532,
    "random_state": 9364,
    "alpha": 0.05,
    "n_bins": 10,
    "gamma": 0.1,
    "rho": 0.1,
    "roc_auc_train": 0.871929440164888,
    "auprc_train": 0.769509219713909,
    "accuracy_train": 0.8135361450411001,
    "MC_loss_train": 0.1407381384930712,
    "PMC_loss_train": 1.0706710726585333,
    "DC_loss_train": 0.43505729670980964,
    "roc_auc_test": 0.8680353620466136,
    "auprc_test": 0.7617336793358459,
    "accuracy_test": 0.8106058860132286,
    "MC_loss_test": 0.13153584838962273,
    "PMC_loss_test": 1.110446932871641,
    "DC_loss_test": 0.463010816167694,
    "feature_importances_": {
        "temperature": 0.01525542140007019,
        "heartrate": 0.0055610970593988895,
        "resprate": 0.020140085369348526,
        "o2sat": 0.053881898522377014,
        "sbp": 0.01175658218562603,
        "dbp": 0.01011248305439949,
        "pain": 0.002457072027027607,
        "acuity": 0.4396718144416809,
        "insurance": 0.010361090302467346,
        "language": 7.223543798318133e-05,
        "marital_status": 0.004604831337928772,
        "ethnicity": 0.02504871040582657,
        "gender": 0.0187919270247221,
        "anchor_year_group": 0.11254016309976578,
        "prev_visit": 0.2093091905117035,
        "prev_adm": 0.06043534725904465
    }
}