{
    "dataset": "data/mimic4_admissions.csv",
    "algorithm": "rf",
    "params": {
        "colsample_bynode": 0.8,
        "learning_rate": 1,
        "reg_lambda": 1e-05,
        "subsample": 0.8,
        "use_label_encoder": false,
        "objective": "binary:logistic",
        "base_score": 0.5,
        "booster": "gbtree",
        "colsample_bylevel": 1,
        "colsample_bytree": 1,
        "gamma": 0.05,
        "gpu_id": -1,
        "importance_type": "gain",
        "interaction_constraints": "",
        "max_delta_step": 0,
        "max_depth": 6,
        "min_child_weight": 1,
        "missing": NaN,
        "monotone_constraints": "()",
        "n_estimators": 100,
        "n_jobs": 1,
        "num_parallel_tree": 100,
        "random_state": 397,
        "reg_alpha": 0,
        "scale_pos_weight": 1,
        "tree_method": "exact",
        "validate_parameters": 1,
        "verbosity": null,
        "eval_metric": "logloss"
    },
    "process_time": 13.149465849,
    "time_time": 13.161417722702026,
    "random_state": 397,
    "alpha": 0.1,
    "n_bins": 10,
    "gamma": 0.05,
    "rho": 0.1,
    "roc_auc_train": 0.8708701914642232,
    "auprc_train": 0.7670839926900254,
    "accuracy_train": 0.813267265883076,
    "MC_loss_train": 0.2477822944204858,
    "PMC_loss_train": 1.1645767837762833,
    "DC_loss_train": 0.7070549590891342,
    "roc_auc_test": 0.8685955405596236,
    "auprc_test": 0.7666115784730306,
    "accuracy_test": 0.8107902560438801,
    "MC_loss_test": 0.22289408445358277,
    "PMC_loss_test": 1.0920538183805104,
    "DC_loss_test": 0.5999619805850516,
    "feature_importances_": {
        "temperature": 0.025590019300580025,
        "heartrate": 0.003616545582190156,
        "resprate": 0.02690727822482586,
        "o2sat": 0.046402908861637115,
        "sbp": 0.014911208301782608,
        "dbp": 0.0074393111281096935,
        "pain": 0.003662043483927846,
        "acuity": 0.4319353997707367,
        "insurance": 0.006437763571739197,
        "language": 0.0029428633861243725,
        "marital_status": 0.008738490752875805,
        "ethnicity": 0.023840226233005524,
        "gender": 0.018410563468933105,
        "anchor_year_group": 0.11500757187604904,
        "prev_visit": 0.22811922430992126,
        "prev_adm": 0.03603857383131981
    }
}