{
    "dataset": "data/mimic4_admissions.csv",
    "algorithm": "rf",
    "params": {
        "colsample_bynode": 0.8,
        "learning_rate": 1,
        "reg_lambda": 1e-05,
        "subsample": 0.8,
        "use_label_encoder": false,
        "objective": "binary:logistic",
        "base_score": 0.5,
        "booster": "gbtree",
        "colsample_bylevel": 1,
        "colsample_bytree": 1,
        "gamma": 0.05,
        "gpu_id": -1,
        "importance_type": "gain",
        "interaction_constraints": "",
        "max_delta_step": 0,
        "max_depth": 6,
        "min_child_weight": 1,
        "missing": NaN,
        "monotone_constraints": "()",
        "n_estimators": 100,
        "n_jobs": 1,
        "num_parallel_tree": 100,
        "random_state": 4322,
        "reg_alpha": 0,
        "scale_pos_weight": 1,
        "tree_method": "exact",
        "validate_parameters": 1,
        "verbosity": null,
        "eval_metric": "logloss"
    },
    "process_time": 13.115334852,
    "time_time": 13.154932737350464,
    "random_state": 4322,
    "alpha": 0.1,
    "n_bins": 10,
    "gamma": 0.05,
    "rho": 0.01,
    "roc_auc_train": 0.8716089330586575,
    "auprc_train": 0.7690934645523781,
    "accuracy_train": 0.8126450026887916,
    "MC_loss_train": 0.17034865021705625,
    "PMC_loss_train": 3.3548648437628374,
    "DC_loss_train": 0.5336174080213265,
    "roc_auc_test": 0.8677286478450389,
    "auprc_test": 0.7616510500155329,
    "accuracy_test": 0.8122191237814294,
    "MC_loss_test": 0.1637464591435024,
    "PMC_loss_test": 3.3320686289521517,
    "DC_loss_test": 0.7375064550657537,
    "feature_importances_": {
        "temperature": 0.01717403158545494,
        "heartrate": 0.0054056174121797085,
        "resprate": 0.02039072848856449,
        "o2sat": 0.05481041595339775,
        "sbp": 0.013784333132207394,
        "dbp": 0.0077967774122953415,
        "pain": 0.0021749886218458414,
        "acuity": 0.4179965853691101,
        "insurance": 0.011242636479437351,
        "language": 0.002071953844279051,
        "marital_status": 0.004500881768763065,
        "ethnicity": 0.029117321595549583,
        "gender": 0.021246539428830147,
        "anchor_year_group": 0.12388817965984344,
        "prev_visit": 0.2150116264820099,
        "prev_adm": 0.053387343883514404
    }
}