{
    "dataset": "data/mimic4_admissions.csv",
    "algorithm": "rf",
    "params": {
        "colsample_bynode": 0.8,
        "learning_rate": 1,
        "reg_lambda": 1e-05,
        "subsample": 0.8,
        "use_label_encoder": false,
        "objective": "binary:logistic",
        "base_score": 0.5,
        "booster": "gbtree",
        "colsample_bylevel": 1,
        "colsample_bytree": 1,
        "gamma": 0.05,
        "gpu_id": -1,
        "importance_type": "gain",
        "interaction_constraints": "",
        "max_delta_step": 0,
        "max_depth": 6,
        "min_child_weight": 1,
        "missing": NaN,
        "monotone_constraints": "()",
        "n_estimators": 100,
        "n_jobs": 1,
        "num_parallel_tree": 100,
        "random_state": 11276,
        "reg_alpha": 0,
        "scale_pos_weight": 1,
        "tree_method": "exact",
        "validate_parameters": 1,
        "verbosity": null,
        "eval_metric": "logloss"
    },
    "process_time": 13.592166047000001,
    "time_time": 13.612895965576172,
    "random_state": 11276,
    "alpha": 0.1,
    "n_bins": 10,
    "gamma": 0.05,
    "rho": 0.05,
    "roc_auc_train": 0.8712643159095921,
    "auprc_train": 0.7688308881401907,
    "accuracy_train": 0.812944610893447,
    "MC_loss_train": 0.17297342538833615,
    "PMC_loss_train": 2.27321885316902,
    "DC_loss_train": 0.5816828819641013,
    "roc_auc_test": 0.8690638474960878,
    "auprc_test": 0.7644184809444718,
    "accuracy_test": 0.8098914521444539,
    "MC_loss_test": 0.20047569625517903,
    "PMC_loss_test": 2.1721103381222107,
    "DC_loss_test": 0.7283486188863786,
    "feature_importances_": {
        "temperature": 0.019430702552199364,
        "heartrate": 0.003573574824258685,
        "resprate": 0.020148715004324913,
        "o2sat": 0.05146672949194908,
        "sbp": 0.012786622159183025,
        "dbp": 0.007598410360515118,
        "pain": 0.002863976638764143,
        "acuity": 0.43533065915107727,
        "insurance": 0.010079211555421352,
        "language": 4.3133572035003453e-05,
        "marital_status": 0.005302998702973127,
        "ethnicity": 0.024659186601638794,
        "gender": 0.01958245411515236,
        "anchor_year_group": 0.12917421758174896,
        "prev_visit": 0.22022852301597595,
        "prev_adm": 0.03773095831274986
    }
}