{
    "dataset": "data/mimic4_admissions.csv",
    "algorithm": "rf",
    "params": {
        "colsample_bynode": 0.8,
        "learning_rate": 1,
        "reg_lambda": 1e-05,
        "subsample": 0.8,
        "use_label_encoder": false,
        "objective": "binary:logistic",
        "base_score": 0.5,
        "booster": "gbtree",
        "colsample_bylevel": 1,
        "colsample_bytree": 1,
        "gamma": 0.05,
        "gpu_id": -1,
        "importance_type": "gain",
        "interaction_constraints": "",
        "max_delta_step": 0,
        "max_depth": 6,
        "min_child_weight": 1,
        "missing": NaN,
        "monotone_constraints": "()",
        "n_estimators": 100,
        "n_jobs": 1,
        "num_parallel_tree": 100,
        "random_state": 8506,
        "reg_alpha": 0,
        "scale_pos_weight": 1,
        "tree_method": "exact",
        "validate_parameters": 1,
        "verbosity": null,
        "eval_metric": "logloss"
    },
    "process_time": 13.409623261,
    "time_time": 13.451061248779297,
    "random_state": 8506,
    "alpha": 0.05,
    "n_bins": 10,
    "gamma": 0.05,
    "rho": 0.01,
    "roc_auc_train": 0.8712927787904665,
    "auprc_train": 0.7671660558034095,
    "accuracy_train": 0.8143351002535146,
    "MC_loss_train": 0.13701824500010562,
    "PMC_loss_train": 3.464717699662267,
    "DC_loss_train": 0.5097668624177483,
    "roc_auc_test": 0.8691805163290033,
    "auprc_test": 0.7671161199626921,
    "accuracy_test": 0.8113433661358346,
    "MC_loss_test": 0.21247819725391084,
    "PMC_loss_test": 2.763704814229693,
    "DC_loss_test": 0.7020361279771913,
    "feature_importances_": {
        "temperature": 0.020324764773249626,
        "heartrate": 0.004848304204642773,
        "resprate": 0.02345808409154415,
        "o2sat": 0.05363650619983673,
        "sbp": 0.015708262100815773,
        "dbp": 0.009524403139948845,
        "pain": 0.002295829588547349,
        "acuity": 0.4003950357437134,
        "insurance": 0.009653076529502869,
        "language": 0.0014878661604598165,
        "marital_status": 0.0088540343567729,
        "ethnicity": 0.024767307564616203,
        "gender": 0.020995886996388435,
        "anchor_year_group": 0.09996722638607025,
        "prev_visit": 0.2424442321062088,
        "prev_adm": 0.06163918972015381
    }
}