{
    "dataset": "data/mimic4_admissions.csv",
    "algorithm": "rf",
    "params": {
        "colsample_bynode": 0.8,
        "learning_rate": 1,
        "reg_lambda": 1e-05,
        "subsample": 0.8,
        "use_label_encoder": false,
        "objective": "binary:logistic",
        "base_score": 0.5,
        "booster": "gbtree",
        "colsample_bylevel": 1,
        "colsample_bytree": 1,
        "gamma": 0.05,
        "gpu_id": -1,
        "importance_type": "gain",
        "interaction_constraints": "",
        "max_delta_step": 0,
        "max_depth": 6,
        "min_child_weight": 1,
        "missing": NaN,
        "monotone_constraints": "()",
        "n_estimators": 100,
        "n_jobs": 1,
        "num_parallel_tree": 100,
        "random_state": 7790,
        "reg_alpha": 0,
        "scale_pos_weight": 1,
        "tree_method": "exact",
        "validate_parameters": 1,
        "verbosity": null,
        "eval_metric": "logloss"
    },
    "process_time": 12.14933111,
    "time_time": 12.186106204986572,
    "random_state": 7790,
    "alpha": 0.1,
    "n_bins": 10,
    "gamma": 0.05,
    "rho": 0.01,
    "roc_auc_train": 0.8720425035169376,
    "auprc_train": 0.7681944644297034,
    "accuracy_train": 0.8144580164400399,
    "MC_loss_train": 0.14210716557146896,
    "PMC_loss_train": 3.206872151253071,
    "DC_loss_train": 0.36899324563949687,
    "roc_auc_test": 0.8658470277872503,
    "auprc_test": 0.7646793282792526,
    "accuracy_test": 0.8094996658293194,
    "MC_loss_test": 0.18657018162391997,
    "PMC_loss_test": 3.7939775865186345,
    "DC_loss_test": 0.7795542083006841,
    "feature_importances_": {
        "temperature": 0.01567339524626732,
        "heartrate": 0.002493478124961257,
        "resprate": 0.030121225863695145,
        "o2sat": 0.04476455599069595,
        "sbp": 0.014909784309566021,
        "dbp": 0.005847715772688389,
        "pain": 0.0021075347904115915,
        "acuity": 0.4482192099094391,
        "insurance": 0.012478280812501907,
        "language": 0.0010635893559083343,
        "marital_status": 0.0070869880728423595,
        "ethnicity": 0.027113119140267372,
        "gender": 0.01641129143536091,
        "anchor_year_group": 0.13774286210536957,
        "prev_visit": 0.2085442841053009,
        "prev_adm": 0.025422628968954086
    }
}