{
    "dataset": "data/mimic4_admissions.csv",
    "algorithm": "rf",
    "params": {
        "colsample_bynode": 0.8,
        "learning_rate": 1,
        "reg_lambda": 1e-05,
        "subsample": 0.8,
        "use_label_encoder": false,
        "objective": "binary:logistic",
        "base_score": 0.5,
        "booster": "gbtree",
        "colsample_bylevel": 1,
        "colsample_bytree": 1,
        "gamma": 0.1,
        "gpu_id": -1,
        "importance_type": "gain",
        "interaction_constraints": "",
        "max_delta_step": 0,
        "max_depth": 6,
        "min_child_weight": 1,
        "missing": NaN,
        "monotone_constraints": "()",
        "n_estimators": 100,
        "n_jobs": 1,
        "num_parallel_tree": 100,
        "random_state": 4325,
        "reg_alpha": 0,
        "scale_pos_weight": 1,
        "tree_method": "exact",
        "validate_parameters": 1,
        "verbosity": null,
        "eval_metric": "logloss"
    },
    "process_time": 13.082819571,
    "time_time": 13.098067998886108,
    "random_state": 4325,
    "alpha": 0.01,
    "n_bins": 10,
    "gamma": 0.1,
    "rho": 0.1,
    "roc_auc_train": 0.8724112696574198,
    "auprc_train": 0.7685826413485647,
    "accuracy_train": 0.8141507259737266,
    "MC_loss_train": 0.1448016124925796,
    "PMC_loss_train": 1.084757296912438,
    "DC_loss_train": 0.3464640265400195,
    "roc_auc_test": 0.8672995319497201,
    "auprc_test": 0.7654059893727261,
    "accuracy_test": 0.8097992671291282,
    "MC_loss_test": 0.24616293876599044,
    "PMC_loss_test": 1.2000443264842033,
    "DC_loss_test": 0.819877002206135,
    "feature_importances_": {
        "temperature": 0.015586398541927338,
        "heartrate": 0.002471155021339655,
        "resprate": 0.0182416383177042,
        "o2sat": 0.05507563427090645,
        "sbp": 0.016889706254005432,
        "dbp": 0.008050665259361267,
        "pain": 0.002323935739696026,
        "acuity": 0.44281160831451416,
        "insurance": 0.010105482302606106,
        "language": 0.001426576403900981,
        "marital_status": 0.0037322761490941048,
        "ethnicity": 0.02399645745754242,
        "gender": 0.01887868158519268,
        "anchor_year_group": 0.11383815854787827,
        "prev_visit": 0.22222675383090973,
        "prev_adm": 0.044344887137413025
    }
}