{
    "dataset": "data/mimic4_admissions.csv",
    "algorithm": "rf",
    "params": {
        "colsample_bynode": 0.8,
        "learning_rate": 1,
        "reg_lambda": 1e-05,
        "subsample": 0.8,
        "use_label_encoder": false,
        "objective": "binary:logistic",
        "base_score": 0.5,
        "booster": "gbtree",
        "colsample_bylevel": 1,
        "colsample_bytree": 1,
        "gamma": 0.1,
        "gpu_id": -1,
        "importance_type": "gain",
        "interaction_constraints": "",
        "max_delta_step": 0,
        "max_depth": 6,
        "min_child_weight": 1,
        "missing": NaN,
        "monotone_constraints": "()",
        "n_estimators": 100,
        "n_jobs": 1,
        "num_parallel_tree": 100,
        "random_state": 107,
        "reg_alpha": 0,
        "scale_pos_weight": 1,
        "tree_method": "exact",
        "validate_parameters": 1,
        "verbosity": null,
        "eval_metric": "logloss"
    },
    "process_time": 13.408740017000001,
    "time_time": 13.447803735733032,
    "random_state": 107,
    "alpha": 0.05,
    "n_bins": 10,
    "gamma": 0.1,
    "rho": 0.05,
    "roc_auc_train": 0.8715634080287333,
    "auprc_train": 0.7688499839692357,
    "accuracy_train": 0.8126987785203964,
    "MC_loss_train": 0.14530266815616238,
    "PMC_loss_train": 2.134611931563878,
    "DC_loss_train": 0.43385076219872387,
    "roc_auc_test": 0.8696378797732627,
    "auprc_test": 0.7645787680187837,
    "accuracy_test": 0.8099836371597797,
    "MC_loss_test": 0.21237595493976885,
    "PMC_loss_test": 2.233777197059353,
    "DC_loss_test": 0.5841996192444889,
    "feature_importances_": {
        "temperature": 0.017861250787973404,
        "heartrate": 0.004294669721275568,
        "resprate": 0.021468818187713623,
        "o2sat": 0.059356145560741425,
        "sbp": 0.013615340925753117,
        "dbp": 0.005629445426166058,
        "pain": 0.0029317825101315975,
        "acuity": 0.39995986223220825,
        "insurance": 0.00902969017624855,
        "language": 6.078089427319355e-05,
        "marital_status": 0.00907529890537262,
        "ethnicity": 0.028049785643815994,
        "gender": 0.01957516372203827,
        "anchor_year_group": 0.10811418294906616,
        "prev_visit": 0.24434304237365723,
        "prev_adm": 0.056634750217199326
    }
}