{
    "dataset": "data/mimic4_admissions.csv",
    "algorithm": "rf",
    "params": {
        "colsample_bynode": 0.8,
        "learning_rate": 1,
        "reg_lambda": 1e-05,
        "subsample": 0.8,
        "use_label_encoder": false,
        "objective": "binary:logistic",
        "base_score": 0.5,
        "booster": "gbtree",
        "colsample_bylevel": 1,
        "colsample_bytree": 1,
        "gamma": 0.05,
        "gpu_id": -1,
        "importance_type": "gain",
        "interaction_constraints": "",
        "max_delta_step": 0,
        "max_depth": 6,
        "min_child_weight": 1,
        "missing": NaN,
        "monotone_constraints": "()",
        "n_estimators": 100,
        "n_jobs": 1,
        "num_parallel_tree": 100,
        "random_state": 3309,
        "reg_alpha": 0,
        "scale_pos_weight": 1,
        "tree_method": "exact",
        "validate_parameters": 1,
        "verbosity": null,
        "eval_metric": "logloss"
    },
    "process_time": 13.497839678,
    "time_time": 13.616167545318604,
    "random_state": 3309,
    "alpha": 0.05,
    "n_bins": 10,
    "gamma": 0.05,
    "rho": 0.1,
    "roc_auc_train": 0.8713033915528882,
    "auprc_train": 0.7683562895928377,
    "accuracy_train": 0.8130214335100253,
    "MC_loss_train": 0.1608076225308811,
    "PMC_loss_train": 1.1176378869024353,
    "DC_loss_train": 0.576565346249196,
    "roc_auc_test": 0.8693979769732579,
    "auprc_test": 0.7661997490559216,
    "accuracy_test": 0.8124726325735752,
    "MC_loss_test": 0.22395108805762398,
    "PMC_loss_test": 1.1116732356602887,
    "DC_loss_test": 0.7109820481959795,
    "feature_importances_": {
        "temperature": 0.01338135078549385,
        "heartrate": 0.004423517733812332,
        "resprate": 0.020618340000510216,
        "o2sat": 0.05434317886829376,
        "sbp": 0.01592824049293995,
        "dbp": 0.010088924318552017,
        "pain": 0.0025551707949489355,
        "acuity": 0.4224419891834259,
        "insurance": 0.009505243971943855,
        "language": 0.000964080507401377,
        "marital_status": 0.0061450921930372715,
        "ethnicity": 0.027697430923581123,
        "gender": 0.017524059861898422,
        "anchor_year_group": 0.12608911097049713,
        "prev_visit": 0.19112528860569,
        "prev_adm": 0.07716905325651169
    }
}