{
    "dataset": "data/mimic4_admissions.csv",
    "algorithm": "rf",
    "params": {
        "colsample_bynode": 0.8,
        "learning_rate": 1,
        "reg_lambda": 1e-05,
        "subsample": 0.8,
        "use_label_encoder": false,
        "objective": "binary:logistic",
        "base_score": 0.5,
        "booster": "gbtree",
        "colsample_bylevel": 1,
        "colsample_bytree": 1,
        "gamma": 0.1,
        "gpu_id": -1,
        "importance_type": "gain",
        "interaction_constraints": "",
        "max_delta_step": 0,
        "max_depth": 6,
        "min_child_weight": 1,
        "missing": NaN,
        "monotone_constraints": "()",
        "n_estimators": 100,
        "n_jobs": 1,
        "num_parallel_tree": 100,
        "random_state": 10799,
        "reg_alpha": 0,
        "scale_pos_weight": 1,
        "tree_method": "exact",
        "validate_parameters": 1,
        "verbosity": null,
        "eval_metric": "logloss"
    },
    "process_time": 12.548517641,
    "time_time": 12.584755897521973,
    "random_state": 10799,
    "alpha": 0.1,
    "n_bins": 10,
    "gamma": 0.1,
    "rho": 0.1,
    "roc_auc_train": 0.8709429577245306,
    "auprc_train": 0.7666842437445693,
    "accuracy_train": 0.813267265883076,
    "MC_loss_train": 0.1224384636991353,
    "PMC_loss_train": 1.0825709184939984,
    "DC_loss_train": 0.42995561805901994,
    "roc_auc_test": 0.8688809031736817,
    "auprc_test": 0.7677889124590177,
    "accuracy_test": 0.8111359498513516,
    "MC_loss_test": 0.18380520256554206,
    "PMC_loss_test": 1.0907535598593692,
    "DC_loss_test": 0.40869166080365793,
    "feature_importances_": {
        "temperature": 0.015112567692995071,
        "heartrate": 0.0035118667874485254,
        "resprate": 0.026671040803194046,
        "o2sat": 0.06316174566745758,
        "sbp": 0.012444696389138699,
        "dbp": 0.009943057782948017,
        "pain": 0.0025252734776586294,
        "acuity": 0.3993426263332367,
        "insurance": 0.012492836453020573,
        "language": 0.0015644740778952837,
        "marital_status": 0.007117255590856075,
        "ethnicity": 0.025351248681545258,
        "gender": 0.01875269040465355,
        "anchor_year_group": 0.12115339189767838,
        "prev_visit": 0.24735595285892487,
        "prev_adm": 0.03349925950169563
    }
}