{
    "dataset": "data/mimic4_admissions.csv",
    "algorithm": "rf",
    "params": {
        "colsample_bynode": 0.8,
        "learning_rate": 1,
        "reg_lambda": 1e-05,
        "subsample": 0.8,
        "use_label_encoder": false,
        "objective": "binary:logistic",
        "base_score": 0.5,
        "booster": "gbtree",
        "colsample_bylevel": 1,
        "colsample_bytree": 1,
        "gamma": 0.1,
        "gpu_id": -1,
        "importance_type": "gain",
        "interaction_constraints": "",
        "max_delta_step": 0,
        "max_depth": 6,
        "min_child_weight": 1,
        "missing": NaN,
        "monotone_constraints": "()",
        "n_estimators": 100,
        "n_jobs": 1,
        "num_parallel_tree": 100,
        "random_state": 10485,
        "reg_alpha": 0,
        "scale_pos_weight": 1,
        "tree_method": "exact",
        "validate_parameters": 1,
        "verbosity": null,
        "eval_metric": "logloss"
    },
    "process_time": 12.98747888,
    "time_time": 13.025546789169312,
    "random_state": 10485,
    "alpha": 0.1,
    "n_bins": 10,
    "gamma": 0.1,
    "rho": 0.1,
    "roc_auc_train": 0.8713945614349254,
    "auprc_train": 0.7682238496870057,
    "accuracy_train": 0.8127064607820542,
    "MC_loss_train": 0.12470505652972874,
    "PMC_loss_train": 1.0738421326623142,
    "DC_loss_train": 0.4139130041488399,
    "roc_auc_test": 0.8693063524976287,
    "auprc_test": 0.7649530452519449,
    "accuracy_test": 0.8116890599433062,
    "MC_loss_test": 0.16969410339033747,
    "PMC_loss_test": 1.0766842956440685,
    "DC_loss_test": 0.3681511780385517,
    "feature_importances_": {
        "temperature": 0.014936559833586216,
        "heartrate": 0.004502668045461178,
        "resprate": 0.01840878836810589,
        "o2sat": 0.05957173556089401,
        "sbp": 0.009606371633708477,
        "dbp": 0.011986128985881805,
        "pain": 0.0028190973680466413,
        "acuity": 0.4076234698295593,
        "insurance": 0.0077825188636779785,
        "language": 0.0017409443389624357,
        "marital_status": 0.007999681867659092,
        "ethnicity": 0.022502722218632698,
        "gender": 0.017739955335855484,
        "anchor_year_group": 0.1382990926504135,
        "prev_visit": 0.2075023651123047,
        "prev_adm": 0.06697782874107361
    }
}