{
    "dataset": "data/mimic4_admissions.csv",
    "algorithm": "rf",
    "params": {
        "colsample_bynode": 0.8,
        "learning_rate": 1,
        "reg_lambda": 1e-05,
        "subsample": 0.8,
        "use_label_encoder": false,
        "objective": "binary:logistic",
        "base_score": 0.5,
        "booster": "gbtree",
        "colsample_bylevel": 1,
        "colsample_bytree": 1,
        "gamma": 0.05,
        "gpu_id": -1,
        "importance_type": "gain",
        "interaction_constraints": "",
        "max_delta_step": 0,
        "max_depth": 6,
        "min_child_weight": 1,
        "missing": NaN,
        "monotone_constraints": "()",
        "n_estimators": 100,
        "n_jobs": 1,
        "num_parallel_tree": 100,
        "random_state": 4452,
        "reg_alpha": 0,
        "scale_pos_weight": 1,
        "tree_method": "exact",
        "validate_parameters": 1,
        "verbosity": null,
        "eval_metric": "logloss"
    },
    "process_time": 13.253462639,
    "time_time": 13.267635345458984,
    "random_state": 4452,
    "alpha": 0.05,
    "n_bins": 10,
    "gamma": 0.05,
    "rho": 0.1,
    "roc_auc_train": 0.870671516053429,
    "auprc_train": 0.7672375014168604,
    "accuracy_train": 0.8128908350618422,
    "MC_loss_train": 0.17090746810880758,
    "PMC_loss_train": 1.10351253601773,
    "DC_loss_train": 0.5263108335038019,
    "roc_auc_test": 0.8707008596925786,
    "auprc_test": 0.7663400292225706,
    "accuracy_test": 0.8131870664423498,
    "MC_loss_test": 0.259335612708872,
    "PMC_loss_test": 1.426345869898796,
    "DC_loss_test": 0.9305787719971662,
    "feature_importances_": {
        "temperature": 0.017001619562506676,
        "heartrate": 0.0044108848087489605,
        "resprate": 0.01819831319153309,
        "o2sat": 0.05517578125,
        "sbp": 0.01180302631109953,
        "dbp": 0.011952543631196022,
        "pain": 0.003438912332057953,
        "acuity": 0.41757991909980774,
        "insurance": 0.011103687807917595,
        "language": 0.0030400564428418875,
        "marital_status": 0.005860721226781607,
        "ethnicity": 0.025057878345251083,
        "gender": 0.018956858664751053,
        "anchor_year_group": 0.12152297049760818,
        "prev_visit": 0.22644752264022827,
        "prev_adm": 0.04844941571354866
    }
}