{
    "dataset": "data/mimic4_admissions.csv",
    "algorithm": "rf",
    "params": {
        "colsample_bynode": 0.8,
        "learning_rate": 1,
        "reg_lambda": 1e-05,
        "subsample": 0.8,
        "use_label_encoder": false,
        "objective": "binary:logistic",
        "base_score": 0.5,
        "booster": "gbtree",
        "colsample_bylevel": 1,
        "colsample_bytree": 1,
        "gamma": 0.05,
        "gpu_id": -1,
        "importance_type": "gain",
        "interaction_constraints": "",
        "max_delta_step": 0,
        "max_depth": 6,
        "min_child_weight": 1,
        "missing": NaN,
        "monotone_constraints": "()",
        "n_estimators": 100,
        "n_jobs": 1,
        "num_parallel_tree": 100,
        "random_state": 11680,
        "reg_alpha": 0,
        "scale_pos_weight": 1,
        "tree_method": "exact",
        "validate_parameters": 1,
        "verbosity": null,
        "eval_metric": "logloss"
    },
    "process_time": 13.116918886,
    "time_time": 13.124941349029541,
    "random_state": 11680,
    "alpha": 0.1,
    "n_bins": 10,
    "gamma": 0.05,
    "rho": 0.05,
    "roc_auc_train": 0.8715800689058539,
    "auprc_train": 0.7677229548466592,
    "accuracy_train": 0.8130982561266037,
    "MC_loss_train": 0.18953073712495655,
    "PMC_loss_train": 2.204138378323982,
    "DC_loss_train": 0.5669958952330452,
    "roc_auc_test": 0.86888332866738,
    "auprc_test": 0.7663432834332105,
    "accuracy_test": 0.8129335576502039,
    "MC_loss_test": 0.19328209694395676,
    "PMC_loss_test": 2.392621381036714,
    "DC_loss_test": 0.5432608995191446,
    "feature_importances_": {
        "temperature": 0.015369846485555172,
        "heartrate": 0.004234743770211935,
        "resprate": 0.018261224031448364,
        "o2sat": 0.04932734742760658,
        "sbp": 0.011275723576545715,
        "dbp": 0.012284982018172741,
        "pain": 0.002879068488255143,
        "acuity": 0.4028206765651703,
        "insurance": 0.007474659476429224,
        "language": 0.0009624393424019217,
        "marital_status": 0.006746187340468168,
        "ethnicity": 0.023303216323256493,
        "gender": 0.0192096009850502,
        "anchor_year_group": 0.16539233922958374,
        "prev_visit": 0.2120889127254486,
        "prev_adm": 0.04836888983845711
    }
}