{
    "dataset": "data/mimic4_admissions.csv",
    "algorithm": "rf",
    "params": {
        "colsample_bynode": 0.8,
        "learning_rate": 1,
        "reg_lambda": 1e-05,
        "subsample": 0.8,
        "use_label_encoder": false,
        "objective": "binary:logistic",
        "base_score": 0.5,
        "booster": "gbtree",
        "colsample_bylevel": 1,
        "colsample_bytree": 1,
        "gamma": 0.1,
        "gpu_id": -1,
        "importance_type": "gain",
        "interaction_constraints": "",
        "max_delta_step": 0,
        "max_depth": 6,
        "min_child_weight": 1,
        "missing": NaN,
        "monotone_constraints": "()",
        "n_estimators": 100,
        "n_jobs": 1,
        "num_parallel_tree": 100,
        "random_state": 1037,
        "reg_alpha": 0,
        "scale_pos_weight": 1,
        "tree_method": "exact",
        "validate_parameters": 1,
        "verbosity": null,
        "eval_metric": "logloss"
    },
    "process_time": 13.017367695,
    "time_time": 13.026195526123047,
    "random_state": 1037,
    "alpha": 0.05,
    "n_bins": 10,
    "gamma": 0.1,
    "rho": 0.1,
    "roc_auc_train": 0.8718007601357443,
    "auprc_train": 0.7689082108027725,
    "accuracy_train": 0.8136206499193362,
    "MC_loss_train": 0.13358172282020747,
    "PMC_loss_train": 1.0959777516713414,
    "DC_loss_train": 0.3819884588999022,
    "roc_auc_test": 0.8682032260590405,
    "auprc_test": 0.762317551711502,
    "accuracy_test": 0.8119656149892835,
    "MC_loss_test": 0.13991432869306175,
    "PMC_loss_test": 1.0509536289576942,
    "DC_loss_test": 0.31996415662322386,
    "feature_importances_": {
        "temperature": 0.015517350286245346,
        "heartrate": 0.0047448198311030865,
        "resprate": 0.02428843453526497,
        "o2sat": 0.053546711802482605,
        "sbp": 0.011395317502319813,
        "dbp": 0.009366320446133614,
        "pain": 0.002582233166322112,
        "acuity": 0.3911438286304474,
        "insurance": 0.013409696519374847,
        "language": 0.001063501462340355,
        "marital_status": 0.004650498740375042,
        "ethnicity": 0.028476744890213013,
        "gender": 0.01711924560368061,
        "anchor_year_group": 0.12356477975845337,
        "prev_visit": 0.24056965112686157,
        "prev_adm": 0.058560822159051895
    }
}