{
    "dataset": "data/mimic4_admissions.csv",
    "algorithm": "rf",
    "params": {
        "colsample_bynode": 0.8,
        "learning_rate": 1,
        "reg_lambda": 1e-05,
        "subsample": 0.8,
        "use_label_encoder": false,
        "objective": "binary:logistic",
        "base_score": 0.5,
        "booster": "gbtree",
        "colsample_bylevel": 1,
        "colsample_bytree": 1,
        "gamma": 0.05,
        "gpu_id": -1,
        "importance_type": "gain",
        "interaction_constraints": "",
        "max_delta_step": 0,
        "max_depth": 6,
        "min_child_weight": 1,
        "missing": NaN,
        "monotone_constraints": "()",
        "n_estimators": 100,
        "n_jobs": 1,
        "num_parallel_tree": 100,
        "random_state": 6011,
        "reg_alpha": 0,
        "scale_pos_weight": 1,
        "tree_method": "exact",
        "validate_parameters": 1,
        "verbosity": null,
        "eval_metric": "logloss"
    },
    "process_time": 13.53636907,
    "time_time": 13.557491064071655,
    "random_state": 6011,
    "alpha": 0.05,
    "n_bins": 10,
    "gamma": 0.05,
    "rho": 0.01,
    "roc_auc_train": 0.8716100080785836,
    "auprc_train": 0.7688380964791761,
    "accuracy_train": 0.8138434355074133,
    "MC_loss_train": 0.17135107636451719,
    "PMC_loss_train": 3.165379960919909,
    "DC_loss_train": 0.5321363644378718,
    "roc_auc_test": 0.8690855719919057,
    "auprc_test": 0.7624646517806153,
    "accuracy_test": 0.8112742273743403,
    "MC_loss_test": 0.1775973493402655,
    "PMC_loss_test": 3.661899487438955,
    "DC_loss_test": 0.5867177177132139,
    "feature_importances_": {
        "temperature": 0.015489961951971054,
        "heartrate": 0.0033981993328779936,
        "resprate": 0.026184353977441788,
        "o2sat": 0.06320547312498093,
        "sbp": 0.01756136678159237,
        "dbp": 0.009009557776153088,
        "pain": 0.003925523720681667,
        "acuity": 0.4080009162425995,
        "insurance": 0.008755305781960487,
        "language": 0.0,
        "marital_status": 0.007887912914156914,
        "ethnicity": 0.023419326171278954,
        "gender": 0.01960967853665352,
        "anchor_year_group": 0.11797123402357101,
        "prev_visit": 0.2248443365097046,
        "prev_adm": 0.050736840814352036
    }
}