{
    "dataset": "data/mimic4_admissions.csv",
    "algorithm": "rf",
    "params": {
        "colsample_bynode": 0.8,
        "learning_rate": 1,
        "reg_lambda": 1e-05,
        "subsample": 0.8,
        "use_label_encoder": false,
        "objective": "binary:logistic",
        "base_score": 0.5,
        "booster": "gbtree",
        "colsample_bylevel": 1,
        "colsample_bytree": 1,
        "gamma": 0.1,
        "gpu_id": -1,
        "importance_type": "gain",
        "interaction_constraints": "",
        "max_delta_step": 0,
        "max_depth": 6,
        "min_child_weight": 1,
        "missing": NaN,
        "monotone_constraints": "()",
        "n_estimators": 100,
        "n_jobs": 1,
        "num_parallel_tree": 100,
        "random_state": 15391,
        "reg_alpha": 0,
        "scale_pos_weight": 1,
        "tree_method": "exact",
        "validate_parameters": 1,
        "verbosity": null,
        "eval_metric": "logloss"
    },
    "process_time": 12.172799929,
    "time_time": 12.18138599395752,
    "random_state": 15391,
    "alpha": 0.1,
    "n_bins": 10,
    "gamma": 0.1,
    "rho": 0.01,
    "roc_auc_train": 0.8709426343961388,
    "auprc_train": 0.7651497425301585,
    "accuracy_train": 0.8126526849504494,
    "MC_loss_train": 0.11208364609576743,
    "PMC_loss_train": 3.007087551399894,
    "DC_loss_train": 0.35889566850499255,
    "roc_auc_test": 0.8700391341004811,
    "auprc_test": 0.771558281561644,
    "accuracy_test": 0.8133944827268328,
    "MC_loss_test": 0.1794253662899808,
    "PMC_loss_test": 2.673689223471142,
    "DC_loss_test": 0.3840522845775378,
    "feature_importances_": {
        "temperature": 0.012764203362166882,
        "heartrate": 0.004717300180345774,
        "resprate": 0.02105841226875782,
        "o2sat": 0.0590321309864521,
        "sbp": 0.010807408019900322,
        "dbp": 0.011053050868213177,
        "pain": 0.002875636098906398,
        "acuity": 0.4250172972679138,
        "insurance": 0.008361183106899261,
        "language": 0.00013572174066212028,
        "marital_status": 0.007147424854338169,
        "ethnicity": 0.02321816422045231,
        "gender": 0.018225308507680893,
        "anchor_year_group": 0.12518657743930817,
        "prev_visit": 0.1790781170129776,
        "prev_adm": 0.09132203459739685
    }
}