{
    "dataset": "data/mimic4_admissions.csv",
    "algorithm": "rf",
    "params": {
        "colsample_bynode": 0.8,
        "learning_rate": 1,
        "reg_lambda": 1e-05,
        "subsample": 0.8,
        "use_label_encoder": false,
        "objective": "binary:logistic",
        "base_score": 0.5,
        "booster": "gbtree",
        "colsample_bylevel": 1,
        "colsample_bytree": 1,
        "gamma": 0.05,
        "gpu_id": -1,
        "importance_type": "gain",
        "interaction_constraints": "",
        "max_delta_step": 0,
        "max_depth": 6,
        "min_child_weight": 1,
        "missing": NaN,
        "monotone_constraints": "()",
        "n_estimators": 100,
        "n_jobs": 1,
        "num_parallel_tree": 100,
        "random_state": 6610,
        "reg_alpha": 0,
        "scale_pos_weight": 1,
        "tree_method": "exact",
        "validate_parameters": 1,
        "verbosity": null,
        "eval_metric": "logloss"
    },
    "process_time": 13.126435146,
    "time_time": 13.133802890777588,
    "random_state": 6610,
    "alpha": 0.1,
    "n_bins": 10,
    "gamma": 0.05,
    "rho": 0.05,
    "roc_auc_train": 0.8721806229143347,
    "auprc_train": 0.7691507782421088,
    "accuracy_train": 0.8127064607820542,
    "MC_loss_train": 0.17354084031526434,
    "PMC_loss_train": 2.233498978304885,
    "DC_loss_train": 0.37216525469575457,
    "roc_auc_test": 0.8690425997625781,
    "auprc_test": 0.7632430975854665,
    "accuracy_test": 0.8117581987048005,
    "MC_loss_test": 0.17325444401256623,
    "PMC_loss_test": 2.2452167553610036,
    "DC_loss_test": 0.8561792375811657,
    "feature_importances_": {
        "temperature": 0.017047544941306114,
        "heartrate": 0.003153060097247362,
        "resprate": 0.020799731835722923,
        "o2sat": 0.05024055391550064,
        "sbp": 0.015546789392828941,
        "dbp": 0.008911536075174809,
        "pain": 0.006669020280241966,
        "acuity": 0.4117690622806549,
        "insurance": 0.009139630012214184,
        "language": 4.88977566419635e-05,
        "marital_status": 0.0083446204662323,
        "ethnicity": 0.027124838903546333,
        "gender": 0.020357279106974602,
        "anchor_year_group": 0.12217345833778381,
        "prev_visit": 0.21407262980937958,
        "prev_adm": 0.06460130959749222
    }
}