{
    "dataset": "data/mimic4_admissions.csv",
    "algorithm": "rf",
    "params": {
        "colsample_bynode": 0.8,
        "learning_rate": 1,
        "reg_lambda": 1e-05,
        "subsample": 0.8,
        "use_label_encoder": false,
        "objective": "binary:logistic",
        "base_score": 0.5,
        "booster": "gbtree",
        "colsample_bylevel": 1,
        "colsample_bytree": 1,
        "gamma": 0.1,
        "gpu_id": -1,
        "importance_type": "gain",
        "interaction_constraints": "",
        "max_delta_step": 0,
        "max_depth": 6,
        "min_child_weight": 1,
        "missing": NaN,
        "monotone_constraints": "()",
        "n_estimators": 100,
        "n_jobs": 1,
        "num_parallel_tree": 100,
        "random_state": 15972,
        "reg_alpha": 0,
        "scale_pos_weight": 1,
        "tree_method": "exact",
        "validate_parameters": 1,
        "verbosity": null,
        "eval_metric": "logloss"
    },
    "process_time": 12.225249752,
    "time_time": 12.259965419769287,
    "random_state": 15972,
    "alpha": 0.1,
    "n_bins": 10,
    "gamma": 0.1,
    "rho": 0.05,
    "roc_auc_train": 0.8716602254660932,
    "auprc_train": 0.7679738679224115,
    "accuracy_train": 0.8136974725359146,
    "MC_loss_train": 0.15450371824093717,
    "PMC_loss_train": 2.1666956697190334,
    "DC_loss_train": 0.42422207815981516,
    "roc_auc_test": 0.8683367925623876,
    "auprc_test": 0.7659877288919346,
    "accuracy_test": 0.8104676084902399,
    "MC_loss_test": 0.11536511461785504,
    "PMC_loss_test": 2.1483250004992303,
    "DC_loss_test": 0.3859184857769129,
    "feature_importances_": {
        "temperature": 0.01835758239030838,
        "heartrate": 0.003300351556390524,
        "resprate": 0.017271684482693672,
        "o2sat": 0.060832299292087555,
        "sbp": 0.01780599169433117,
        "dbp": 0.01046044658869505,
        "pain": 0.0021595070138573647,
        "acuity": 0.3972104489803314,
        "insurance": 0.013555377721786499,
        "language": 0.001131183234974742,
        "marital_status": 0.008152217604219913,
        "ethnicity": 0.027829863131046295,
        "gender": 0.019028419628739357,
        "anchor_year_group": 0.1400829702615738,
        "prev_visit": 0.20875202119350433,
        "prev_adm": 0.05406973138451576
    }
}