{
    "dataset": "data/mimic4_admissions.csv",
    "algorithm": "rf",
    "params": {
        "colsample_bynode": 0.8,
        "learning_rate": 1,
        "reg_lambda": 1e-05,
        "subsample": 0.8,
        "use_label_encoder": false,
        "objective": "binary:logistic",
        "base_score": 0.5,
        "booster": "gbtree",
        "colsample_bylevel": 1,
        "colsample_bytree": 1,
        "gamma": 0.1,
        "gpu_id": -1,
        "importance_type": "gain",
        "interaction_constraints": "",
        "max_delta_step": 0,
        "max_depth": 6,
        "min_child_weight": 1,
        "missing": NaN,
        "monotone_constraints": "()",
        "n_estimators": 100,
        "n_jobs": 1,
        "num_parallel_tree": 100,
        "random_state": 2148,
        "reg_alpha": 0,
        "scale_pos_weight": 1,
        "tree_method": "exact",
        "validate_parameters": 1,
        "verbosity": null,
        "eval_metric": "logloss"
    },
    "process_time": 12.521019394,
    "time_time": 12.560696601867676,
    "random_state": 2148,
    "alpha": 0.1,
    "n_bins": 10,
    "gamma": 0.1,
    "rho": 0.1,
    "roc_auc_train": 0.8720382163616069,
    "auprc_train": 0.7685168022710875,
    "accuracy_train": 0.8136974725359146,
    "MC_loss_train": 0.13142512355531966,
    "PMC_loss_train": 1.0915550196478931,
    "DC_loss_train": 0.4116198410608354,
    "roc_auc_test": 0.8667969544786347,
    "auprc_test": 0.7623408943466358,
    "accuracy_test": 0.8096609896061395,
    "MC_loss_test": 0.1432947635650635,
    "PMC_loss_test": 0.9909669816171531,
    "DC_loss_test": 0.460151332802724,
    "feature_importances_": {
        "temperature": 0.018840959295630455,
        "heartrate": 0.003559294156730175,
        "resprate": 0.018476026132702827,
        "o2sat": 0.05309886485338211,
        "sbp": 0.011370510794222355,
        "dbp": 0.010207796469330788,
        "pain": 0.0029333375860005617,
        "acuity": 0.40217748284339905,
        "insurance": 0.009093658067286015,
        "language": 0.002021917374804616,
        "marital_status": 0.006494937930256128,
        "ethnicity": 0.027521369978785515,
        "gender": 0.018458260223269463,
        "anchor_year_group": 0.15154439210891724,
        "prev_visit": 0.2106570154428482,
        "prev_adm": 0.05354420095682144
    }
}