{
    "dataset": "data/mimic4_admissions.csv",
    "algorithm": "rf",
    "params": {
        "colsample_bynode": 0.8,
        "learning_rate": 1,
        "reg_lambda": 1e-05,
        "subsample": 0.8,
        "use_label_encoder": false,
        "objective": "binary:logistic",
        "base_score": 0.5,
        "booster": "gbtree",
        "colsample_bylevel": 1,
        "colsample_bytree": 1,
        "gamma": 0.1,
        "gpu_id": -1,
        "importance_type": "gain",
        "interaction_constraints": "",
        "max_delta_step": 0,
        "max_depth": 6,
        "min_child_weight": 1,
        "missing": NaN,
        "monotone_constraints": "()",
        "n_estimators": 100,
        "n_jobs": 1,
        "num_parallel_tree": 100,
        "random_state": 4232,
        "reg_alpha": 0,
        "scale_pos_weight": 1,
        "tree_method": "exact",
        "validate_parameters": 1,
        "verbosity": null,
        "eval_metric": "logloss"
    },
    "process_time": 12.41807792,
    "time_time": 12.457186222076416,
    "random_state": 4232,
    "alpha": 0.01,
    "n_bins": 10,
    "gamma": 0.1,
    "rho": 0.05,
    "roc_auc_train": 0.8717359047543274,
    "auprc_train": 0.7683762000321697,
    "accuracy_train": 0.8127525543520012,
    "MC_loss_train": 0.10984048385738221,
    "PMC_loss_train": 2.1679604098369833,
    "DC_loss_train": 0.31050254007189493,
    "roc_auc_test": 0.8687113464593373,
    "auprc_test": 0.7631398750083888,
    "accuracy_test": 0.8122191237814294,
    "MC_loss_test": 0.11680093069666442,
    "PMC_loss_test": 2.101066645842638,
    "DC_loss_test": 0.27896871242651367,
    "feature_importances_": {
        "temperature": 0.013597442768514156,
        "heartrate": 0.0044126068241894245,
        "resprate": 0.030533919110894203,
        "o2sat": 0.05442390963435173,
        "sbp": 0.01210129912942648,
        "dbp": 0.012357505038380623,
        "pain": 0.002943366998806596,
        "acuity": 0.41181325912475586,
        "insurance": 0.012530950829386711,
        "language": 0.0010026280069723725,
        "marital_status": 0.007367209531366825,
        "ethnicity": 0.026150202378630638,
        "gender": 0.01863735541701317,
        "anchor_year_group": 0.1284462809562683,
        "prev_visit": 0.19953270256519318,
        "prev_adm": 0.064149409532547
    }
}