{
    "dataset": "data/mimic4_admissions.csv",
    "algorithm": "rf",
    "params": {
        "colsample_bynode": 0.8,
        "learning_rate": 1,
        "reg_lambda": 1e-05,
        "subsample": 0.8,
        "use_label_encoder": false,
        "objective": "binary:logistic",
        "base_score": 0.5,
        "booster": "gbtree",
        "colsample_bylevel": 1,
        "colsample_bytree": 1,
        "gamma": 0.05,
        "gpu_id": -1,
        "importance_type": "gain",
        "interaction_constraints": "",
        "max_delta_step": 0,
        "max_depth": 6,
        "min_child_weight": 1,
        "missing": NaN,
        "monotone_constraints": "()",
        "n_estimators": 100,
        "n_jobs": 1,
        "num_parallel_tree": 100,
        "random_state": 9364,
        "reg_alpha": 0,
        "scale_pos_weight": 1,
        "tree_method": "exact",
        "validate_parameters": 1,
        "verbosity": null,
        "eval_metric": "logloss"
    },
    "process_time": 13.388545511,
    "time_time": 13.396075248718262,
    "random_state": 9364,
    "alpha": 0.05,
    "n_bins": 10,
    "gamma": 0.05,
    "rho": 0.01,
    "roc_auc_train": 0.8719293986671178,
    "auprc_train": 0.7695092071101235,
    "accuracy_train": 0.8135361450411001,
    "MC_loss_train": 0.20297820133398908,
    "PMC_loss_train": 3.2914252446757426,
    "DC_loss_train": 0.5360091453905209,
    "roc_auc_test": 0.8680353384388085,
    "auprc_test": 0.7617336672671021,
    "accuracy_test": 0.8106058860132286,
    "MC_loss_test": 0.18354283185566173,
    "PMC_loss_test": 3.3708246260881425,
    "DC_loss_test": 0.6221954445876609,
    "feature_importances_": {
        "temperature": 0.015257029794156551,
        "heartrate": 0.00556168332695961,
        "resprate": 0.02014220878481865,
        "o2sat": 0.05381946638226509,
        "sbp": 0.01172055583447218,
        "dbp": 0.010113549418747425,
        "pain": 0.00245733093470335,
        "acuity": 0.4397181570529938,
        "insurance": 0.01036218274384737,
        "language": 7.224305591080338e-05,
        "marital_status": 0.004605316556990147,
        "ethnicity": 0.02505134977400303,
        "gender": 0.018793907016515732,
        "anchor_year_group": 0.11255203187465668,
        "prev_visit": 0.20933124423027039,
        "prev_adm": 0.06044171750545502
    }
}