{
    "dataset": "data/mimic4_admissions.csv",
    "algorithm": "rf",
    "params": {
        "colsample_bynode": 0.8,
        "learning_rate": 1,
        "reg_lambda": 1e-05,
        "subsample": 0.8,
        "use_label_encoder": false,
        "objective": "binary:logistic",
        "base_score": 0.5,
        "booster": "gbtree",
        "colsample_bylevel": 1,
        "colsample_bytree": 1,
        "gamma": 0.05,
        "gpu_id": -1,
        "importance_type": "gain",
        "interaction_constraints": "",
        "max_delta_step": 0,
        "max_depth": 6,
        "min_child_weight": 1,
        "missing": NaN,
        "monotone_constraints": "()",
        "n_estimators": 100,
        "n_jobs": 1,
        "num_parallel_tree": 100,
        "random_state": 2183,
        "reg_alpha": 0,
        "scale_pos_weight": 1,
        "tree_method": "exact",
        "validate_parameters": 1,
        "verbosity": null,
        "eval_metric": "logloss"
    },
    "process_time": 12.989521018000001,
    "time_time": 12.997473239898682,
    "random_state": 2183,
    "alpha": 0.1,
    "n_bins": 10,
    "gamma": 0.05,
    "rho": 0.05,
    "roc_auc_train": 0.8716301156156753,
    "auprc_train": 0.7672069699597422,
    "accuracy_train": 0.8136129676576784,
    "MC_loss_train": 0.18712614883076062,
    "PMC_loss_train": 2.230419434493499,
    "DC_loss_train": 0.6249413319810043,
    "roc_auc_test": 0.8688765182070591,
    "auprc_test": 0.7651012652258591,
    "accuracy_test": 0.8133714364730014,
    "MC_loss_test": 0.20217692592869635,
    "PMC_loss_test": 2.175662613485748,
    "DC_loss_test": 0.4274440148269397,
    "feature_importances_": {
        "temperature": 0.017267931252717972,
        "heartrate": 0.0030898782424628735,
        "resprate": 0.020135406404733658,
        "o2sat": 0.051850851625204086,
        "sbp": 0.016264423727989197,
        "dbp": 0.006801190786063671,
        "pain": 0.002339055296033621,
        "acuity": 0.40078991651535034,
        "insurance": 0.006732837297022343,
        "language": 0.003518755082041025,
        "marital_status": 0.007462444715201855,
        "ethnicity": 0.026470454409718513,
        "gender": 0.018916836008429527,
        "anchor_year_group": 0.12954239547252655,
        "prev_visit": 0.2084399312734604,
        "prev_adm": 0.08037767559289932
    }
}