{
    "dataset": "data/mimic4_admissions.csv",
    "algorithm": "rf",
    "params": {
        "colsample_bynode": 0.8,
        "learning_rate": 1,
        "reg_lambda": 1e-05,
        "subsample": 0.8,
        "use_label_encoder": false,
        "objective": "binary:logistic",
        "base_score": 0.5,
        "booster": "gbtree",
        "colsample_bylevel": 1,
        "colsample_bytree": 1,
        "gamma": 0.05,
        "gpu_id": -1,
        "importance_type": "gain",
        "interaction_constraints": "",
        "max_delta_step": 0,
        "max_depth": 6,
        "min_child_weight": 1,
        "missing": NaN,
        "monotone_constraints": "()",
        "n_estimators": 100,
        "n_jobs": 1,
        "num_parallel_tree": 100,
        "random_state": 3670,
        "reg_alpha": 0,
        "scale_pos_weight": 1,
        "tree_method": "exact",
        "validate_parameters": 1,
        "verbosity": null,
        "eval_metric": "logloss"
    },
    "process_time": 12.413242051,
    "time_time": 12.420936346054077,
    "random_state": 3670,
    "alpha": 0.01,
    "n_bins": 10,
    "gamma": 0.05,
    "rho": 0.05,
    "roc_auc_train": 0.8716274356432948,
    "auprc_train": 0.7689233382585317,
    "accuracy_train": 0.8133364062379964,
    "MC_loss_train": 0.1489447031702314,
    "PMC_loss_train": 2.244111493495667,
    "DC_loss_train": 0.5881528646681817,
    "roc_auc_test": 0.8697180699848162,
    "auprc_test": 0.7646431203290802,
    "accuracy_test": 0.8122421700352608,
    "MC_loss_test": 0.3145877520243327,
    "PMC_loss_test": 2.238688777077873,
    "DC_loss_test": 0.7383526173279922,
    "feature_importances_": {
        "temperature": 0.017418939620256424,
        "heartrate": 0.004953589756041765,
        "resprate": 0.02299472875893116,
        "o2sat": 0.060685377568006516,
        "sbp": 0.015599715523421764,
        "dbp": 0.009903023019433022,
        "pain": 0.0040246653370559216,
        "acuity": 0.3938789963722229,
        "insurance": 0.005544682964682579,
        "language": 0.0010130860609933734,
        "marital_status": 0.009486042894423008,
        "ethnicity": 0.02616073749959469,
        "gender": 0.01859165169298649,
        "anchor_year_group": 0.12400390952825546,
        "prev_visit": 0.231466606259346,
        "prev_adm": 0.05427423492074013
    }
}