{
    "dataset": "data/mimic4_admissions.csv",
    "algorithm": "rf",
    "params": {
        "colsample_bynode": 0.8,
        "learning_rate": 1,
        "reg_lambda": 1e-05,
        "subsample": 0.8,
        "use_label_encoder": false,
        "objective": "binary:logistic",
        "base_score": 0.5,
        "booster": "gbtree",
        "colsample_bylevel": 1,
        "colsample_bytree": 1,
        "gamma": 0.05,
        "gpu_id": -1,
        "importance_type": "gain",
        "interaction_constraints": "",
        "max_delta_step": 0,
        "max_depth": 6,
        "min_child_weight": 1,
        "missing": NaN,
        "monotone_constraints": "()",
        "n_estimators": 100,
        "n_jobs": 1,
        "num_parallel_tree": 100,
        "random_state": 11966,
        "reg_alpha": 0,
        "scale_pos_weight": 1,
        "tree_method": "exact",
        "validate_parameters": 1,
        "verbosity": null,
        "eval_metric": "logloss"
    },
    "process_time": 13.154181439999999,
    "time_time": 13.161817789077759,
    "random_state": 11966,
    "alpha": 0.1,
    "n_bins": 10,
    "gamma": 0.05,
    "rho": 0.01,
    "roc_auc_train": 0.8712109531395984,
    "auprc_train": 0.7682607969044437,
    "accuracy_train": 0.8127525543520012,
    "MC_loss_train": 0.15940941282902943,
    "PMC_loss_train": 3.549726343702996,
    "DC_loss_train": 0.5939035923763538,
    "roc_auc_test": 0.8680213954289066,
    "auprc_test": 0.764379949427596,
    "accuracy_test": 0.8103293309672512,
    "MC_loss_test": 0.27127664287885034,
    "PMC_loss_test": 2.6501074235164683,
    "DC_loss_test": 0.9961336193851723,
    "feature_importances_": {
        "temperature": 0.015942975878715515,
        "heartrate": 0.005997978616505861,
        "resprate": 0.019218748435378075,
        "o2sat": 0.05879763141274452,
        "sbp": 0.013228281401097775,
        "dbp": 0.010105040855705738,
        "pain": 0.0023804455995559692,
        "acuity": 0.4296160936355591,
        "insurance": 0.007853643037378788,
        "language": 0.0003621098876465112,
        "marital_status": 0.008841230534017086,
        "ethnicity": 0.022758273407816887,
        "gender": 0.017977658659219742,
        "anchor_year_group": 0.1061411052942276,
        "prev_visit": 0.2132153958082199,
        "prev_adm": 0.06756340712308884
    }
}