{
    "dataset": "data/mimic4_admissions.csv",
    "algorithm": "rf",
    "params": {
        "colsample_bynode": 0.8,
        "learning_rate": 1,
        "reg_lambda": 1e-05,
        "subsample": 0.8,
        "use_label_encoder": false,
        "objective": "binary:logistic",
        "base_score": 0.5,
        "booster": "gbtree",
        "colsample_bylevel": 1,
        "colsample_bytree": 1,
        "gamma": 0.05,
        "gpu_id": -1,
        "importance_type": "gain",
        "interaction_constraints": "",
        "max_delta_step": 0,
        "max_depth": 6,
        "min_child_weight": 1,
        "missing": NaN,
        "monotone_constraints": "()",
        "n_estimators": 100,
        "n_jobs": 1,
        "num_parallel_tree": 100,
        "random_state": 10799,
        "reg_alpha": 0,
        "scale_pos_weight": 1,
        "tree_method": "exact",
        "validate_parameters": 1,
        "verbosity": null,
        "eval_metric": "logloss"
    },
    "process_time": 12.392975823,
    "time_time": 12.429059743881226,
    "random_state": 10799,
    "alpha": 0.05,
    "n_bins": 10,
    "gamma": 0.05,
    "rho": 0.05,
    "roc_auc_train": 0.8709429598001065,
    "auprc_train": 0.7666842456171316,
    "accuracy_train": 0.813267265883076,
    "MC_loss_train": 0.1363058634746222,
    "PMC_loss_train": 2.2583610180552713,
    "DC_loss_train": 0.4865077875639413,
    "roc_auc_test": 0.8688809366886279,
    "auprc_test": 0.7677889206966041,
    "accuracy_test": 0.8111359498513516,
    "MC_loss_test": 0.18380520256554206,
    "PMC_loss_test": 2.18150801378841,
    "DC_loss_test": 0.40563217852873495,
    "feature_importances_": {
        "temperature": 0.015092848800122738,
        "heartrate": 0.0035119373351335526,
        "resprate": 0.026671575382351875,
        "o2sat": 0.06316301226615906,
        "sbp": 0.012444945983588696,
        "dbp": 0.009943257085978985,
        "pain": 0.0025253240019083023,
        "acuity": 0.399350643157959,
        "insurance": 0.012493086978793144,
        "language": 0.001564505510032177,
        "marital_status": 0.007117398548871279,
        "ethnicity": 0.025351757183670998,
        "gender": 0.018753066658973694,
        "anchor_year_group": 0.12115582078695297,
        "prev_visit": 0.24736091494560242,
        "prev_adm": 0.033499930053949356
    }
}