{
    "dataset": "data/mimic4_admissions.csv",
    "algorithm": "rf",
    "params": {
        "colsample_bynode": 0.8,
        "learning_rate": 1,
        "reg_lambda": 1e-05,
        "subsample": 0.8,
        "use_label_encoder": false,
        "objective": "binary:logistic",
        "base_score": 0.5,
        "booster": "gbtree",
        "colsample_bylevel": 1,
        "colsample_bytree": 1,
        "gamma": 0.1,
        "gpu_id": -1,
        "importance_type": "gain",
        "interaction_constraints": "",
        "max_delta_step": 0,
        "max_depth": 6,
        "min_child_weight": 1,
        "missing": NaN,
        "monotone_constraints": "()",
        "n_estimators": 100,
        "n_jobs": 1,
        "num_parallel_tree": 100,
        "random_state": 7530,
        "reg_alpha": 0,
        "scale_pos_weight": 1,
        "tree_method": "exact",
        "validate_parameters": 1,
        "verbosity": null,
        "eval_metric": "logloss"
    },
    "process_time": 12.865912437999999,
    "time_time": 12.874401569366455,
    "random_state": 7530,
    "alpha": 0.05,
    "n_bins": 10,
    "gamma": 0.1,
    "rho": 0.01,
    "roc_auc_train": 0.8704970230308338,
    "auprc_train": 0.7668637677353284,
    "accuracy_train": 0.8129753399400783,
    "MC_loss_train": 0.15772664199871234,
    "PMC_loss_train": 2.9592510416566533,
    "DC_loss_train": 0.3337546902240889,
    "roc_auc_test": 0.8690951165281309,
    "auprc_test": 0.7657350697031801,
    "accuracy_test": 0.8124956788274066,
    "MC_loss_test": 0.2307936429292306,
    "PMC_loss_test": 3.050405119047608,
    "DC_loss_test": 0.5842802899763717,
    "feature_importances_": {
        "temperature": 0.018303178250789642,
        "heartrate": 0.0027203301433473825,
        "resprate": 0.020785532891750336,
        "o2sat": 0.046781547367572784,
        "sbp": 0.01835186965763569,
        "dbp": 0.006309726741164923,
        "pain": 0.001988908974453807,
        "acuity": 0.43045052886009216,
        "insurance": 0.011457816697657108,
        "language": 3.0400389732676558e-05,
        "marital_status": 0.006068542134016752,
        "ethnicity": 0.025715569034218788,
        "gender": 0.019110407680273056,
        "anchor_year_group": 0.1180482804775238,
        "prev_visit": 0.210215225815773,
        "prev_adm": 0.06366220116615295
    }
}