{
    "dataset": "data/mimic4_admissions.csv",
    "algorithm": "rf",
    "params": {
        "colsample_bynode": 0.8,
        "learning_rate": 1,
        "reg_lambda": 1e-05,
        "subsample": 0.8,
        "use_label_encoder": false,
        "objective": "binary:logistic",
        "base_score": 0.5,
        "booster": "gbtree",
        "colsample_bylevel": 1,
        "colsample_bytree": 1,
        "gamma": 0.1,
        "gpu_id": -1,
        "importance_type": "gain",
        "interaction_constraints": "",
        "max_delta_step": 0,
        "max_depth": 6,
        "min_child_weight": 1,
        "missing": NaN,
        "monotone_constraints": "()",
        "n_estimators": 100,
        "n_jobs": 1,
        "num_parallel_tree": 100,
        "random_state": 14635,
        "reg_alpha": 0,
        "scale_pos_weight": 1,
        "tree_method": "exact",
        "validate_parameters": 1,
        "verbosity": null,
        "eval_metric": "logloss"
    },
    "process_time": 12.685708462,
    "time_time": 12.697012424468994,
    "random_state": 14635,
    "alpha": 0.1,
    "n_bins": 10,
    "gamma": 0.1,
    "rho": 0.05,
    "roc_auc_train": 0.8715502302707139,
    "auprc_train": 0.7676197128005776,
    "accuracy_train": 0.8130521625566567,
    "MC_loss_train": 0.12952257296360958,
    "PMC_loss_train": 2.1722618945137153,
    "DC_loss_train": 0.3743336495980224,
    "roc_auc_test": 0.869796955354565,
    "auprc_test": 0.7673529988556442,
    "accuracy_test": 0.8131870664423498,
    "MC_loss_test": 0.153229554494222,
    "PMC_loss_test": 2.158396156456266,
    "DC_loss_test": 0.464731209299163,
    "feature_importances_": {
        "temperature": 0.014786998741328716,
        "heartrate": 0.004588864278048277,
        "resprate": 0.02324693463742733,
        "o2sat": 0.054583821445703506,
        "sbp": 0.013477667234838009,
        "dbp": 0.01094896998256445,
        "pain": 0.004867402371019125,
        "acuity": 0.4192366600036621,
        "insurance": 0.007252824027091265,
        "language": 0.0,
        "marital_status": 0.009379412047564983,
        "ethnicity": 0.02521505206823349,
        "gender": 0.017409641295671463,
        "anchor_year_group": 0.12382680922746658,
        "prev_visit": 0.21260476112365723,
        "prev_adm": 0.05857415497303009
    }
}