{
    "dataset": "data/mimic4_admissions.csv",
    "algorithm": "rf",
    "params": {
        "colsample_bynode": 0.8,
        "learning_rate": 1,
        "reg_lambda": 1e-05,
        "subsample": 0.8,
        "use_label_encoder": false,
        "objective": "binary:logistic",
        "base_score": 0.5,
        "booster": "gbtree",
        "colsample_bylevel": 1,
        "colsample_bytree": 1,
        "gamma": 0.05,
        "gpu_id": -1,
        "importance_type": "gain",
        "interaction_constraints": "",
        "max_delta_step": 0,
        "max_depth": 6,
        "min_child_weight": 1,
        "missing": NaN,
        "monotone_constraints": "()",
        "n_estimators": 100,
        "n_jobs": 1,
        "num_parallel_tree": 100,
        "random_state": 451,
        "reg_alpha": 0,
        "scale_pos_weight": 1,
        "tree_method": "exact",
        "validate_parameters": 1,
        "verbosity": null,
        "eval_metric": "logloss"
    },
    "process_time": 13.077795448,
    "time_time": 13.084785223007202,
    "random_state": 451,
    "alpha": 0.05,
    "n_bins": 10,
    "gamma": 0.05,
    "rho": 0.1,
    "roc_auc_train": 0.8715377964443723,
    "auprc_train": 0.7678484244548038,
    "accuracy_train": 0.8123300299608205,
    "MC_loss_train": 0.200575590133667,
    "PMC_loss_train": 1.1152320058544802,
    "DC_loss_train": 0.6384887680220812,
    "roc_auc_test": 0.8690069489085707,
    "auprc_test": 0.7680127888065765,
    "accuracy_test": 0.811205088612846,
    "MC_loss_test": 0.13040934801101683,
    "PMC_loss_test": 1.0562001159267789,
    "DC_loss_test": 0.5594002939145477,
    "feature_importances_": {
        "temperature": 0.014977430924773216,
        "heartrate": 0.0039012946654111147,
        "resprate": 0.01925327628850937,
        "o2sat": 0.049998171627521515,
        "sbp": 0.015450059436261654,
        "dbp": 0.008414288982748985,
        "pain": 0.002141257980838418,
        "acuity": 0.4162014126777649,
        "insurance": 0.010373258963227272,
        "language": 0.0016206450527533889,
        "marital_status": 0.007105408702045679,
        "ethnicity": 0.027933113276958466,
        "gender": 0.019183054566383362,
        "anchor_year_group": 0.12652763724327087,
        "prev_visit": 0.24438685178756714,
        "prev_adm": 0.03253285959362984
    }
}