{
    "dataset": "data/mimic4_admissions.csv",
    "algorithm": "rf",
    "params": {
        "colsample_bynode": 0.8,
        "learning_rate": 1,
        "reg_lambda": 1e-05,
        "subsample": 0.8,
        "use_label_encoder": false,
        "objective": "binary:logistic",
        "base_score": 0.5,
        "booster": "gbtree",
        "colsample_bylevel": 1,
        "colsample_bytree": 1,
        "gamma": 0.05,
        "gpu_id": -1,
        "importance_type": "gain",
        "interaction_constraints": "",
        "max_delta_step": 0,
        "max_depth": 6,
        "min_child_weight": 1,
        "missing": NaN,
        "monotone_constraints": "()",
        "n_estimators": 100,
        "n_jobs": 1,
        "num_parallel_tree": 100,
        "random_state": 187,
        "reg_alpha": 0,
        "scale_pos_weight": 1,
        "tree_method": "exact",
        "validate_parameters": 1,
        "verbosity": null,
        "eval_metric": "logloss"
    },
    "process_time": 13.547947537999999,
    "time_time": 13.602679967880249,
    "random_state": 187,
    "alpha": 0.1,
    "n_bins": 10,
    "gamma": 0.05,
    "rho": 0.01,
    "roc_auc_train": 0.8701540321692554,
    "auprc_train": 0.7654750088025881,
    "accuracy_train": 0.8115080279634325,
    "MC_loss_train": 0.1522349909294483,
    "PMC_loss_train": 3.647227022775336,
    "DC_loss_train": 0.49552673058683716,
    "roc_auc_test": 0.8717555157123524,
    "auprc_test": 0.7704915946378047,
    "accuracy_test": 0.8129105113963725,
    "MC_loss_test": 0.1765589611870902,
    "PMC_loss_test": 3.3567652172106177,
    "DC_loss_test": 0.6945767733695398,
    "feature_importances_": {
        "temperature": 0.018905870616436005,
        "heartrate": 0.0030674212612211704,
        "resprate": 0.01819148100912571,
        "o2sat": 0.05666721239686012,
        "sbp": 0.012093858793377876,
        "dbp": 0.008046217262744904,
        "pain": 0.0013931934954598546,
        "acuity": 0.43946951627731323,
        "insurance": 0.011666204780340195,
        "language": 5.6186345318565145e-05,
        "marital_status": 0.0074821398593485355,
        "ethnicity": 0.025114718824625015,
        "gender": 0.01657664217054844,
        "anchor_year_group": 0.12763550877571106,
        "prev_visit": 0.21352647244930267,
        "prev_adm": 0.040107373148202896
    }
}