{
    "dataset": "data/mimic4_admissions.csv",
    "algorithm": "rf",
    "params": {
        "colsample_bynode": 0.8,
        "learning_rate": 1,
        "reg_lambda": 1e-05,
        "subsample": 0.8,
        "use_label_encoder": false,
        "objective": "binary:logistic",
        "base_score": 0.5,
        "booster": "gbtree",
        "colsample_bylevel": 1,
        "colsample_bytree": 1,
        "gamma": 0.05,
        "gpu_id": -1,
        "importance_type": "gain",
        "interaction_constraints": "",
        "max_delta_step": 0,
        "max_depth": 6,
        "min_child_weight": 1,
        "missing": NaN,
        "monotone_constraints": "()",
        "n_estimators": 100,
        "n_jobs": 1,
        "num_parallel_tree": 100,
        "random_state": 153,
        "reg_alpha": 0,
        "scale_pos_weight": 1,
        "tree_method": "exact",
        "validate_parameters": 1,
        "verbosity": null,
        "eval_metric": "logloss"
    },
    "process_time": 12.297263112,
    "time_time": 12.34828782081604,
    "random_state": 153,
    "alpha": 0.1,
    "n_bins": 10,
    "gamma": 0.05,
    "rho": 0.01,
    "roc_auc_train": 0.8712572643293522,
    "auprc_train": 0.7680530338407605,
    "accuracy_train": 0.8128140124452639,
    "MC_loss_train": 0.2000319392123121,
    "PMC_loss_train": 3.373698693399872,
    "DC_loss_train": 0.49768372433258445,
    "roc_auc_test": 0.8677578821104841,
    "auprc_test": 0.7635808406426695,
    "accuracy_test": 0.8110437648360259,
    "MC_loss_test": 0.1583808788231441,
    "PMC_loss_test": 3.1303813407054317,
    "DC_loss_test": 0.4949110220731239,
    "feature_importances_": {
        "temperature": 0.014911104924976826,
        "heartrate": 0.005054065492004156,
        "resprate": 0.019943932071328163,
        "o2sat": 0.056733034551143646,
        "sbp": 0.011468581855297089,
        "dbp": 0.008709884248673916,
        "pain": 0.00516391359269619,
        "acuity": 0.3975326418876648,
        "insurance": 0.008118122816085815,
        "language": 0.0015905131585896015,
        "marital_status": 0.007941044867038727,
        "ethnicity": 0.02517027035355568,
        "gender": 0.018972326070070267,
        "anchor_year_group": 0.13501830399036407,
        "prev_visit": 0.19961297512054443,
        "prev_adm": 0.08405932784080505
    }
}