{
    "dataset": "data/mimic4_admissions.csv",
    "algorithm": "rf",
    "params": {
        "colsample_bynode": 0.8,
        "learning_rate": 1,
        "reg_lambda": 1e-05,
        "subsample": 0.8,
        "use_label_encoder": false,
        "objective": "binary:logistic",
        "base_score": 0.5,
        "booster": "gbtree",
        "colsample_bylevel": 1,
        "colsample_bytree": 1,
        "gamma": 0.1,
        "gpu_id": -1,
        "importance_type": "gain",
        "interaction_constraints": "",
        "max_delta_step": 0,
        "max_depth": 6,
        "min_child_weight": 1,
        "missing": NaN,
        "monotone_constraints": "()",
        "n_estimators": 100,
        "n_jobs": 1,
        "num_parallel_tree": 100,
        "random_state": 6733,
        "reg_alpha": 0,
        "scale_pos_weight": 1,
        "tree_method": "exact",
        "validate_parameters": 1,
        "verbosity": null,
        "eval_metric": "logloss"
    },
    "process_time": 13.330866927999999,
    "time_time": 13.456650495529175,
    "random_state": 6733,
    "alpha": 0.1,
    "n_bins": 10,
    "gamma": 0.1,
    "rho": 0.01,
    "roc_auc_train": 0.8709932433660874,
    "auprc_train": 0.7676560283838271,
    "accuracy_train": 0.8135284627794422,
    "MC_loss_train": 0.14883256710247755,
    "PMC_loss_train": 3.0684454575092834,
    "DC_loss_train": 0.48083215487807196,
    "roc_auc_test": 0.8698501257620966,
    "auprc_test": 0.766611547846627,
    "accuracy_test": 0.8123804475582495,
    "MC_loss_test": 0.14382103440563598,
    "PMC_loss_test": 2.4834409480293598,
    "DC_loss_test": 0.38276952704978395,
    "feature_importances_": {
        "temperature": 0.019475707784295082,
        "heartrate": 0.004788645077496767,
        "resprate": 0.023815875872969627,
        "o2sat": 0.05136765539646149,
        "sbp": 0.015161964111030102,
        "dbp": 0.009684646502137184,
        "pain": 0.0031843073666095734,
        "acuity": 0.394925981760025,
        "insurance": 0.008381775580346584,
        "language": 0.0013222935376688838,
        "marital_status": 0.0058541190810501575,
        "ethnicity": 0.021985135972499847,
        "gender": 0.02079436555504799,
        "anchor_year_group": 0.13342712819576263,
        "prev_visit": 0.22061404585838318,
        "prev_adm": 0.06521636992692947
    }
}