{
    "dataset": "data/mimic4_admissions.csv",
    "algorithm": "rf",
    "params": {
        "colsample_bynode": 0.8,
        "learning_rate": 1,
        "reg_lambda": 1e-05,
        "subsample": 0.8,
        "use_label_encoder": false,
        "objective": "binary:logistic",
        "base_score": 0.5,
        "booster": "gbtree",
        "colsample_bylevel": 1,
        "colsample_bytree": 1,
        "gamma": 0.1,
        "gpu_id": -1,
        "importance_type": "gain",
        "interaction_constraints": "",
        "max_delta_step": 0,
        "max_depth": 6,
        "min_child_weight": 1,
        "missing": NaN,
        "monotone_constraints": "()",
        "n_estimators": 100,
        "n_jobs": 1,
        "num_parallel_tree": 100,
        "random_state": 11276,
        "reg_alpha": 0,
        "scale_pos_weight": 1,
        "tree_method": "exact",
        "validate_parameters": 1,
        "verbosity": null,
        "eval_metric": "logloss"
    },
    "process_time": 13.259365179000001,
    "time_time": 13.302438735961914,
    "random_state": 11276,
    "alpha": 0.01,
    "n_bins": 10,
    "gamma": 0.1,
    "rho": 0.1,
    "roc_auc_train": 0.871264234826128,
    "auprc_train": 0.7688308613544204,
    "accuracy_train": 0.812944610893447,
    "MC_loss_train": 0.15113536715507508,
    "PMC_loss_train": 1.0772582519208995,
    "DC_loss_train": 0.46972394808043894,
    "roc_auc_test": 0.8690638524871895,
    "auprc_test": 0.7644184835824211,
    "accuracy_test": 0.8098914521444539,
    "MC_loss_test": 0.1970110907772471,
    "PMC_loss_test": 1.086056212142389,
    "DC_loss_test": 0.5557996036217968,
    "feature_importances_": {
        "temperature": 0.019429082050919533,
        "heartrate": 0.0035732765682041645,
        "resprate": 0.020147033035755157,
        "o2sat": 0.05146243795752525,
        "sbp": 0.012869004160165787,
        "dbp": 0.007597776595503092,
        "pain": 0.0028637375216931105,
        "acuity": 0.43529435992240906,
        "insurance": 0.010078370571136475,
        "language": 4.312997407396324e-05,
        "marital_status": 0.005302556324750185,
        "ethnicity": 0.024657130241394043,
        "gender": 0.019580820575356483,
        "anchor_year_group": 0.1291634440422058,
        "prev_visit": 0.22021014988422394,
        "prev_adm": 0.03772781044244766
    }
}