{
    "dataset": "data/mimic4_admissions.csv",
    "algorithm": "rf",
    "params": {
        "colsample_bynode": 0.8,
        "learning_rate": 1,
        "reg_lambda": 1e-05,
        "subsample": 0.8,
        "use_label_encoder": false,
        "objective": "binary:logistic",
        "base_score": 0.5,
        "booster": "gbtree",
        "colsample_bylevel": 1,
        "colsample_bytree": 1,
        "gamma": 0.05,
        "gpu_id": -1,
        "importance_type": "gain",
        "interaction_constraints": "",
        "max_delta_step": 0,
        "max_depth": 6,
        "min_child_weight": 1,
        "missing": NaN,
        "monotone_constraints": "()",
        "n_estimators": 100,
        "n_jobs": 1,
        "num_parallel_tree": 100,
        "random_state": 4129,
        "reg_alpha": 0,
        "scale_pos_weight": 1,
        "tree_method": "exact",
        "validate_parameters": 1,
        "verbosity": null,
        "eval_metric": "logloss"
    },
    "process_time": 13.607950055,
    "time_time": 13.677192687988281,
    "random_state": 4129,
    "alpha": 0.01,
    "n_bins": 10,
    "gamma": 0.05,
    "rho": 0.05,
    "roc_auc_train": 0.8708336039212321,
    "auprc_train": 0.7663123066973179,
    "accuracy_train": 0.8118690942613506,
    "MC_loss_train": 0.15790744504686127,
    "PMC_loss_train": 2.1810617948665936,
    "DC_loss_train": 0.5189601379528723,
    "roc_auc_test": 0.8718283305887936,
    "auprc_test": 0.7716038125972156,
    "accuracy_test": 0.8139475928187873,
    "MC_loss_test": 0.34199739353997366,
    "PMC_loss_test": 3.1919756730397544,
    "DC_loss_test": 1.4540502248007765,
    "feature_importances_": {
        "temperature": 0.01581009104847908,
        "heartrate": 0.003289136104285717,
        "resprate": 0.022945426404476166,
        "o2sat": 0.057351015508174896,
        "sbp": 0.016033345833420753,
        "dbp": 0.008644460700452328,
        "pain": 0.002920725615695119,
        "acuity": 0.3898888826370239,
        "insurance": 0.009840344078838825,
        "language": 0.0013654364738613367,
        "marital_status": 0.0075945486314594746,
        "ethnicity": 0.0252071563154459,
        "gender": 0.019683336839079857,
        "anchor_year_group": 0.12577390670776367,
        "prev_visit": 0.23939137160778046,
        "prev_adm": 0.05426080524921417
    }
}