{
    "dataset": "data/mimic4_admissions.csv",
    "algorithm": "rf",
    "params": {
        "colsample_bynode": 0.8,
        "learning_rate": 1,
        "reg_lambda": 1e-05,
        "subsample": 0.8,
        "use_label_encoder": false,
        "objective": "binary:logistic",
        "base_score": 0.5,
        "booster": "gbtree",
        "colsample_bylevel": 1,
        "colsample_bytree": 1,
        "gamma": 0.1,
        "gpu_id": -1,
        "importance_type": "gain",
        "interaction_constraints": "",
        "max_delta_step": 0,
        "max_depth": 6,
        "min_child_weight": 1,
        "missing": NaN,
        "monotone_constraints": "()",
        "n_estimators": 100,
        "n_jobs": 1,
        "num_parallel_tree": 100,
        "random_state": 7139,
        "reg_alpha": 0,
        "scale_pos_weight": 1,
        "tree_method": "exact",
        "validate_parameters": 1,
        "verbosity": null,
        "eval_metric": "logloss"
    },
    "process_time": 13.174888453000001,
    "time_time": 13.213271379470825,
    "random_state": 7139,
    "alpha": 0.1,
    "n_bins": 10,
    "gamma": 0.1,
    "rho": 0.01,
    "roc_auc_train": 0.8707210797696049,
    "auprc_train": 0.7670533927883278,
    "accuracy_train": 0.8115310747484059,
    "MC_loss_train": 0.13112658698384355,
    "PMC_loss_train": 3.0734657286666334,
    "DC_loss_train": 0.45606630328840925,
    "roc_auc_test": 0.8726295658899643,
    "auprc_test": 0.7700354939459444,
    "accuracy_test": 0.8143163328800903,
    "MC_loss_test": 0.12914106321469732,
    "PMC_loss_test": 2.7360016107559204,
    "DC_loss_test": 0.37181942542895363,
    "feature_importances_": {
        "temperature": 0.014702972024679184,
        "heartrate": 0.006163053680211306,
        "resprate": 0.0220621507614851,
        "o2sat": 0.05630987510085106,
        "sbp": 0.01133151724934578,
        "dbp": 0.010791379027068615,
        "pain": 0.00264416029676795,
        "acuity": 0.41266295313835144,
        "insurance": 0.00716756284236908,
        "language": 0.0,
        "marital_status": 0.007882439531385899,
        "ethnicity": 0.0250808484852314,
        "gender": 0.017366433516144753,
        "anchor_year_group": 0.12645164132118225,
        "prev_visit": 0.23341922461986542,
        "prev_adm": 0.04596380889415741
    }
}