{
    "dataset": "data/mimic4_admissions.csv",
    "algorithm": "rf",
    "params": {
        "colsample_bynode": 0.8,
        "learning_rate": 1,
        "reg_lambda": 1e-05,
        "subsample": 0.8,
        "use_label_encoder": false,
        "objective": "binary:logistic",
        "base_score": 0.5,
        "booster": "gbtree",
        "colsample_bylevel": 1,
        "colsample_bytree": 1,
        "gamma": 0.1,
        "gpu_id": -1,
        "importance_type": "gain",
        "interaction_constraints": "",
        "max_delta_step": 0,
        "max_depth": 6,
        "min_child_weight": 1,
        "missing": NaN,
        "monotone_constraints": "()",
        "n_estimators": 100,
        "n_jobs": 1,
        "num_parallel_tree": 100,
        "random_state": 6182,
        "reg_alpha": 0,
        "scale_pos_weight": 1,
        "tree_method": "exact",
        "validate_parameters": 1,
        "verbosity": null,
        "eval_metric": "logloss"
    },
    "process_time": 12.915721605000002,
    "time_time": 12.922964096069336,
    "random_state": 6182,
    "alpha": 0.05,
    "n_bins": 10,
    "gamma": 0.1,
    "rho": 0.05,
    "roc_auc_train": 0.8709726279739239,
    "auprc_train": 0.767906890000092,
    "accuracy_train": 0.8116078973649843,
    "MC_loss_train": 0.13380522224375913,
    "PMC_loss_train": 2.1445487485217765,
    "DC_loss_train": 0.300167960794703,
    "roc_auc_test": 0.8704779766843543,
    "auprc_test": 0.7667187750205388,
    "accuracy_test": 0.8123343550505865,
    "MC_loss_test": 0.10607240744041611,
    "PMC_loss_test": 2.121448148808322,
    "DC_loss_test": 0.23005405085537733,
    "feature_importances_": {
        "temperature": 0.014998996630311012,
        "heartrate": 0.005751557648181915,
        "resprate": 0.02210635133087635,
        "o2sat": 0.05805162712931633,
        "sbp": 0.010506423190236092,
        "dbp": 0.01098425593227148,
        "pain": 0.002130781998857856,
        "acuity": 0.4229587912559509,
        "insurance": 0.007568025030195713,
        "language": 0.00032735159038566053,
        "marital_status": 0.005721449851989746,
        "ethnicity": 0.02632305584847927,
        "gender": 0.018872670829296112,
        "anchor_year_group": 0.12416116148233414,
        "prev_visit": 0.2285517007112503,
        "prev_adm": 0.04098585620522499
    }
}