{
    "dataset": "data/mimic4_admissions.csv",
    "algorithm": "rf",
    "params": {
        "colsample_bynode": 0.8,
        "learning_rate": 1,
        "reg_lambda": 1e-05,
        "subsample": 0.8,
        "use_label_encoder": false,
        "objective": "binary:logistic",
        "base_score": 0.5,
        "booster": "gbtree",
        "colsample_bylevel": 1,
        "colsample_bytree": 1,
        "gamma": 0.05,
        "gpu_id": -1,
        "importance_type": "gain",
        "interaction_constraints": "",
        "max_delta_step": 0,
        "max_depth": 6,
        "min_child_weight": 1,
        "missing": NaN,
        "monotone_constraints": "()",
        "n_estimators": 100,
        "n_jobs": 1,
        "num_parallel_tree": 100,
        "random_state": 11643,
        "reg_alpha": 0,
        "scale_pos_weight": 1,
        "tree_method": "exact",
        "validate_parameters": 1,
        "verbosity": null,
        "eval_metric": "logloss"
    },
    "process_time": 12.086570957,
    "time_time": 12.124279499053955,
    "random_state": 11643,
    "alpha": 0.01,
    "n_bins": 10,
    "gamma": 0.05,
    "rho": 0.05,
    "roc_auc_train": 0.8709040430161042,
    "auprc_train": 0.7677428753044668,
    "accuracy_train": 0.8126834139970808,
    "MC_loss_train": 0.16213465541818717,
    "PMC_loss_train": 2.2201821355002216,
    "DC_loss_train": 0.5500268723885127,
    "roc_auc_test": 0.8704913155211345,
    "auprc_test": 0.7644554435618363,
    "accuracy_test": 0.8111129035975202,
    "MC_loss_test": 0.16356807947158813,
    "PMC_loss_test": 2.2684408047553486,
    "DC_loss_test": 0.5909713809696389,
    "feature_importances_": {
        "temperature": 0.017544131726026535,
        "heartrate": 0.0034888728987425566,
        "resprate": 0.023818451911211014,
        "o2sat": 0.058877475559711456,
        "sbp": 0.008608673699200153,
        "dbp": 0.011157684028148651,
        "pain": 0.002932874020189047,
        "acuity": 0.4147324562072754,
        "insurance": 0.011119292117655277,
        "language": 0.0011462989496067166,
        "marital_status": 0.005408693570643663,
        "ethnicity": 0.023999368771910667,
        "gender": 0.019295871257781982,
        "anchor_year_group": 0.11810504645109177,
        "prev_visit": 0.2311152070760727,
        "prev_adm": 0.04864959418773651
    }
}