{
    "dataset": "data/mimic4_admissions.csv",
    "algorithm": "rf",
    "params": {
        "colsample_bynode": 0.8,
        "learning_rate": 1,
        "reg_lambda": 1e-05,
        "subsample": 0.8,
        "use_label_encoder": false,
        "objective": "binary:logistic",
        "base_score": 0.5,
        "booster": "gbtree",
        "colsample_bylevel": 1,
        "colsample_bytree": 1,
        "gamma": 0.1,
        "gpu_id": -1,
        "importance_type": "gain",
        "interaction_constraints": "",
        "max_delta_step": 0,
        "max_depth": 6,
        "min_child_weight": 1,
        "missing": NaN,
        "monotone_constraints": "()",
        "n_estimators": 100,
        "n_jobs": 1,
        "num_parallel_tree": 100,
        "random_state": 8648,
        "reg_alpha": 0,
        "scale_pos_weight": 1,
        "tree_method": "exact",
        "validate_parameters": 1,
        "verbosity": null,
        "eval_metric": "logloss"
    },
    "process_time": 13.02466036,
    "time_time": 13.036391735076904,
    "random_state": 8648,
    "alpha": 0.05,
    "n_bins": 10,
    "gamma": 0.1,
    "rho": 0.05,
    "roc_auc_train": 0.872114781752001,
    "auprc_train": 0.7685628109554234,
    "accuracy_train": 0.8133287239763386,
    "MC_loss_train": 0.1661269685678315,
    "PMC_loss_train": 2.1763523592846337,
    "DC_loss_train": 0.5087013531849099,
    "roc_auc_test": 0.8707753220182428,
    "auprc_test": 0.7668962249007916,
    "accuracy_test": 0.8139475928187873,
    "MC_loss_test": 0.19139439475189135,
    "PMC_loss_test": 2.1675477356575072,
    "DC_loss_test": 0.7057084064329187,
    "feature_importances_": {
        "temperature": 0.015389709733426571,
        "heartrate": 0.004481249488890171,
        "resprate": 0.021853014826774597,
        "o2sat": 0.06150495633482933,
        "sbp": 0.016212016344070435,
        "dbp": 0.009912600740790367,
        "pain": 0.0028210252057760954,
        "acuity": 0.4133581519126892,
        "insurance": 0.0085580600425601,
        "language": 2.5489211111562327e-05,
        "marital_status": 0.0077581824734807014,
        "ethnicity": 0.02215663529932499,
        "gender": 0.01722360961139202,
        "anchor_year_group": 0.12392054498195648,
        "prev_visit": 0.2070971429347992,
        "prev_adm": 0.06772761046886444
    }
}