{
    "dataset": "data/mimic4_admissions.csv",
    "algorithm": "rf",
    "params": {
        "colsample_bynode": 0.8,
        "learning_rate": 1,
        "reg_lambda": 1e-05,
        "subsample": 0.8,
        "use_label_encoder": false,
        "objective": "binary:logistic",
        "base_score": 0.5,
        "booster": "gbtree",
        "colsample_bylevel": 1,
        "colsample_bytree": 1,
        "gamma": 0.05,
        "gpu_id": -1,
        "importance_type": "gain",
        "interaction_constraints": "",
        "max_delta_step": 0,
        "max_depth": 6,
        "min_child_weight": 1,
        "missing": NaN,
        "monotone_constraints": "()",
        "n_estimators": 100,
        "n_jobs": 1,
        "num_parallel_tree": 100,
        "random_state": 4558,
        "reg_alpha": 0,
        "scale_pos_weight": 1,
        "tree_method": "exact",
        "validate_parameters": 1,
        "verbosity": null,
        "eval_metric": "logloss"
    },
    "process_time": 12.605083448,
    "time_time": 12.641530275344849,
    "random_state": 4558,
    "alpha": 0.1,
    "n_bins": 10,
    "gamma": 0.05,
    "rho": 0.1,
    "roc_auc_train": 0.8724193565219793,
    "auprc_train": 0.7681752664024172,
    "accuracy_train": 0.813497733732811,
    "MC_loss_train": 0.15588080726171794,
    "PMC_loss_train": 1.143141546935746,
    "DC_loss_train": 0.5099070008454616,
    "roc_auc_test": 0.8670117212442258,
    "auprc_test": 0.7654785574100016,
    "accuracy_test": 0.8123343550505865,
    "MC_loss_test": 0.18737246057926082,
    "PMC_loss_test": 1.4023115120150829,
    "DC_loss_test": 0.6154047843094195,
    "feature_importances_": {
        "temperature": 0.016279539093375206,
        "heartrate": 0.0034338608384132385,
        "resprate": 0.018633296713232994,
        "o2sat": 0.0539238303899765,
        "sbp": 0.01397301722317934,
        "dbp": 0.010092432610690594,
        "pain": 0.002673533745110035,
        "acuity": 0.42958512902259827,
        "insurance": 0.008975135162472725,
        "language": 0.00307181547395885,
        "marital_status": 0.009988212026655674,
        "ethnicity": 0.02751544490456581,
        "gender": 0.016862180083990097,
        "anchor_year_group": 0.11691384762525558,
        "prev_visit": 0.21253462135791779,
        "prev_adm": 0.055544085800647736
    }
}