{
    "dataset": "data/mimic4_admissions.csv",
    "algorithm": "rf",
    "params": {
        "colsample_bynode": 0.8,
        "learning_rate": 1,
        "reg_lambda": 1e-05,
        "subsample": 0.8,
        "use_label_encoder": false,
        "objective": "binary:logistic",
        "base_score": 0.5,
        "booster": "gbtree",
        "colsample_bylevel": 1,
        "colsample_bytree": 1,
        "gamma": 0.1,
        "gpu_id": -1,
        "importance_type": "gain",
        "interaction_constraints": "",
        "max_delta_step": 0,
        "max_depth": 6,
        "min_child_weight": 1,
        "missing": NaN,
        "monotone_constraints": "()",
        "n_estimators": 100,
        "n_jobs": 1,
        "num_parallel_tree": 100,
        "random_state": 451,
        "reg_alpha": 0,
        "scale_pos_weight": 1,
        "tree_method": "exact",
        "validate_parameters": 1,
        "verbosity": null,
        "eval_metric": "logloss"
    },
    "process_time": 13.183734461,
    "time_time": 13.222092151641846,
    "random_state": 451,
    "alpha": 0.01,
    "n_bins": 10,
    "gamma": 0.1,
    "rho": 0.05,
    "roc_auc_train": 0.8715377296062121,
    "auprc_train": 0.7678484034723203,
    "accuracy_train": 0.8123300299608205,
    "MC_loss_train": 0.16165843034747096,
    "PMC_loss_train": 2.137020523988659,
    "DC_loss_train": 0.4518099058591709,
    "roc_auc_test": 0.869006921605679,
    "auprc_test": 0.7680127800480584,
    "accuracy_test": 0.811205088612846,
    "MC_loss_test": 0.13040934801101683,
    "PMC_loss_test": 2.1123984437142145,
    "DC_loss_test": 0.3415431740697452,
    "feature_importances_": {
        "temperature": 0.014976748265326023,
        "heartrate": 0.003901116782799363,
        "resprate": 0.01925239898264408,
        "o2sat": 0.049995891749858856,
        "sbp": 0.015494871884584427,
        "dbp": 0.008413906209170818,
        "pain": 0.002141160424798727,
        "acuity": 0.41618242859840393,
        "insurance": 0.010372786782681942,
        "language": 0.0016205711290240288,
        "marital_status": 0.007105085067451,
        "ethnicity": 0.02793184109032154,
        "gender": 0.019182179123163223,
        "anchor_year_group": 0.12652187049388885,
        "prev_visit": 0.24437572062015533,
        "prev_adm": 0.03253137692809105
    }
}