{
    "dataset": "data/mimic4_admissions.csv",
    "algorithm": "rf",
    "params": {
        "colsample_bynode": 0.8,
        "learning_rate": 1,
        "reg_lambda": 1e-05,
        "subsample": 0.8,
        "use_label_encoder": false,
        "objective": "binary:logistic",
        "base_score": 0.5,
        "booster": "gbtree",
        "colsample_bylevel": 1,
        "colsample_bytree": 1,
        "gamma": 0.05,
        "gpu_id": -1,
        "importance_type": "gain",
        "interaction_constraints": "",
        "max_delta_step": 0,
        "max_depth": 6,
        "min_child_weight": 1,
        "missing": NaN,
        "monotone_constraints": "()",
        "n_estimators": 100,
        "n_jobs": 1,
        "num_parallel_tree": 100,
        "random_state": 5220,
        "reg_alpha": 0,
        "scale_pos_weight": 1,
        "tree_method": "exact",
        "validate_parameters": 1,
        "verbosity": null,
        "eval_metric": "logloss"
    },
    "process_time": 14.003877695,
    "time_time": 14.032870292663574,
    "random_state": 5220,
    "alpha": 0.1,
    "n_bins": 10,
    "gamma": 0.05,
    "rho": 0.1,
    "roc_auc_train": 0.8709750472732743,
    "auprc_train": 0.7669490754955323,
    "accuracy_train": 0.8125989091188446,
    "MC_loss_train": 0.12563707732190987,
    "PMC_loss_train": 1.122824510005717,
    "DC_loss_train": 0.33205556134730063,
    "roc_auc_test": 0.8712289271517364,
    "auprc_test": 0.769053598364047,
    "accuracy_test": 0.8141550091032702,
    "MC_loss_test": 0.18063964670704258,
    "PMC_loss_test": 1.098690985204972,
    "DC_loss_test": 0.5764052694119725,
    "feature_importances_": {
        "temperature": 0.01709294691681862,
        "heartrate": 0.003592733759433031,
        "resprate": 0.0203914362937212,
        "o2sat": 0.058845557272434235,
        "sbp": 0.012294244021177292,
        "dbp": 0.008873118087649345,
        "pain": 0.0018086113268509507,
        "acuity": 0.42079639434814453,
        "insurance": 0.009135428816080093,
        "language": 0.00045921627315692604,
        "marital_status": 0.006372672505676746,
        "ethnicity": 0.02669820934534073,
        "gender": 0.019938379526138306,
        "anchor_year_group": 0.12518925964832306,
        "prev_visit": 0.22716112434864044,
        "prev_adm": 0.04135069251060486
    }
}