{
    "dataset": "data/mimic4_admissions.csv",
    "algorithm": "rf",
    "params": {
        "colsample_bynode": 0.8,
        "learning_rate": 1,
        "reg_lambda": 1e-05,
        "subsample": 0.8,
        "use_label_encoder": false,
        "objective": "binary:logistic",
        "base_score": 0.5,
        "booster": "gbtree",
        "colsample_bylevel": 1,
        "colsample_bytree": 1,
        "gamma": 0.05,
        "gpu_id": -1,
        "importance_type": "gain",
        "interaction_constraints": "",
        "max_delta_step": 0,
        "max_depth": 6,
        "min_child_weight": 1,
        "missing": NaN,
        "monotone_constraints": "()",
        "n_estimators": 100,
        "n_jobs": 1,
        "num_parallel_tree": 100,
        "random_state": 202,
        "reg_alpha": 0,
        "scale_pos_weight": 1,
        "tree_method": "exact",
        "validate_parameters": 1,
        "verbosity": null,
        "eval_metric": "logloss"
    },
    "process_time": 13.188359094,
    "time_time": 13.226581811904907,
    "random_state": 202,
    "alpha": 0.1,
    "n_bins": 10,
    "gamma": 0.05,
    "rho": 0.01,
    "roc_auc_train": 0.8707236970053648,
    "auprc_train": 0.7669811187984534,
    "accuracy_train": 0.8125297687639241,
    "MC_loss_train": 0.13794584217525663,
    "PMC_loss_train": 3.4144956802328426,
    "DC_loss_train": 0.7316724833931296,
    "roc_auc_test": 0.8721164608615808,
    "auprc_test": 0.7702797427701225,
    "accuracy_test": 0.8125417713350694,
    "MC_loss_test": 0.1818880098206656,
    "PMC_loss_test": 3.2344928237180857,
    "DC_loss_test": 0.5336088792003081,
    "feature_importances_": {
        "temperature": 0.01633879356086254,
        "heartrate": 0.004763559903949499,
        "resprate": 0.02121688611805439,
        "o2sat": 0.05638982728123665,
        "sbp": 0.0174428541213274,
        "dbp": 0.0065988958813250065,
        "pain": 0.0027984369080513716,
        "acuity": 0.41695359349250793,
        "insurance": 0.009690658189356327,
        "language": 0.0005522442515939474,
        "marital_status": 0.005727531388401985,
        "ethnicity": 0.028473608195781708,
        "gender": 0.01929546520113945,
        "anchor_year_group": 0.1198020800948143,
        "prev_visit": 0.2252049744129181,
        "prev_adm": 0.048750557005405426
    }
}