{
    "dataset": "data/mimic4_admissions.csv",
    "algorithm": "rf",
    "params": {
        "colsample_bynode": 0.8,
        "learning_rate": 1,
        "reg_lambda": 1e-05,
        "subsample": 0.8,
        "use_label_encoder": false,
        "objective": "binary:logistic",
        "base_score": 0.5,
        "booster": "gbtree",
        "colsample_bylevel": 1,
        "colsample_bytree": 1,
        "gamma": 0.1,
        "gpu_id": -1,
        "importance_type": "gain",
        "interaction_constraints": "",
        "max_delta_step": 0,
        "max_depth": 6,
        "min_child_weight": 1,
        "missing": NaN,
        "monotone_constraints": "()",
        "n_estimators": 100,
        "n_jobs": 1,
        "num_parallel_tree": 100,
        "random_state": 6610,
        "reg_alpha": 0,
        "scale_pos_weight": 1,
        "tree_method": "exact",
        "validate_parameters": 1,
        "verbosity": null,
        "eval_metric": "logloss"
    },
    "process_time": 12.668055698,
    "time_time": 12.704643964767456,
    "random_state": 6610,
    "alpha": 0.05,
    "n_bins": 10,
    "gamma": 0.1,
    "rho": 0.05,
    "roc_auc_train": 0.8721805228600961,
    "auprc_train": 0.769150751616229,
    "accuracy_train": 0.8127064607820542,
    "MC_loss_train": 0.13292890347932512,
    "PMC_loss_train": 2.1565678358962623,
    "DC_loss_train": 0.4614929395778269,
    "roc_auc_test": 0.869042604746619,
    "auprc_test": 0.7632430990775181,
    "accuracy_test": 0.8117581987048005,
    "MC_loss_test": 0.17325444401256623,
    "PMC_loss_test": 2.1920858288240157,
    "DC_loss_test": 0.5875987126414398,
    "feature_importances_": {
        "temperature": 0.017047161236405373,
        "heartrate": 0.0031529890839010477,
        "resprate": 0.020799264311790466,
        "o2sat": 0.05023942142724991,
        "sbp": 0.015546439215540886,
        "dbp": 0.008933869190514088,
        "pain": 0.006668870337307453,
        "acuity": 0.41175979375839233,
        "insurance": 0.009139424189925194,
        "language": 4.8896657972363755e-05,
        "marital_status": 0.008344433270394802,
        "ethnicity": 0.027124229818582535,
        "gender": 0.02035682275891304,
        "anchor_year_group": 0.12217071652412415,
        "prev_visit": 0.21406781673431396,
        "prev_adm": 0.06459985673427582
    }
}