{
    "dataset": "data/mimic4_admissions.csv",
    "algorithm": "rf",
    "params": {
        "colsample_bynode": 0.8,
        "learning_rate": 1,
        "reg_lambda": 1e-05,
        "subsample": 0.8,
        "use_label_encoder": false,
        "objective": "binary:logistic",
        "base_score": 0.5,
        "booster": "gbtree",
        "colsample_bylevel": 1,
        "colsample_bytree": 1,
        "gamma": 0.1,
        "gpu_id": -1,
        "importance_type": "gain",
        "interaction_constraints": "",
        "max_delta_step": 0,
        "max_depth": 6,
        "min_child_weight": 1,
        "missing": NaN,
        "monotone_constraints": "()",
        "n_estimators": 100,
        "n_jobs": 1,
        "num_parallel_tree": 100,
        "random_state": 6496,
        "reg_alpha": 0,
        "scale_pos_weight": 1,
        "tree_method": "exact",
        "validate_parameters": 1,
        "verbosity": null,
        "eval_metric": "logloss"
    },
    "process_time": 13.251042914,
    "time_time": 13.277007341384888,
    "random_state": 6496,
    "alpha": 0.1,
    "n_bins": 10,
    "gamma": 0.1,
    "rho": 0.05,
    "roc_auc_train": 0.8728382813174673,
    "auprc_train": 0.7709076202251667,
    "accuracy_train": 0.8144042406084351,
    "MC_loss_train": 0.15230988264083867,
    "PMC_loss_train": 2.194661336160733,
    "DC_loss_train": 0.4921746836211036,
    "roc_auc_test": 0.8662896825254589,
    "auprc_test": 0.7576338209633479,
    "accuracy_test": 0.8104445622364085,
    "MC_loss_test": 0.14538833789953876,
    "PMC_loss_test": 2.0572072031474344,
    "DC_loss_test": 0.42296070322362755,
    "feature_importances_": {
        "temperature": 0.01830942928791046,
        "heartrate": 0.0035692399833351374,
        "resprate": 0.022867154330015182,
        "o2sat": 0.04978854954242706,
        "sbp": 0.014746656641364098,
        "dbp": 0.010020527057349682,
        "pain": 0.0017591759096831083,
        "acuity": 0.4132516086101532,
        "insurance": 0.008569571189582348,
        "language": 0.0006956337601877749,
        "marital_status": 0.004420544486492872,
        "ethnicity": 0.02277149260044098,
        "gender": 0.018676016479730606,
        "anchor_year_group": 0.13940051198005676,
        "prev_visit": 0.20968963205814362,
        "prev_adm": 0.061464253813028336
    }
}