{
    "dataset": "data/mimic4_admissions.csv",
    "algorithm": "rf",
    "params": {
        "colsample_bynode": 0.8,
        "learning_rate": 1,
        "reg_lambda": 1e-05,
        "subsample": 0.8,
        "use_label_encoder": false,
        "objective": "binary:logistic",
        "base_score": 0.5,
        "booster": "gbtree",
        "colsample_bylevel": 1,
        "colsample_bytree": 1,
        "gamma": 0.05,
        "gpu_id": -1,
        "importance_type": "gain",
        "interaction_constraints": "",
        "max_delta_step": 0,
        "max_depth": 6,
        "min_child_weight": 1,
        "missing": NaN,
        "monotone_constraints": "()",
        "n_estimators": 100,
        "n_jobs": 1,
        "num_parallel_tree": 100,
        "random_state": 15972,
        "reg_alpha": 0,
        "scale_pos_weight": 1,
        "tree_method": "exact",
        "validate_parameters": 1,
        "verbosity": null,
        "eval_metric": "logloss"
    },
    "process_time": 12.755052272,
    "time_time": 12.76256799697876,
    "random_state": 15972,
    "alpha": 0.1,
    "n_bins": 10,
    "gamma": 0.05,
    "rho": 0.1,
    "roc_auc_train": 0.8716602697462692,
    "auprc_train": 0.7679738780646553,
    "accuracy_train": 0.8136974725359146,
    "MC_loss_train": 0.17264613509178162,
    "PMC_loss_train": 1.1795426038938148,
    "DC_loss_train": 0.5541407627108028,
    "roc_auc_test": 0.8683363333210653,
    "auprc_test": 0.7659875780776859,
    "accuracy_test": 0.8104676084902399,
    "MC_loss_test": 0.20003417893952014,
    "PMC_loss_test": 1.0741641393773464,
    "DC_loss_test": 0.49280647202822947,
    "feature_importances_": {
        "temperature": 0.01836206763982773,
        "heartrate": 0.0033011578489094973,
        "resprate": 0.01727590337395668,
        "o2sat": 0.06060287728905678,
        "sbp": 0.017810342833399773,
        "dbp": 0.010463002137839794,
        "pain": 0.0021600346080958843,
        "acuity": 0.39730748534202576,
        "insurance": 0.013558689504861832,
        "language": 0.001131459604948759,
        "marital_status": 0.008154208771884441,
        "ethnicity": 0.027836661785840988,
        "gender": 0.019033066928386688,
        "anchor_year_group": 0.14011718332767487,
        "prev_visit": 0.20880301296710968,
        "prev_adm": 0.05408294126391411
    }
}