{
    "dataset": "data/mimic4_admissions.csv",
    "algorithm": "rf",
    "params": {
        "colsample_bynode": 0.8,
        "learning_rate": 1,
        "reg_lambda": 1e-05,
        "subsample": 0.8,
        "use_label_encoder": false,
        "objective": "binary:logistic",
        "base_score": 0.5,
        "booster": "gbtree",
        "colsample_bylevel": 1,
        "colsample_bytree": 1,
        "gamma": 0.05,
        "gpu_id": -1,
        "importance_type": "gain",
        "interaction_constraints": "",
        "max_delta_step": 0,
        "max_depth": 6,
        "min_child_weight": 1,
        "missing": NaN,
        "monotone_constraints": "()",
        "n_estimators": 100,
        "n_jobs": 1,
        "num_parallel_tree": 100,
        "random_state": 15758,
        "reg_alpha": 0,
        "scale_pos_weight": 1,
        "tree_method": "exact",
        "validate_parameters": 1,
        "verbosity": null,
        "eval_metric": "logloss"
    },
    "process_time": 13.392235601,
    "time_time": 13.462597131729126,
    "random_state": 15758,
    "alpha": 0.1,
    "n_bins": 10,
    "gamma": 0.05,
    "rho": 0.1,
    "roc_auc_train": 0.8707577783005034,
    "auprc_train": 0.7674076041347007,
    "accuracy_train": 0.8127679188753169,
    "MC_loss_train": 0.1863489130588427,
    "PMC_loss_train": 1.1132174726489863,
    "DC_loss_train": 0.56775012251605,
    "roc_auc_test": 0.8713166880553085,
    "auprc_test": 0.7661263263401665,
    "accuracy_test": 0.8143393791339217,
    "MC_loss_test": 0.16235226960409255,
    "PMC_loss_test": 1.187019373919513,
    "DC_loss_test": 0.8125019819182044,
    "feature_importances_": {
        "temperature": 0.018738195300102234,
        "heartrate": 0.0037116212770342827,
        "resprate": 0.022207459434866905,
        "o2sat": 0.051594238728284836,
        "sbp": 0.018165994435548782,
        "dbp": 0.009523027576506138,
        "pain": 0.004699723329395056,
        "acuity": 0.37119829654693604,
        "insurance": 0.008959079161286354,
        "language": 0.0006344247958622873,
        "marital_status": 0.006377382203936577,
        "ethnicity": 0.025005759671330452,
        "gender": 0.016704460605978966,
        "anchor_year_group": 0.13935649394989014,
        "prev_visit": 0.24335557222366333,
        "prev_adm": 0.05976827070116997
    }
}