{
    "dataset": "data/mimic4_admissions.csv",
    "algorithm": "rf",
    "params": {
        "colsample_bynode": 0.8,
        "learning_rate": 1,
        "reg_lambda": 1e-05,
        "subsample": 0.8,
        "use_label_encoder": false,
        "objective": "binary:logistic",
        "base_score": 0.5,
        "booster": "gbtree",
        "colsample_bylevel": 1,
        "colsample_bytree": 1,
        "gamma": 0.1,
        "gpu_id": -1,
        "importance_type": "gain",
        "interaction_constraints": "",
        "max_delta_step": 0,
        "max_depth": 6,
        "min_child_weight": 1,
        "missing": NaN,
        "monotone_constraints": "()",
        "n_estimators": 100,
        "n_jobs": 1,
        "num_parallel_tree": 100,
        "random_state": 4586,
        "reg_alpha": 0,
        "scale_pos_weight": 1,
        "tree_method": "exact",
        "validate_parameters": 1,
        "verbosity": null,
        "eval_metric": "logloss"
    },
    "process_time": 13.36514652,
    "time_time": 13.373327493667603,
    "random_state": 4586,
    "alpha": 0.01,
    "n_bins": 10,
    "gamma": 0.1,
    "rho": 0.1,
    "roc_auc_train": 0.8707736622511961,
    "auprc_train": 0.7674558736917153,
    "accuracy_train": 0.8118998233079818,
    "MC_loss_train": 0.13258287056314255,
    "PMC_loss_train": 1.0665734884590816,
    "DC_loss_train": 0.31103740470884866,
    "roc_auc_test": 0.8697401342018346,
    "auprc_test": 0.7642111033275223,
    "accuracy_test": 0.8110437648360259,
    "MC_loss_test": 0.2172803994434983,
    "PMC_loss_test": 1.1126302768099223,
    "DC_loss_test": 0.4948799556105641,
    "feature_importances_": {
        "temperature": 0.014770206063985825,
        "heartrate": 0.00453777052462101,
        "resprate": 0.017658792436122894,
        "o2sat": 0.055060550570487976,
        "sbp": 0.011632060632109642,
        "dbp": 0.013166481629014015,
        "pain": 0.002289453288540244,
        "acuity": 0.397610604763031,
        "insurance": 0.010900381952524185,
        "language": 0.001037929905578494,
        "marital_status": 0.006747545674443245,
        "ethnicity": 0.024807510897517204,
        "gender": 0.02091810666024685,
        "anchor_year_group": 0.13379883766174316,
        "prev_visit": 0.23763778805732727,
        "prev_adm": 0.047426000237464905
    }
}