{
    "dataset": "data/mimic4_admissions.csv",
    "algorithm": "rf",
    "params": {
        "colsample_bynode": 0.8,
        "learning_rate": 1,
        "reg_lambda": 1e-05,
        "subsample": 0.8,
        "use_label_encoder": false,
        "objective": "binary:logistic",
        "base_score": 0.5,
        "booster": "gbtree",
        "colsample_bylevel": 1,
        "colsample_bytree": 1,
        "gamma": 0.1,
        "gpu_id": -1,
        "importance_type": "gain",
        "interaction_constraints": "",
        "max_delta_step": 0,
        "max_depth": 6,
        "min_child_weight": 1,
        "missing": NaN,
        "monotone_constraints": "()",
        "n_estimators": 100,
        "n_jobs": 1,
        "num_parallel_tree": 100,
        "random_state": 10321,
        "reg_alpha": 0,
        "scale_pos_weight": 1,
        "tree_method": "exact",
        "validate_parameters": 1,
        "verbosity": null,
        "eval_metric": "logloss"
    },
    "process_time": 13.084268643,
    "time_time": 13.119291305541992,
    "random_state": 10321,
    "alpha": 0.01,
    "n_bins": 10,
    "gamma": 0.1,
    "rho": 0.01,
    "roc_auc_train": 0.8714827379471949,
    "auprc_train": 0.7680745071602622,
    "accuracy_train": 0.8132288545747868,
    "MC_loss_train": 0.12374964614981387,
    "PMC_loss_train": 2.955857930238413,
    "DC_loss_train": 0.39249558838935905,
    "roc_auc_test": 0.8679878574100879,
    "auprc_test": 0.7627846434854662,
    "accuracy_test": 0.8103754234749142,
    "MC_loss_test": 0.16615207487320804,
    "PMC_loss_test": 3.0110334877310128,
    "DC_loss_test": 0.407964550323908,
    "feature_importances_": {
        "temperature": 0.01634037494659424,
        "heartrate": 0.004050757270306349,
        "resprate": 0.025794558227062225,
        "o2sat": 0.057999927550554276,
        "sbp": 0.022703979164361954,
        "dbp": 0.0081441355869174,
        "pain": 0.0017287979135289788,
        "acuity": 0.3992672860622406,
        "insurance": 0.008471962064504623,
        "language": 0.0006307124858722091,
        "marital_status": 0.007407862693071365,
        "ethnicity": 0.02457001432776451,
        "gender": 0.019291626289486885,
        "anchor_year_group": 0.13687503337860107,
        "prev_visit": 0.2223600149154663,
        "prev_adm": 0.044363006949424744
    }
}