{
    "dataset": "data/mimic4_admissions.csv",
    "algorithm": "rf",
    "params": {
        "colsample_bynode": 0.8,
        "learning_rate": 1,
        "reg_lambda": 1e-05,
        "subsample": 0.8,
        "use_label_encoder": false,
        "objective": "binary:logistic",
        "base_score": 0.5,
        "booster": "gbtree",
        "colsample_bylevel": 1,
        "colsample_bytree": 1,
        "gamma": 0.1,
        "gpu_id": -1,
        "importance_type": "gain",
        "interaction_constraints": "",
        "max_delta_step": 0,
        "max_depth": 6,
        "min_child_weight": 1,
        "missing": NaN,
        "monotone_constraints": "()",
        "n_estimators": 100,
        "n_jobs": 1,
        "num_parallel_tree": 100,
        "random_state": 8239,
        "reg_alpha": 0,
        "scale_pos_weight": 1,
        "tree_method": "exact",
        "validate_parameters": 1,
        "verbosity": null,
        "eval_metric": "logloss"
    },
    "process_time": 12.923399927999998,
    "time_time": 12.930903196334839,
    "random_state": 8239,
    "alpha": 0.01,
    "n_bins": 10,
    "gamma": 0.1,
    "rho": 0.05,
    "roc_auc_train": 0.8708835555160341,
    "auprc_train": 0.7665692934593279,
    "accuracy_train": 0.812714143043712,
    "MC_loss_train": 0.13554387308645321,
    "PMC_loss_train": 2.1658412747124838,
    "DC_loss_train": 0.41350466059783964,
    "roc_auc_test": 0.8707425773468815,
    "auprc_test": 0.7697627515375625,
    "accuracy_test": 0.8131870664423498,
    "MC_loss_test": 0.13245046319383563,
    "PMC_loss_test": 2.19386842757309,
    "DC_loss_test": 0.42541681787533225,
    "feature_importances_": {
        "temperature": 0.017152005806565285,
        "heartrate": 0.004217682871967554,
        "resprate": 0.022441374137997627,
        "o2sat": 0.05236515402793884,
        "sbp": 0.016203727573156357,
        "dbp": 0.011898920871317387,
        "pain": 0.00343528320081532,
        "acuity": 0.3948310315608978,
        "insurance": 0.009423446841537952,
        "language": 0.0004405910149216652,
        "marital_status": 0.0073914909735322,
        "ethnicity": 0.022236572578549385,
        "gender": 0.019941991195082664,
        "anchor_year_group": 0.12850478291511536,
        "prev_visit": 0.24982482194900513,
        "prev_adm": 0.039691150188446045
    }
}