{
    "dataset": "data/mimic4_admissions.csv",
    "algorithm": "rf",
    "params": {
        "colsample_bynode": 0.8,
        "learning_rate": 1,
        "reg_lambda": 1e-05,
        "subsample": 0.8,
        "use_label_encoder": false,
        "objective": "binary:logistic",
        "base_score": 0.5,
        "booster": "gbtree",
        "colsample_bylevel": 1,
        "colsample_bytree": 1,
        "gamma": 0.1,
        "gpu_id": -1,
        "importance_type": "gain",
        "interaction_constraints": "",
        "max_delta_step": 0,
        "max_depth": 6,
        "min_child_weight": 1,
        "missing": NaN,
        "monotone_constraints": "()",
        "n_estimators": 100,
        "n_jobs": 1,
        "num_parallel_tree": 100,
        "random_state": 15758,
        "reg_alpha": 0,
        "scale_pos_weight": 1,
        "tree_method": "exact",
        "validate_parameters": 1,
        "verbosity": null,
        "eval_metric": "logloss"
    },
    "process_time": 13.383410503,
    "time_time": 13.393054485321045,
    "random_state": 15758,
    "alpha": 0.1,
    "n_bins": 10,
    "gamma": 0.1,
    "rho": 0.05,
    "roc_auc_train": 0.8707577824466821,
    "auprc_train": 0.7674076071232023,
    "accuracy_train": 0.8127679188753169,
    "MC_loss_train": 0.15060145079805287,
    "PMC_loss_train": 2.183015892240918,
    "DC_loss_train": 0.4662236622656748,
    "roc_auc_test": 0.8713167852239347,
    "auprc_test": 0.7661263603779882,
    "accuracy_test": 0.8143393791339217,
    "MC_loss_test": 0.15704261391393598,
    "PMC_loss_test": 2.112199286750427,
    "DC_loss_test": 0.568156555505099,
    "feature_importances_": {
        "temperature": 0.01873701810836792,
        "heartrate": 0.0037113879807293415,
        "resprate": 0.02220606431365013,
        "o2sat": 0.0516538992524147,
        "sbp": 0.018164852634072304,
        "dbp": 0.00952242873609066,
        "pain": 0.004699428100138903,
        "acuity": 0.37117496132850647,
        "insurance": 0.008958515711128712,
        "language": 0.0006343849236145616,
        "marital_status": 0.006376981269568205,
        "ethnicity": 0.0250041875988245,
        "gender": 0.01670341193675995,
        "anchor_year_group": 0.13934774696826935,
        "prev_visit": 0.24334028363227844,
        "prev_adm": 0.05976451560854912
    }
}