{
    "dataset": "data/mimic4_admissions.csv",
    "algorithm": "rf",
    "params": {
        "colsample_bynode": 0.8,
        "learning_rate": 1,
        "reg_lambda": 1e-05,
        "subsample": 0.8,
        "use_label_encoder": false,
        "objective": "binary:logistic",
        "base_score": 0.5,
        "booster": "gbtree",
        "colsample_bylevel": 1,
        "colsample_bytree": 1,
        "gamma": 0.1,
        "gpu_id": -1,
        "importance_type": "gain",
        "interaction_constraints": "",
        "max_delta_step": 0,
        "max_depth": 6,
        "min_child_weight": 1,
        "missing": NaN,
        "monotone_constraints": "()",
        "n_estimators": 100,
        "n_jobs": 1,
        "num_parallel_tree": 100,
        "random_state": 15525,
        "reg_alpha": 0,
        "scale_pos_weight": 1,
        "tree_method": "exact",
        "validate_parameters": 1,
        "verbosity": null,
        "eval_metric": "logloss"
    },
    "process_time": 12.381464571,
    "time_time": 12.41670823097229,
    "random_state": 15525,
    "alpha": 0.05,
    "n_bins": 10,
    "gamma": 0.1,
    "rho": 0.1,
    "roc_auc_train": 0.871104438378803,
    "auprc_train": 0.7671625823351764,
    "accuracy_train": 0.8134362756395482,
    "MC_loss_train": 0.13327162614151766,
    "PMC_loss_train": 1.067779633269831,
    "DC_loss_train": 0.48091392076608863,
    "roc_auc_test": 0.8703459329677655,
    "auprc_test": 0.7652489295101915,
    "accuracy_test": 0.8121960775275979,
    "MC_loss_test": 0.12197997186281911,
    "PMC_loss_test": 1.1257291267073448,
    "DC_loss_test": 0.4021797783395651,
    "feature_importances_": {
        "temperature": 0.018846064805984497,
        "heartrate": 0.0034547282848507166,
        "resprate": 0.014135697856545448,
        "o2sat": 0.059520892798900604,
        "sbp": 0.014194650575518608,
        "dbp": 0.010196027345955372,
        "pain": 0.003849244210869074,
        "acuity": 0.40651288628578186,
        "insurance": 0.009194545447826385,
        "language": 5.5171727581182495e-05,
        "marital_status": 0.005120460409671068,
        "ethnicity": 0.026464397087693214,
        "gender": 0.019460204988718033,
        "anchor_year_group": 0.1371193528175354,
        "prev_visit": 0.21580815315246582,
        "prev_adm": 0.05606754496693611
    }
}