{
    "dataset": "data/mimic4_admissions.csv",
    "algorithm": "rf",
    "params": {
        "colsample_bynode": 0.8,
        "learning_rate": 1,
        "reg_lambda": 1e-05,
        "subsample": 0.8,
        "use_label_encoder": false,
        "objective": "binary:logistic",
        "base_score": 0.5,
        "booster": "gbtree",
        "colsample_bylevel": 1,
        "colsample_bytree": 1,
        "gamma": 0.1,
        "gpu_id": -1,
        "importance_type": "gain",
        "interaction_constraints": "",
        "max_delta_step": 0,
        "max_depth": 6,
        "min_child_weight": 1,
        "missing": NaN,
        "monotone_constraints": "()",
        "n_estimators": 100,
        "n_jobs": 1,
        "num_parallel_tree": 100,
        "random_state": 11730,
        "reg_alpha": 0,
        "scale_pos_weight": 1,
        "tree_method": "exact",
        "validate_parameters": 1,
        "verbosity": null,
        "eval_metric": "logloss"
    },
    "process_time": 12.197114993,
    "time_time": 12.232092380523682,
    "random_state": 11730,
    "alpha": 0.1,
    "n_bins": 10,
    "gamma": 0.1,
    "rho": 0.1,
    "roc_auc_train": 0.8723250543523574,
    "auprc_train": 0.7700585940334447,
    "accuracy_train": 0.8133748175462856,
    "MC_loss_train": 0.153080097129268,
    "PMC_loss_train": 1.0824232260658317,
    "DC_loss_train": 0.529642233675563,
    "roc_auc_test": 0.8658646388763157,
    "auprc_test": 0.7589295362607479,
    "accuracy_test": 0.8084625844069047,
    "MC_loss_test": 0.2087088995300263,
    "PMC_loss_test": 1.0609381453134308,
    "DC_loss_test": 0.5274283581403448,
    "feature_importances_": {
        "temperature": 0.01729327067732811,
        "heartrate": 0.003122893860563636,
        "resprate": 0.016406819224357605,
        "o2sat": 0.054836779832839966,
        "sbp": 0.012109377421438694,
        "dbp": 0.006856032647192478,
        "pain": 0.0024749096482992172,
        "acuity": 0.43209218978881836,
        "insurance": 0.007121589034795761,
        "language": 0.0018542429897934198,
        "marital_status": 0.006989030633121729,
        "ethnicity": 0.022255193442106247,
        "gender": 0.016810111701488495,
        "anchor_year_group": 0.11993711441755295,
        "prev_visit": 0.2222640961408615,
        "prev_adm": 0.057576440274715424
    }
}