{
    "dataset": "data/mimic4_admissions.csv",
    "algorithm": "rf",
    "params": {
        "colsample_bynode": 0.8,
        "learning_rate": 1,
        "reg_lambda": 1e-05,
        "subsample": 0.8,
        "use_label_encoder": false,
        "objective": "binary:logistic",
        "base_score": 0.5,
        "booster": "gbtree",
        "colsample_bylevel": 1,
        "colsample_bytree": 1,
        "gamma": 0.1,
        "gpu_id": -1,
        "importance_type": "gain",
        "interaction_constraints": "",
        "max_delta_step": 0,
        "max_depth": 6,
        "min_child_weight": 1,
        "missing": NaN,
        "monotone_constraints": "()",
        "n_estimators": 100,
        "n_jobs": 1,
        "num_parallel_tree": 100,
        "random_state": 16170,
        "reg_alpha": 0,
        "scale_pos_weight": 1,
        "tree_method": "exact",
        "validate_parameters": 1,
        "verbosity": null,
        "eval_metric": "logloss"
    },
    "process_time": 13.326452294,
    "time_time": 13.361069917678833,
    "random_state": 16170,
    "alpha": 0.01,
    "n_bins": 10,
    "gamma": 0.1,
    "rho": 0.1,
    "roc_auc_train": 0.8713159667797101,
    "auprc_train": 0.7682536431151241,
    "accuracy_train": 0.8135745563493892,
    "MC_loss_train": 0.14710998050002166,
    "PMC_loss_train": 1.0769260873642967,
    "DC_loss_train": 0.3159116193706779,
    "roc_auc_test": 0.8692474183501335,
    "auprc_test": 0.765610366796922,
    "accuracy_test": 0.8122191237814294,
    "MC_loss_test": 0.1671681468303387,
    "PMC_loss_test": 1.1054865105404288,
    "DC_loss_test": 0.42889121536280495,
    "feature_importances_": {
        "temperature": 0.015531792305409908,
        "heartrate": 0.00382177229039371,
        "resprate": 0.019369298592209816,
        "o2sat": 0.05087754875421524,
        "sbp": 0.014548768289387226,
        "dbp": 0.00961245596408844,
        "pain": 0.002131418790668249,
        "acuity": 0.4146750867366791,
        "insurance": 0.0077745383605360985,
        "language": 5.069099279353395e-05,
        "marital_status": 0.00529504893347621,
        "ethnicity": 0.029468568041920662,
        "gender": 0.01818934455513954,
        "anchor_year_group": 0.11935640126466751,
        "prev_visit": 0.20706258714199066,
        "prev_adm": 0.08223471790552139
    }
}