{
    "dataset": "data/mimic4_admissions.csv",
    "algorithm": "rf",
    "params": {
        "colsample_bynode": 0.8,
        "learning_rate": 1,
        "reg_lambda": 1e-05,
        "subsample": 0.8,
        "use_label_encoder": false,
        "objective": "binary:logistic",
        "base_score": 0.5,
        "booster": "gbtree",
        "colsample_bylevel": 1,
        "colsample_bytree": 1,
        "gamma": 0.05,
        "gpu_id": -1,
        "importance_type": "gain",
        "interaction_constraints": "",
        "max_delta_step": 0,
        "max_depth": 6,
        "min_child_weight": 1,
        "missing": NaN,
        "monotone_constraints": "()",
        "n_estimators": 100,
        "n_jobs": 1,
        "num_parallel_tree": 100,
        "random_state": 4586,
        "reg_alpha": 0,
        "scale_pos_weight": 1,
        "tree_method": "exact",
        "validate_parameters": 1,
        "verbosity": null,
        "eval_metric": "logloss"
    },
    "process_time": 13.434494322,
    "time_time": 13.44400143623352,
    "random_state": 4586,
    "alpha": 0.1,
    "n_bins": 10,
    "gamma": 0.05,
    "rho": 0.01,
    "roc_auc_train": 0.8707737236247682,
    "auprc_train": 0.7674558927394795,
    "accuracy_train": 0.8118998233079818,
    "MC_loss_train": 0.14863339888082966,
    "PMC_loss_train": 3.43928617855024,
    "DC_loss_train": 0.5389646693118888,
    "roc_auc_test": 0.8697400545133785,
    "auprc_test": 0.7642110874380859,
    "accuracy_test": 0.8110437648360259,
    "MC_loss_test": 0.2172803994434983,
    "PMC_loss_test": 3.2942007630149286,
    "DC_loss_test": 0.7030580644593991,
    "feature_importances_": {
        "temperature": 0.0147517966106534,
        "heartrate": 0.0045380862429738045,
        "resprate": 0.017660021781921387,
        "o2sat": 0.055064380168914795,
        "sbp": 0.011582795530557632,
        "dbp": 0.013167398050427437,
        "pain": 0.0022896125447005033,
        "acuity": 0.3976382613182068,
        "insurance": 0.010901140980422497,
        "language": 0.0010380020830780268,
        "marital_status": 0.006748015061020851,
        "ethnicity": 0.02480923756957054,
        "gender": 0.0209195613861084,
        "anchor_year_group": 0.13380815088748932,
        "prev_visit": 0.23765431344509125,
        "prev_adm": 0.04742930084466934
    }
}