{
    "dataset": "data/mimic4_admissions.csv",
    "algorithm": "rf",
    "params": {
        "colsample_bynode": 0.8,
        "learning_rate": 1,
        "reg_lambda": 1e-05,
        "subsample": 0.8,
        "use_label_encoder": false,
        "objective": "binary:logistic",
        "base_score": 0.5,
        "booster": "gbtree",
        "colsample_bylevel": 1,
        "colsample_bytree": 1,
        "gamma": 0.1,
        "gpu_id": -1,
        "importance_type": "gain",
        "interaction_constraints": "",
        "max_delta_step": 0,
        "max_depth": 6,
        "min_child_weight": 1,
        "missing": NaN,
        "monotone_constraints": "()",
        "n_estimators": 100,
        "n_jobs": 1,
        "num_parallel_tree": 100,
        "random_state": 990,
        "reg_alpha": 0,
        "scale_pos_weight": 1,
        "tree_method": "exact",
        "validate_parameters": 1,
        "verbosity": null,
        "eval_metric": "logloss"
    },
    "process_time": 13.557842889,
    "time_time": 13.564921379089355,
    "random_state": 990,
    "alpha": 0.01,
    "n_bins": 10,
    "gamma": 0.1,
    "rho": 0.01,
    "roc_auc_train": 0.8726679055703823,
    "auprc_train": 0.7690980545158111,
    "accuracy_train": 0.8139586694322809,
    "MC_loss_train": 0.12451560572872389,
    "PMC_loss_train": 2.905790557371122,
    "DC_loss_train": 0.3502365769449779,
    "roc_auc_test": 0.8663251246566369,
    "auprc_test": 0.7621810710751297,
    "accuracy_test": 0.811942568735452,
    "MC_loss_test": 0.15166634280665392,
    "PMC_loss_test": 2.9732952420966012,
    "DC_loss_test": 0.5037564034098685,
    "feature_importances_": {
        "temperature": 0.017778199166059494,
        "heartrate": 0.004971989896148443,
        "resprate": 0.022593602538108826,
        "o2sat": 0.0537530817091465,
        "sbp": 0.011433256790041924,
        "dbp": 0.009539643302559853,
        "pain": 0.0026578435208648443,
        "acuity": 0.40007951855659485,
        "insurance": 0.007975450716912746,
        "language": 0.001020214520394802,
        "marital_status": 0.008641495369374752,
        "ethnicity": 0.02202889509499073,
        "gender": 0.019689738750457764,
        "anchor_year_group": 0.13027748465538025,
        "prev_visit": 0.20721016824245453,
        "prev_adm": 0.0803494080901146
    }
}