{
    "dataset": "data/mimic4_admissions.csv",
    "algorithm": "rf",
    "params": {
        "colsample_bynode": 0.8,
        "learning_rate": 1,
        "reg_lambda": 1e-05,
        "subsample": 0.8,
        "use_label_encoder": false,
        "objective": "binary:logistic",
        "base_score": 0.5,
        "booster": "gbtree",
        "colsample_bylevel": 1,
        "colsample_bytree": 1,
        "gamma": 0.05,
        "gpu_id": -1,
        "importance_type": "gain",
        "interaction_constraints": "",
        "max_delta_step": 0,
        "max_depth": 6,
        "min_child_weight": 1,
        "missing": NaN,
        "monotone_constraints": "()",
        "n_estimators": 100,
        "n_jobs": 1,
        "num_parallel_tree": 100,
        "random_state": 1178,
        "reg_alpha": 0,
        "scale_pos_weight": 1,
        "tree_method": "exact",
        "validate_parameters": 1,
        "verbosity": null,
        "eval_metric": "logloss"
    },
    "process_time": 12.417974505,
    "time_time": 12.454066514968872,
    "random_state": 1178,
    "alpha": 0.1,
    "n_bins": 10,
    "gamma": 0.05,
    "rho": 0.1,
    "roc_auc_train": 0.8716761462899342,
    "auprc_train": 0.7688457056757958,
    "accuracy_train": 0.8127525543520012,
    "MC_loss_train": 0.20697081771515707,
    "PMC_loss_train": 1.1295884144510255,
    "DC_loss_train": 0.674524604297434,
    "roc_auc_test": 0.8678816071728617,
    "auprc_test": 0.7615584396998216,
    "accuracy_test": 0.8128644188887096,
    "MC_loss_test": 0.21222467494733405,
    "PMC_loss_test": 1.260934660832087,
    "DC_loss_test": 0.7374263954640581,
    "feature_importances_": {
        "temperature": 0.014220966957509518,
        "heartrate": 0.0038872514851391315,
        "resprate": 0.018980948254466057,
        "o2sat": 0.05254754424095154,
        "sbp": 0.009700777009129524,
        "dbp": 0.014079666696488857,
        "pain": 0.002154557965695858,
        "acuity": 0.4226977527141571,
        "insurance": 0.006932407151907682,
        "language": 0.0009346971055492759,
        "marital_status": 0.007043987512588501,
        "ethnicity": 0.023961370810866356,
        "gender": 0.019106119871139526,
        "anchor_year_group": 0.12029657512903214,
        "prev_visit": 0.20518551766872406,
        "prev_adm": 0.07826990634202957
    }
}