{
    "dataset": "data/mimic4_admissions.csv",
    "algorithm": "rf",
    "params": {
        "colsample_bynode": 0.8,
        "learning_rate": 1,
        "reg_lambda": 1e-05,
        "subsample": 0.8,
        "use_label_encoder": false,
        "objective": "binary:logistic",
        "base_score": 0.5,
        "booster": "gbtree",
        "colsample_bylevel": 1,
        "colsample_bytree": 1,
        "gamma": 0.05,
        "gpu_id": -1,
        "importance_type": "gain",
        "interaction_constraints": "",
        "max_delta_step": 0,
        "max_depth": 6,
        "min_child_weight": 1,
        "missing": NaN,
        "monotone_constraints": "()",
        "n_estimators": 100,
        "n_jobs": 1,
        "num_parallel_tree": 100,
        "random_state": 10923,
        "reg_alpha": 0,
        "scale_pos_weight": 1,
        "tree_method": "exact",
        "validate_parameters": 1,
        "verbosity": null,
        "eval_metric": "logloss"
    },
    "process_time": 13.334616464,
    "time_time": 13.342902183532715,
    "random_state": 10923,
    "alpha": 0.1,
    "n_bins": 10,
    "gamma": 0.05,
    "rho": 0.01,
    "roc_auc_train": 0.8712021333848574,
    "auprc_train": 0.7681619712570085,
    "accuracy_train": 0.8130598448183145,
    "MC_loss_train": 0.17747600758371274,
    "PMC_loss_train": 3.174297949406489,
    "DC_loss_train": 0.5758015852980104,
    "roc_auc_test": 0.8697086016486651,
    "auprc_test": 0.7646420294953684,
    "accuracy_test": 0.8129335576502039,
    "MC_loss_test": 0.18438997781165295,
    "PMC_loss_test": 4.158831062225196,
    "DC_loss_test": 0.7221347174331976,
    "feature_importances_": {
        "temperature": 0.019190290942788124,
        "heartrate": 0.003675168612971902,
        "resprate": 0.022698495537042618,
        "o2sat": 0.05557333305478096,
        "sbp": 0.011644244194030762,
        "dbp": 0.010699847713112831,
        "pain": 0.0026771961711347103,
        "acuity": 0.3972799479961395,
        "insurance": 0.006189906969666481,
        "language": 0.0007654807413928211,
        "marital_status": 0.010365414433181286,
        "ethnicity": 0.025634223595261574,
        "gender": 0.016520678997039795,
        "anchor_year_group": 0.1279968023300171,
        "prev_visit": 0.2491358071565628,
        "prev_adm": 0.039953090250492096
    }
}