{
    "dataset": "data/mimic4_admissions.csv",
    "algorithm": "rf",
    "params": {
        "colsample_bynode": 0.8,
        "learning_rate": 1,
        "reg_lambda": 1e-05,
        "subsample": 0.8,
        "use_label_encoder": false,
        "objective": "binary:logistic",
        "base_score": 0.5,
        "booster": "gbtree",
        "colsample_bylevel": 1,
        "colsample_bytree": 1,
        "gamma": 0.1,
        "gpu_id": -1,
        "importance_type": "gain",
        "interaction_constraints": "",
        "max_delta_step": 0,
        "max_depth": 6,
        "min_child_weight": 1,
        "missing": NaN,
        "monotone_constraints": "()",
        "n_estimators": 100,
        "n_jobs": 1,
        "num_parallel_tree": 100,
        "random_state": 4653,
        "reg_alpha": 0,
        "scale_pos_weight": 1,
        "tree_method": "exact",
        "validate_parameters": 1,
        "verbosity": null,
        "eval_metric": "logloss"
    },
    "process_time": 13.440686121,
    "time_time": 13.480696201324463,
    "random_state": 4653,
    "alpha": 0.05,
    "n_bins": 10,
    "gamma": 0.1,
    "rho": 0.05,
    "roc_auc_train": 0.8709813136619382,
    "auprc_train": 0.7676346707520092,
    "accuracy_train": 0.8118537297380348,
    "MC_loss_train": 0.14557478581060912,
    "PMC_loss_train": 2.1695396268302622,
    "DC_loss_train": 0.32227654427584995,
    "roc_auc_test": 0.8692384154328072,
    "auprc_test": 0.7636967428173713,
    "accuracy_test": 0.8097762208752968,
    "MC_loss_test": 0.160574865699326,
    "PMC_loss_test": 2.1821391940412074,
    "DC_loss_test": 0.4415764681548968,
    "feature_importances_": {
        "temperature": 0.012197746895253658,
        "heartrate": 0.0033632905688136816,
        "resprate": 0.021500833332538605,
        "o2sat": 0.05368559807538986,
        "sbp": 0.020807772874832153,
        "dbp": 0.008086205460131168,
        "pain": 0.003577236086130142,
        "acuity": 0.4097241163253784,
        "insurance": 0.010743617080152035,
        "language": 0.0,
        "marital_status": 0.00817415863275528,
        "ethnicity": 0.027156060561537743,
        "gender": 0.01578841730952263,
        "anchor_year_group": 0.11461649090051651,
        "prev_visit": 0.2351345419883728,
        "prev_adm": 0.055443909019231796
    }
}