{
    "dataset": "data/mimic4_admissions.csv",
    "algorithm": "rf",
    "params": {
        "colsample_bynode": 0.8,
        "learning_rate": 1,
        "reg_lambda": 1e-05,
        "subsample": 0.8,
        "use_label_encoder": false,
        "objective": "binary:logistic",
        "base_score": 0.5,
        "booster": "gbtree",
        "colsample_bylevel": 1,
        "colsample_bytree": 1,
        "gamma": 0.1,
        "gpu_id": -1,
        "importance_type": "gain",
        "interaction_constraints": "",
        "max_delta_step": 0,
        "max_depth": 6,
        "min_child_weight": 1,
        "missing": NaN,
        "monotone_constraints": "()",
        "n_estimators": 100,
        "n_jobs": 1,
        "num_parallel_tree": 100,
        "random_state": 512,
        "reg_alpha": 0,
        "scale_pos_weight": 1,
        "tree_method": "exact",
        "validate_parameters": 1,
        "verbosity": null,
        "eval_metric": "logloss"
    },
    "process_time": 13.32138451,
    "time_time": 13.362939834594727,
    "random_state": 512,
    "alpha": 0.01,
    "n_bins": 10,
    "gamma": 0.1,
    "rho": 0.01,
    "roc_auc_train": 0.871745014257858,
    "auprc_train": 0.7672957773232465,
    "accuracy_train": 0.8130137512483675,
    "MC_loss_train": 0.1794539877661952,
    "PMC_loss_train": 2.977889689532193,
    "DC_loss_train": 0.5947116288795982,
    "roc_auc_test": 0.8679781510800446,
    "auprc_test": 0.7668986670157671,
    "accuracy_test": 0.8093844345601623,
    "MC_loss_test": 0.13091021573462455,
    "PMC_loss_test": 2.8277974386847085,
    "DC_loss_test": 0.5102057554731334,
    "feature_importances_": {
        "temperature": 0.012562636286020279,
        "heartrate": 0.0048829540610313416,
        "resprate": 0.018211806192994118,
        "o2sat": 0.0588296540081501,
        "sbp": 0.012076722458004951,
        "dbp": 0.00925576500594616,
        "pain": 0.002123142359778285,
        "acuity": 0.4260266423225403,
        "insurance": 0.007816072553396225,
        "language": 0.0008381661609746516,
        "marital_status": 0.006750999018549919,
        "ethnicity": 0.023744262754917145,
        "gender": 0.019306140020489693,
        "anchor_year_group": 0.13286952674388885,
        "prev_visit": 0.22485646605491638,
        "prev_adm": 0.03984902426600456
    }
}