{
    "dataset": "data/mimic4_admissions.csv",
    "algorithm": "rf",
    "params": {
        "colsample_bynode": 0.8,
        "learning_rate": 1,
        "reg_lambda": 1e-05,
        "subsample": 0.8,
        "use_label_encoder": false,
        "objective": "binary:logistic",
        "base_score": 0.5,
        "booster": "gbtree",
        "colsample_bylevel": 1,
        "colsample_bytree": 1,
        "gamma": 0.05,
        "gpu_id": -1,
        "importance_type": "gain",
        "interaction_constraints": "",
        "max_delta_step": 0,
        "max_depth": 6,
        "min_child_weight": 1,
        "missing": NaN,
        "monotone_constraints": "()",
        "n_estimators": 100,
        "n_jobs": 1,
        "num_parallel_tree": 100,
        "random_state": 600,
        "reg_alpha": 0,
        "scale_pos_weight": 1,
        "tree_method": "exact",
        "validate_parameters": 1,
        "verbosity": null,
        "eval_metric": "logloss"
    },
    "process_time": 12.580579731999999,
    "time_time": 12.61739993095398,
    "random_state": 600,
    "alpha": 0.1,
    "n_bins": 10,
    "gamma": 0.05,
    "rho": 0.05,
    "roc_auc_train": 0.8705979404012157,
    "auprc_train": 0.7674291618208966,
    "accuracy_train": 0.8135515095644158,
    "MC_loss_train": 0.2405133291761926,
    "PMC_loss_train": 2.175610599196136,
    "DC_loss_train": 0.802983154523797,
    "roc_auc_test": 0.870902752765161,
    "auprc_test": 0.7662550619619515,
    "accuracy_test": 0.8134405752344956,
    "MC_loss_test": 0.21335017824747476,
    "PMC_loss_test": 2.365698206915068,
    "DC_loss_test": 0.6295574218906312,
    "feature_importances_": {
        "temperature": 0.016441913321614265,
        "heartrate": 0.0038830628618597984,
        "resprate": 0.023086996749043465,
        "o2sat": 0.04524173587560654,
        "sbp": 0.019097231328487396,
        "dbp": 0.00948825478553772,
        "pain": 0.0023456106428056955,
        "acuity": 0.42175787687301636,
        "insurance": 0.009257708676159382,
        "language": 0.0022806127090007067,
        "marital_status": 0.006001290399581194,
        "ethnicity": 0.025790460407733917,
        "gender": 0.01745317131280899,
        "anchor_year_group": 0.12843382358551025,
        "prev_visit": 0.2144717276096344,
        "prev_adm": 0.05496852844953537
    }
}