{
    "dataset": "data/mimic4_admissions.csv",
    "algorithm": "rf",
    "params": {
        "colsample_bynode": 0.8,
        "learning_rate": 1,
        "reg_lambda": 1e-05,
        "subsample": 0.8,
        "use_label_encoder": false,
        "objective": "binary:logistic",
        "base_score": 0.5,
        "booster": "gbtree",
        "colsample_bylevel": 1,
        "colsample_bytree": 1,
        "gamma": 0.1,
        "gpu_id": -1,
        "importance_type": "gain",
        "interaction_constraints": "",
        "max_delta_step": 0,
        "max_depth": 6,
        "min_child_weight": 1,
        "missing": NaN,
        "monotone_constraints": "()",
        "n_estimators": 100,
        "n_jobs": 1,
        "num_parallel_tree": 100,
        "random_state": 397,
        "reg_alpha": 0,
        "scale_pos_weight": 1,
        "tree_method": "exact",
        "validate_parameters": 1,
        "verbosity": null,
        "eval_metric": "logloss"
    },
    "process_time": 12.356702273,
    "time_time": 12.392899513244629,
    "random_state": 397,
    "alpha": 0.05,
    "n_bins": 10,
    "gamma": 0.1,
    "rho": 0.05,
    "roc_auc_train": 0.8708702707369944,
    "auprc_train": 0.7670840150397562,
    "accuracy_train": 0.813267265883076,
    "MC_loss_train": 0.19760210938559247,
    "PMC_loss_train": 2.145649920473234,
    "DC_loss_train": 0.5131160292034631,
    "roc_auc_test": 0.8685955591889539,
    "auprc_test": 0.7666115728181163,
    "accuracy_test": 0.8107902560438801,
    "MC_loss_test": 0.22289408445358277,
    "PMC_loss_test": 2.10532905967612,
    "DC_loss_test": 0.6089819281323902,
    "feature_importances_": {
        "temperature": 0.02558748424053192,
        "heartrate": 0.0036161872558295727,
        "resprate": 0.02690461277961731,
        "o2sat": 0.046398311853408813,
        "sbp": 0.014909731224179268,
        "dbp": 0.007438573986291885,
        "pain": 0.0036616807337850332,
        "acuity": 0.43189260363578796,
        "insurance": 0.0064371260814368725,
        "language": 0.002942571882158518,
        "marital_status": 0.008836694061756134,
        "ethnicity": 0.0238378643989563,
        "gender": 0.01840873993933201,
        "anchor_year_group": 0.11499617993831635,
        "prev_visit": 0.2280966192483902,
        "prev_adm": 0.036035001277923584
    }
}