{
    "dataset": "data/mimic4_admissions.csv",
    "algorithm": "rf",
    "params": {
        "colsample_bynode": 0.8,
        "learning_rate": 1,
        "reg_lambda": 1e-05,
        "subsample": 0.8,
        "use_label_encoder": false,
        "objective": "binary:logistic",
        "base_score": 0.5,
        "booster": "gbtree",
        "colsample_bylevel": 1,
        "colsample_bytree": 1,
        "gamma": 0.1,
        "gpu_id": -1,
        "importance_type": "gain",
        "interaction_constraints": "",
        "max_delta_step": 0,
        "max_depth": 6,
        "min_child_weight": 1,
        "missing": NaN,
        "monotone_constraints": "()",
        "n_estimators": 100,
        "n_jobs": 1,
        "num_parallel_tree": 100,
        "random_state": 14734,
        "reg_alpha": 0,
        "scale_pos_weight": 1,
        "tree_method": "exact",
        "validate_parameters": 1,
        "verbosity": null,
        "eval_metric": "logloss"
    },
    "process_time": 12.763075508,
    "time_time": 12.799875736236572,
    "random_state": 14734,
    "alpha": 0.05,
    "n_bins": 10,
    "gamma": 0.1,
    "rho": 0.05,
    "roc_auc_train": 0.8717924224208686,
    "auprc_train": 0.7703478179800607,
    "accuracy_train": 0.8130982561266037,
    "MC_loss_train": 0.12866231822228247,
    "PMC_loss_train": 2.1512071009569653,
    "DC_loss_train": 0.31927876505065367,
    "roc_auc_test": 0.8685046227302025,
    "auprc_test": 0.7592884270635437,
    "accuracy_test": 0.8106519785208914,
    "MC_loss_test": 0.1409654269218445,
    "PMC_loss_test": 2.2334648953717515,
    "DC_loss_test": 0.41284648721007655,
    "feature_importances_": {
        "temperature": 0.01655033603310585,
        "heartrate": 0.0031495261937379837,
        "resprate": 0.01926196739077568,
        "o2sat": 0.050926607102155685,
        "sbp": 0.01225506141781807,
        "dbp": 0.008738101460039616,
        "pain": 0.00317286211065948,
        "acuity": 0.46048834919929504,
        "insurance": 0.009471813216805458,
        "language": 0.0023259399458765984,
        "marital_status": 0.007342070806771517,
        "ethnicity": 0.025026867166161537,
        "gender": 0.01838294416666031,
        "anchor_year_group": 0.12115097045898438,
        "prev_visit": 0.2098815143108368,
        "prev_adm": 0.031875088810920715
    }
}