{
    "dataset": "data/mimic4_admissions.csv",
    "algorithm": "rf",
    "params": {
        "colsample_bynode": 0.8,
        "learning_rate": 1,
        "reg_lambda": 1e-05,
        "subsample": 0.8,
        "use_label_encoder": false,
        "objective": "binary:logistic",
        "base_score": 0.5,
        "booster": "gbtree",
        "colsample_bylevel": 1,
        "colsample_bytree": 1,
        "gamma": 0.1,
        "gpu_id": -1,
        "importance_type": "gain",
        "interaction_constraints": "",
        "max_delta_step": 0,
        "max_depth": 6,
        "min_child_weight": 1,
        "missing": NaN,
        "monotone_constraints": "()",
        "n_estimators": 100,
        "n_jobs": 1,
        "num_parallel_tree": 100,
        "random_state": 3670,
        "reg_alpha": 0,
        "scale_pos_weight": 1,
        "tree_method": "exact",
        "validate_parameters": 1,
        "verbosity": null,
        "eval_metric": "logloss"
    },
    "process_time": 13.170592171000001,
    "time_time": 13.208125352859497,
    "random_state": 3670,
    "alpha": 0.01,
    "n_bins": 10,
    "gamma": 0.1,
    "rho": 0.01,
    "roc_auc_train": 0.8716274991396247,
    "auprc_train": 0.7689233553610137,
    "accuracy_train": 0.8133364062379964,
    "MC_loss_train": 0.11859432453341529,
    "PMC_loss_train": 2.9754191225164393,
    "DC_loss_train": 0.3950459581196324,
    "roc_auc_test": 0.8697181400098067,
    "auprc_test": 0.7646431413438688,
    "accuracy_test": 0.8122421700352608,
    "MC_loss_test": 0.13512049562222248,
    "PMC_loss_test": 2.933220719105631,
    "DC_loss_test": 0.36307743848863394,
    "feature_importances_": {
        "temperature": 0.017417006194591522,
        "heartrate": 0.0049814218655228615,
        "resprate": 0.022992175072431564,
        "o2sat": 0.060761284083127975,
        "sbp": 0.01559798326343298,
        "dbp": 0.009901924058794975,
        "pain": 0.004024218767881393,
        "acuity": 0.39383524656295776,
        "insurance": 0.005544066894799471,
        "language": 0.0010129736037924886,
        "marital_status": 0.009484989568591118,
        "ethnicity": 0.026157831773161888,
        "gender": 0.01858958788216114,
        "anchor_year_group": 0.12399014085531235,
        "prev_visit": 0.23144091665744781,
        "prev_adm": 0.054268207401037216
    }
}