{
    "dataset": "data/mimic4_admissions.csv",
    "algorithm": "rf",
    "params": {
        "colsample_bynode": 0.8,
        "learning_rate": 1,
        "reg_lambda": 1e-05,
        "subsample": 0.8,
        "use_label_encoder": false,
        "objective": "binary:logistic",
        "base_score": 0.5,
        "booster": "gbtree",
        "colsample_bylevel": 1,
        "colsample_bytree": 1,
        "gamma": 0.05,
        "gpu_id": -1,
        "importance_type": "gain",
        "interaction_constraints": "",
        "max_delta_step": 0,
        "max_depth": 6,
        "min_child_weight": 1,
        "missing": NaN,
        "monotone_constraints": "()",
        "n_estimators": 100,
        "n_jobs": 1,
        "num_parallel_tree": 100,
        "random_state": 16170,
        "reg_alpha": 0,
        "scale_pos_weight": 1,
        "tree_method": "exact",
        "validate_parameters": 1,
        "verbosity": null,
        "eval_metric": "logloss"
    },
    "process_time": 12.112137330000001,
    "time_time": 12.146975755691528,
    "random_state": 16170,
    "alpha": 0.05,
    "n_bins": 10,
    "gamma": 0.05,
    "rho": 0.01,
    "roc_auc_train": 0.8713160066384764,
    "auprc_train": 0.7682536536509585,
    "accuracy_train": 0.8135745563493892,
    "MC_loss_train": 0.14710998050002166,
    "PMC_loss_train": 3.446990009006216,
    "DC_loss_train": 0.5088127839083438,
    "roc_auc_test": 0.8692474481241582,
    "auprc_test": 0.7656103748370704,
    "accuracy_test": 0.8122191237814294,
    "MC_loss_test": 0.27990778653245224,
    "PMC_loss_test": 3.148036258974496,
    "DC_loss_test": 0.9202558441270337,
    "feature_importances_": {
        "temperature": 0.015532857738435268,
        "heartrate": 0.003822034690529108,
        "resprate": 0.019301991909742355,
        "o2sat": 0.0508810393512249,
        "sbp": 0.014549766667187214,
        "dbp": 0.009613115340471268,
        "pain": 0.0021315650083124638,
        "acuity": 0.4147035479545593,
        "insurance": 0.007775072008371353,
        "language": 5.069447070127353e-05,
        "marital_status": 0.00529541214928031,
        "ethnicity": 0.029470590874552727,
        "gender": 0.018190594390034676,
        "anchor_year_group": 0.11936459690332413,
        "prev_visit": 0.2070767879486084,
        "prev_adm": 0.08224035799503326
    }
}