{
    "dataset": "data/mimic4_admissions.csv",
    "algorithm": "rf",
    "params": {
        "colsample_bynode": 0.8,
        "learning_rate": 1,
        "reg_lambda": 1e-05,
        "subsample": 0.8,
        "use_label_encoder": false,
        "objective": "binary:logistic",
        "base_score": 0.5,
        "booster": "gbtree",
        "colsample_bylevel": 1,
        "colsample_bytree": 1,
        "gamma": 0.05,
        "gpu_id": -1,
        "importance_type": "gain",
        "interaction_constraints": "",
        "max_delta_step": 0,
        "max_depth": 6,
        "min_child_weight": 1,
        "missing": NaN,
        "monotone_constraints": "()",
        "n_estimators": 100,
        "n_jobs": 1,
        "num_parallel_tree": 100,
        "random_state": 10321,
        "reg_alpha": 0,
        "scale_pos_weight": 1,
        "tree_method": "exact",
        "validate_parameters": 1,
        "verbosity": null,
        "eval_metric": "logloss"
    },
    "process_time": 12.759323281,
    "time_time": 12.767221212387085,
    "random_state": 10321,
    "alpha": 0.05,
    "n_bins": 10,
    "gamma": 0.05,
    "rho": 0.05,
    "roc_auc_train": 0.8714828520817911,
    "auprc_train": 0.7680745341449513,
    "accuracy_train": 0.8132288545747868,
    "MC_loss_train": 0.24400146565740072,
    "PMC_loss_train": 2.2107238965521625,
    "DC_loss_train": 0.8301044695522133,
    "roc_auc_test": 0.8679878412052224,
    "auprc_test": 0.7627846373334589,
    "accuracy_test": 0.8103754234749142,
    "MC_loss_test": 0.2802047630151113,
    "PMC_loss_test": 2.2663307091799836,
    "DC_loss_test": 1.0340737675305385,
    "feature_importances_": {
        "temperature": 0.016316229477524757,
        "heartrate": 0.004051363095641136,
        "resprate": 0.025798415765166283,
        "o2sat": 0.05793629214167595,
        "sbp": 0.022707374766469002,
        "dbp": 0.008125894702970982,
        "pain": 0.0016978171188384295,
        "acuity": 0.39932698011398315,
        "insurance": 0.008473229594528675,
        "language": 0.0006308067822828889,
        "marital_status": 0.0074089705012738705,
        "ethnicity": 0.024573687463998795,
        "gender": 0.019294511526823044,
        "anchor_year_group": 0.13689550757408142,
        "prev_visit": 0.22239327430725098,
        "prev_adm": 0.044369641691446304
    }
}