{
    "dataset": "data/mimic4_admissions.csv",
    "algorithm": "rf",
    "params": {
        "colsample_bynode": 0.8,
        "learning_rate": 1,
        "reg_lambda": 1e-05,
        "subsample": 0.8,
        "use_label_encoder": false,
        "objective": "binary:logistic",
        "base_score": 0.5,
        "booster": "gbtree",
        "colsample_bylevel": 1,
        "colsample_bytree": 1,
        "gamma": 0.1,
        "gpu_id": -1,
        "importance_type": "gain",
        "interaction_constraints": "",
        "max_delta_step": 0,
        "max_depth": 6,
        "min_child_weight": 1,
        "missing": NaN,
        "monotone_constraints": "()",
        "n_estimators": 100,
        "n_jobs": 1,
        "num_parallel_tree": 100,
        "random_state": 9748,
        "reg_alpha": 0,
        "scale_pos_weight": 1,
        "tree_method": "exact",
        "validate_parameters": 1,
        "verbosity": null,
        "eval_metric": "logloss"
    },
    "process_time": 12.914340187,
    "time_time": 12.951827764511108,
    "random_state": 9748,
    "alpha": 0.01,
    "n_bins": 10,
    "gamma": 0.1,
    "rho": 0.01,
    "roc_auc_train": 0.8718423542200593,
    "auprc_train": 0.7682639513608779,
    "accuracy_train": 0.8124836751939771,
    "MC_loss_train": 0.14011605154900325,
    "PMC_loss_train": 3.072823687112285,
    "DC_loss_train": 0.47098882926954655,
    "roc_auc_test": 0.8672337398735992,
    "auprc_test": 0.7630592167335167,
    "accuracy_test": 0.8114355511511604,
    "MC_loss_test": 0.16400184745871865,
    "PMC_loss_test": 2.756821028647884,
    "DC_loss_test": 0.40786065635444846,
    "feature_importances_": {
        "temperature": 0.013062292709946632,
        "heartrate": 0.0030818369705229998,
        "resprate": 0.01627296395599842,
        "o2sat": 0.0561797060072422,
        "sbp": 0.016117902472615242,
        "dbp": 0.010214479640126228,
        "pain": 0.0017728015081956983,
        "acuity": 0.4424257278442383,
        "insurance": 0.008579595014452934,
        "language": 0.0004589240998029709,
        "marital_status": 0.006631793454289436,
        "ethnicity": 0.02468978427350521,
        "gender": 0.012789989821612835,
        "anchor_year_group": 0.12927621603012085,
        "prev_visit": 0.21375662088394165,
        "prev_adm": 0.04468938335776329
    }
}