{
    "dataset": "data/mimic4_admissions.csv",
    "algorithm": "rf",
    "params": {
        "colsample_bynode": 0.8,
        "learning_rate": 1,
        "reg_lambda": 1e-05,
        "subsample": 0.8,
        "use_label_encoder": false,
        "objective": "binary:logistic",
        "base_score": 0.5,
        "booster": "gbtree",
        "colsample_bylevel": 1,
        "colsample_bytree": 1,
        "gamma": 0.1,
        "gpu_id": -1,
        "importance_type": "gain",
        "interaction_constraints": "",
        "max_delta_step": 0,
        "max_depth": 6,
        "min_child_weight": 1,
        "missing": NaN,
        "monotone_constraints": "()",
        "n_estimators": 100,
        "n_jobs": 1,
        "num_parallel_tree": 100,
        "random_state": 9706,
        "reg_alpha": 0,
        "scale_pos_weight": 1,
        "tree_method": "exact",
        "validate_parameters": 1,
        "verbosity": null,
        "eval_metric": "logloss"
    },
    "process_time": 13.095963774,
    "time_time": 13.108023643493652,
    "random_state": 9706,
    "alpha": 0.01,
    "n_bins": 10,
    "gamma": 0.1,
    "rho": 0.1,
    "roc_auc_train": 0.8721358754988531,
    "auprc_train": 0.7679768865545094,
    "accuracy_train": 0.8133517707613122,
    "MC_loss_train": 0.10875545949051063,
    "PMC_loss_train": 1.0785562517359772,
    "DC_loss_train": 0.3518204473236558,
    "roc_auc_test": 0.866510329401458,
    "auprc_test": 0.7624772227598561,
    "accuracy_test": 0.8110207185821945,
    "MC_loss_test": 0.2250727883407048,
    "PMC_loss_test": 1.0653626451621183,
    "DC_loss_test": 0.7861236370180501,
    "feature_importances_": {
        "temperature": 0.01562999002635479,
        "heartrate": 0.0035495045594871044,
        "resprate": 0.02705923654139042,
        "o2sat": 0.052669841796159744,
        "sbp": 0.016123391687870026,
        "dbp": 0.011534178629517555,
        "pain": 0.0028225795831531286,
        "acuity": 0.3990834355354309,
        "insurance": 0.008081621490418911,
        "language": 0.0017069656169041991,
        "marital_status": 0.006425391882658005,
        "ethnicity": 0.024477915838360786,
        "gender": 0.015809988602995872,
        "anchor_year_group": 0.1567210704088211,
        "prev_visit": 0.2150586098432541,
        "prev_adm": 0.04324624314904213
    }
}