{
    "dataset": "data/mimic4_admissions.csv",
    "algorithm": "rf",
    "params": {
        "colsample_bynode": 0.8,
        "learning_rate": 1,
        "reg_lambda": 1e-05,
        "subsample": 0.8,
        "use_label_encoder": false,
        "objective": "binary:logistic",
        "base_score": 0.5,
        "booster": "gbtree",
        "colsample_bylevel": 1,
        "colsample_bytree": 1,
        "gamma": 0.1,
        "gpu_id": -1,
        "importance_type": "gain",
        "interaction_constraints": "",
        "max_delta_step": 0,
        "max_depth": 6,
        "min_child_weight": 1,
        "missing": NaN,
        "monotone_constraints": "()",
        "n_estimators": 100,
        "n_jobs": 1,
        "num_parallel_tree": 100,
        "random_state": 4558,
        "reg_alpha": 0,
        "scale_pos_weight": 1,
        "tree_method": "exact",
        "validate_parameters": 1,
        "verbosity": null,
        "eval_metric": "logloss"
    },
    "process_time": 13.171150208,
    "time_time": 13.178466081619263,
    "random_state": 4558,
    "alpha": 0.05,
    "n_bins": 10,
    "gamma": 0.1,
    "rho": 0.05,
    "roc_auc_train": 0.8724190485065138,
    "auprc_train": 0.7681751741193024,
    "accuracy_train": 0.813497733732811,
    "MC_loss_train": 0.13727701072451437,
    "PMC_loss_train": 2.1772895876714196,
    "DC_loss_train": 0.3956990318022635,
    "roc_auc_test": 0.8670119521249668,
    "auprc_test": 0.7654786338991852,
    "accuracy_test": 0.8123343550505865,
    "MC_loss_test": 0.15999781839118515,
    "PMC_loss_test": 2.1183315651757377,
    "DC_loss_test": 0.501559294224698,
    "feature_importances_": {
        "temperature": 0.01627735234797001,
        "heartrate": 0.00343339960090816,
        "resprate": 0.01869872398674488,
        "o2sat": 0.05398297682404518,
        "sbp": 0.013971139676868916,
        "dbp": 0.010091077536344528,
        "pain": 0.002673174487426877,
        "acuity": 0.4295274317264557,
        "insurance": 0.008973930031061172,
        "language": 0.0030714028980582952,
        "marital_status": 0.009986870922148228,
        "ethnicity": 0.027511749416589737,
        "gender": 0.016859915107488632,
        "anchor_year_group": 0.11689814180135727,
        "prev_visit": 0.21250608563423157,
        "prev_adm": 0.055536624044179916
    }
}