{
    "dataset": "data/mimic4_admissions.csv",
    "algorithm": "rf",
    "params": {
        "colsample_bynode": 0.8,
        "learning_rate": 1,
        "reg_lambda": 1e-05,
        "subsample": 0.8,
        "use_label_encoder": false,
        "objective": "binary:logistic",
        "base_score": 0.5,
        "booster": "gbtree",
        "colsample_bylevel": 1,
        "colsample_bytree": 1,
        "gamma": 0.05,
        "gpu_id": -1,
        "importance_type": "gain",
        "interaction_constraints": "",
        "max_delta_step": 0,
        "max_depth": 6,
        "min_child_weight": 1,
        "missing": NaN,
        "monotone_constraints": "()",
        "n_estimators": 100,
        "n_jobs": 1,
        "num_parallel_tree": 100,
        "random_state": 3136,
        "reg_alpha": 0,
        "scale_pos_weight": 1,
        "tree_method": "exact",
        "validate_parameters": 1,
        "verbosity": null,
        "eval_metric": "logloss"
    },
    "process_time": 12.090342167,
    "time_time": 12.125582695007324,
    "random_state": 3136,
    "alpha": 0.01,
    "n_bins": 10,
    "gamma": 0.05,
    "rho": 0.05,
    "roc_auc_train": 0.8721809477285072,
    "auprc_train": 0.7693749621103836,
    "accuracy_train": 0.8133210417146808,
    "MC_loss_train": 0.1465322791027422,
    "PMC_loss_train": 2.214262897785129,
    "DC_loss_train": 0.4474752396781211,
    "roc_auc_test": 0.8666119361876816,
    "auprc_test": 0.7598519703464115,
    "accuracy_test": 0.8107211172823857,
    "MC_loss_test": 0.1828570161995135,
    "PMC_loss_test": 2.237897870668477,
    "DC_loss_test": 0.6344189076848769,
    "feature_importances_": {
        "temperature": 0.016162723302841187,
        "heartrate": 0.0035689908545464277,
        "resprate": 0.02806488238275051,
        "o2sat": 0.04997563734650612,
        "sbp": 0.007678053341805935,
        "dbp": 0.008788462728261948,
        "pain": 0.0021787984296679497,
        "acuity": 0.4362374246120453,
        "insurance": 0.006285121198743582,
        "language": 0.0015739878872409463,
        "marital_status": 0.008630226366221905,
        "ethnicity": 0.023594684898853302,
        "gender": 0.019621018320322037,
        "anchor_year_group": 0.12511460483074188,
        "prev_visit": 0.21171602606773376,
        "prev_adm": 0.05080937594175339
    }
}