{
    "dataset": "data/mimic4_admissions.csv",
    "algorithm": "rf",
    "params": {
        "colsample_bynode": 0.8,
        "learning_rate": 1,
        "reg_lambda": 1e-05,
        "subsample": 0.8,
        "use_label_encoder": false,
        "objective": "binary:logistic",
        "base_score": 0.5,
        "booster": "gbtree",
        "colsample_bylevel": 1,
        "colsample_bytree": 1,
        "gamma": 0.1,
        "gpu_id": -1,
        "importance_type": "gain",
        "interaction_constraints": "",
        "max_delta_step": 0,
        "max_depth": 6,
        "min_child_weight": 1,
        "missing": NaN,
        "monotone_constraints": "()",
        "n_estimators": 100,
        "n_jobs": 1,
        "num_parallel_tree": 100,
        "random_state": 153,
        "reg_alpha": 0,
        "scale_pos_weight": 1,
        "tree_method": "exact",
        "validate_parameters": 1,
        "verbosity": null,
        "eval_metric": "logloss"
    },
    "process_time": 12.943912422,
    "time_time": 12.951616764068604,
    "random_state": 153,
    "alpha": 0.1,
    "n_bins": 10,
    "gamma": 0.1,
    "rho": 0.01,
    "roc_auc_train": 0.8712572195573897,
    "auprc_train": 0.7680530227454678,
    "accuracy_train": 0.8128140124452639,
    "MC_loss_train": 0.15450109418543023,
    "PMC_loss_train": 2.915838246789826,
    "DC_loss_train": 0.4165669787226307,
    "roc_auc_test": 0.8677578721399175,
    "auprc_test": 0.763580840419763,
    "accuracy_test": 0.8110437648360259,
    "MC_loss_test": 0.1583808788231441,
    "PMC_loss_test": 2.991467528683798,
    "DC_loss_test": 0.5733819836995707,
    "feature_importances_": {
        "temperature": 0.014908961020410061,
        "heartrate": 0.005053338594734669,
        "resprate": 0.019941063597798347,
        "o2sat": 0.05679785832762718,
        "sbp": 0.011466932483017445,
        "dbp": 0.008727656677365303,
        "pain": 0.005163170862942934,
        "acuity": 0.3974754810333252,
        "insurance": 0.008116955868899822,
        "language": 0.0015902844024822116,
        "marital_status": 0.007991691119968891,
        "ethnicity": 0.025166651234030724,
        "gender": 0.018969597294926643,
        "anchor_year_group": 0.1349988877773285,
        "prev_visit": 0.19958427548408508,
        "prev_adm": 0.08404723554849625
    }
}