{
    "dataset": "data/mimic4_admissions.csv",
    "algorithm": "rf",
    "params": {
        "colsample_bynode": 0.8,
        "learning_rate": 1,
        "reg_lambda": 1e-05,
        "subsample": 0.8,
        "use_label_encoder": false,
        "objective": "binary:logistic",
        "base_score": 0.5,
        "booster": "gbtree",
        "colsample_bylevel": 1,
        "colsample_bytree": 1,
        "gamma": 0.1,
        "gpu_id": -1,
        "importance_type": "gain",
        "interaction_constraints": "",
        "max_delta_step": 0,
        "max_depth": 6,
        "min_child_weight": 1,
        "missing": NaN,
        "monotone_constraints": "()",
        "n_estimators": 100,
        "n_jobs": 1,
        "num_parallel_tree": 100,
        "random_state": 4103,
        "reg_alpha": 0,
        "scale_pos_weight": 1,
        "tree_method": "exact",
        "validate_parameters": 1,
        "verbosity": null,
        "eval_metric": "logloss"
    },
    "process_time": 13.252819344999999,
    "time_time": 13.292096853256226,
    "random_state": 4103,
    "alpha": 0.05,
    "n_bins": 10,
    "gamma": 0.1,
    "rho": 0.01,
    "roc_auc_train": 0.8722118500134008,
    "auprc_train": 0.769067702065487,
    "accuracy_train": 0.8130367980333411,
    "MC_loss_train": 0.13224294964148076,
    "PMC_loss_train": 3.0499565967836895,
    "DC_loss_train": 0.3640555101042774,
    "roc_auc_test": 0.8680859858473003,
    "auprc_test": 0.7629884496932073,
    "accuracy_test": 0.8094996658293194,
    "MC_loss_test": 0.13798644349509076,
    "PMC_loss_test": 2.7993313399521083,
    "DC_loss_test": 0.366889537348451,
    "feature_importances_": {
        "temperature": 0.013935171999037266,
        "heartrate": 0.0035109142772853374,
        "resprate": 0.022317418828606606,
        "o2sat": 0.047772057354450226,
        "sbp": 0.014573182910680771,
        "dbp": 0.008703704923391342,
        "pain": 0.004306064918637276,
        "acuity": 0.420322448015213,
        "insurance": 0.010725772939622402,
        "language": 0.0009668628918007016,
        "marital_status": 0.005541877821087837,
        "ethnicity": 0.02609376236796379,
        "gender": 0.018035240471363068,
        "anchor_year_group": 0.11780790239572525,
        "prev_visit": 0.22359336912631989,
        "prev_adm": 0.06179419532418251
    }
}