{
    "dataset": "data/mimic4_admissions.csv",
    "algorithm": "rf",
    "params": {
        "colsample_bynode": 0.8,
        "learning_rate": 1,
        "reg_lambda": 1e-05,
        "subsample": 0.8,
        "use_label_encoder": false,
        "objective": "binary:logistic",
        "base_score": 0.5,
        "booster": "gbtree",
        "colsample_bylevel": 1,
        "colsample_bytree": 1,
        "gamma": 0.05,
        "gpu_id": -1,
        "importance_type": "gain",
        "interaction_constraints": "",
        "max_delta_step": 0,
        "max_depth": 6,
        "min_child_weight": 1,
        "missing": NaN,
        "monotone_constraints": "()",
        "n_estimators": 100,
        "n_jobs": 1,
        "num_parallel_tree": 100,
        "random_state": 512,
        "reg_alpha": 0,
        "scale_pos_weight": 1,
        "tree_method": "exact",
        "validate_parameters": 1,
        "verbosity": null,
        "eval_metric": "logloss"
    },
    "process_time": 12.992767013,
    "time_time": 13.001341581344604,
    "random_state": 512,
    "alpha": 0.05,
    "n_bins": 10,
    "gamma": 0.05,
    "rho": 0.01,
    "roc_auc_train": 0.8717450895789304,
    "auprc_train": 0.7672957971036403,
    "accuracy_train": 0.8130137512483675,
    "MC_loss_train": 0.1794539877661952,
    "PMC_loss_train": 3.4116564753501777,
    "DC_loss_train": 0.6023452537346693,
    "roc_auc_test": 0.8679781882506306,
    "auprc_test": 0.7668986786255522,
    "accuracy_test": 0.8093844345601623,
    "MC_loss_test": 0.1947244557928532,
    "PMC_loss_test": 2.852998103414263,
    "DC_loss_test": 0.6791609385852053,
    "feature_importances_": {
        "temperature": 0.012563643977046013,
        "heartrate": 0.004883345682173967,
        "resprate": 0.018213266506791115,
        "o2sat": 0.05875412002205849,
        "sbp": 0.012077691033482552,
        "dbp": 0.009256507270038128,
        "pain": 0.002123312558978796,
        "acuity": 0.4260607957839966,
        "insurance": 0.007816699333488941,
        "language": 0.0008382333908230066,
        "marital_status": 0.006751540582627058,
        "ethnicity": 0.02374616637825966,
        "gender": 0.019307687878608704,
        "anchor_year_group": 0.13288018107414246,
        "prev_visit": 0.22487449645996094,
        "prev_adm": 0.03985222056508064
    }
}