{
    "dataset": "data/mimic4_admissions.csv",
    "algorithm": "rf",
    "params": {
        "colsample_bynode": 0.8,
        "learning_rate": 1,
        "reg_lambda": 1e-05,
        "subsample": 0.8,
        "use_label_encoder": false,
        "objective": "binary:logistic",
        "base_score": 0.5,
        "booster": "gbtree",
        "colsample_bylevel": 1,
        "colsample_bytree": 1,
        "gamma": 0.05,
        "gpu_id": -1,
        "importance_type": "gain",
        "interaction_constraints": "",
        "max_delta_step": 0,
        "max_depth": 6,
        "min_child_weight": 1,
        "missing": NaN,
        "monotone_constraints": "()",
        "n_estimators": 100,
        "n_jobs": 1,
        "num_parallel_tree": 100,
        "random_state": 11806,
        "reg_alpha": 0,
        "scale_pos_weight": 1,
        "tree_method": "exact",
        "validate_parameters": 1,
        "verbosity": null,
        "eval_metric": "logloss"
    },
    "process_time": 13.375866348999999,
    "time_time": 13.382838010787964,
    "random_state": 11806,
    "alpha": 0.1,
    "n_bins": 10,
    "gamma": 0.05,
    "rho": 0.1,
    "roc_auc_train": 0.8707797798563958,
    "auprc_train": 0.7667938335681146,
    "accuracy_train": 0.8117154490281939,
    "MC_loss_train": 0.16489806606320878,
    "PMC_loss_train": 1.12194439353699,
    "DC_loss_train": 0.5715783193850048,
    "roc_auc_test": 0.870472638855269,
    "auprc_test": 0.7677766053062415,
    "accuracy_test": 0.8120578000046093,
    "MC_loss_test": 0.13750306081771851,
    "PMC_loss_test": 1.0940354396343748,
    "DC_loss_test": 0.6906800568514726,
    "feature_importances_": {
        "temperature": 0.015000519342720509,
        "heartrate": 0.004079234320670366,
        "resprate": 0.02198338881134987,
        "o2sat": 0.05805227905511856,
        "sbp": 0.01839287579059601,
        "dbp": 0.007943670265376568,
        "pain": 0.0038335886783897877,
        "acuity": 0.428435742855072,
        "insurance": 0.005931879859417677,
        "language": 0.0010866884840652347,
        "marital_status": 0.005865901708602905,
        "ethnicity": 0.02828201837837696,
        "gender": 0.016849534586071968,
        "anchor_year_group": 0.12155330926179886,
        "prev_visit": 0.2274487316608429,
        "prev_adm": 0.035260628908872604
    }
}