{
    "dataset": "data/mimic4_admissions.csv",
    "algorithm": "rf",
    "params": {
        "colsample_bynode": 0.8,
        "learning_rate": 1,
        "reg_lambda": 1e-05,
        "subsample": 0.8,
        "use_label_encoder": false,
        "objective": "binary:logistic",
        "base_score": 0.5,
        "booster": "gbtree",
        "colsample_bylevel": 1,
        "colsample_bytree": 1,
        "gamma": 0.05,
        "gpu_id": -1,
        "importance_type": "gain",
        "interaction_constraints": "",
        "max_delta_step": 0,
        "max_depth": 6,
        "min_child_weight": 1,
        "missing": NaN,
        "monotone_constraints": "()",
        "n_estimators": 100,
        "n_jobs": 1,
        "num_parallel_tree": 100,
        "random_state": 14734,
        "reg_alpha": 0,
        "scale_pos_weight": 1,
        "tree_method": "exact",
        "validate_parameters": 1,
        "verbosity": null,
        "eval_metric": "logloss"
    },
    "process_time": 13.37860553,
    "time_time": 13.386793375015259,
    "random_state": 14734,
    "alpha": 0.01,
    "n_bins": 10,
    "gamma": 0.05,
    "rho": 0.05,
    "roc_auc_train": 0.8717924638185,
    "auprc_train": 0.7703478329590319,
    "accuracy_train": 0.8130982561266037,
    "MC_loss_train": 0.14423553367237468,
    "PMC_loss_train": 2.2210157633258896,
    "DC_loss_train": 0.43568911689506495,
    "roc_auc_test": 0.868504850532291,
    "auprc_test": 0.7592885180471625,
    "accuracy_test": 0.8106519785208914,
    "MC_loss_test": 0.15883445562702592,
    "PMC_loss_test": 2.25515775000646,
    "DC_loss_test": 0.5161570087628641,
    "feature_importances_": {
        "temperature": 0.01653401181101799,
        "heartrate": 0.0031503336504101753,
        "resprate": 0.019266905263066292,
        "o2sat": 0.050741247832775116,
        "sbp": 0.012220860458910465,
        "dbp": 0.00874034222215414,
        "pain": 0.0031736756209284067,
        "acuity": 0.4606063961982727,
        "insurance": 0.009474242106080055,
        "language": 0.002326536225154996,
        "marital_status": 0.007343953009694815,
        "ethnicity": 0.02503328211605549,
        "gender": 0.018387656658887863,
        "anchor_year_group": 0.12118203192949295,
        "prev_visit": 0.20993532240390778,
        "prev_adm": 0.03188326209783554
    }
}