{
    "dataset": "data/mimic4_admissions.csv",
    "algorithm": "rf",
    "params": {
        "colsample_bynode": 0.8,
        "learning_rate": 1,
        "reg_lambda": 1e-05,
        "subsample": 0.8,
        "use_label_encoder": false,
        "objective": "binary:logistic",
        "base_score": 0.5,
        "booster": "gbtree",
        "colsample_bylevel": 1,
        "colsample_bytree": 1,
        "gamma": 0.05,
        "gpu_id": -1,
        "importance_type": "gain",
        "interaction_constraints": "",
        "max_delta_step": 0,
        "max_depth": 6,
        "min_child_weight": 1,
        "missing": NaN,
        "monotone_constraints": "()",
        "n_estimators": 100,
        "n_jobs": 1,
        "num_parallel_tree": 100,
        "random_state": 4478,
        "reg_alpha": 0,
        "scale_pos_weight": 1,
        "tree_method": "exact",
        "validate_parameters": 1,
        "verbosity": null,
        "eval_metric": "logloss"
    },
    "process_time": 13.225440493999999,
    "time_time": 13.235517263412476,
    "random_state": 4478,
    "alpha": 0.01,
    "n_bins": 10,
    "gamma": 0.05,
    "rho": 0.05,
    "roc_auc_train": 0.8716852364373464,
    "auprc_train": 0.7689177484023135,
    "accuracy_train": 0.8135207805177844,
    "MC_loss_train": 0.15349444690024017,
    "PMC_loss_train": 2.2132705562213726,
    "DC_loss_train": 0.5552219984833664,
    "roc_auc_test": 0.8685092711522664,
    "auprc_test": 0.7638240824103808,
    "accuracy_test": 0.8106980710285543,
    "MC_loss_test": 0.16656545400619505,
    "PMC_loss_test": 2.3422774263836823,
    "DC_loss_test": 0.5408779688323927,
    "feature_importances_": {
        "temperature": 0.017856324091553688,
        "heartrate": 0.003120223991572857,
        "resprate": 0.022698549553751945,
        "o2sat": 0.0582069493830204,
        "sbp": 0.01730421371757984,
        "dbp": 0.006868714466691017,
        "pain": 0.0027507913764566183,
        "acuity": 0.40781599283218384,
        "insurance": 0.009911258704960346,
        "language": 5.143692760611884e-05,
        "marital_status": 0.005625104531645775,
        "ethnicity": 0.025015754625201225,
        "gender": 0.019747169688344002,
        "anchor_year_group": 0.13011889159679413,
        "prev_visit": 0.20550402998924255,
        "prev_adm": 0.0674045979976654
    }
}