{
    "dataset": "data/mimic4_admissions.csv",
    "algorithm": "rf",
    "params": {
        "colsample_bynode": 0.8,
        "learning_rate": 1,
        "reg_lambda": 1e-05,
        "subsample": 0.8,
        "use_label_encoder": false,
        "objective": "binary:logistic",
        "base_score": 0.5,
        "booster": "gbtree",
        "colsample_bylevel": 1,
        "colsample_bytree": 1,
        "gamma": 0.1,
        "gpu_id": -1,
        "importance_type": "gain",
        "interaction_constraints": "",
        "max_delta_step": 0,
        "max_depth": 6,
        "min_child_weight": 1,
        "missing": NaN,
        "monotone_constraints": "()",
        "n_estimators": 100,
        "n_jobs": 1,
        "num_parallel_tree": 100,
        "random_state": 1178,
        "reg_alpha": 0,
        "scale_pos_weight": 1,
        "tree_method": "exact",
        "validate_parameters": 1,
        "verbosity": null,
        "eval_metric": "logloss"
    },
    "process_time": 12.049692884999999,
    "time_time": 12.102295398712158,
    "random_state": 1178,
    "alpha": 0.01,
    "n_bins": 10,
    "gamma": 0.1,
    "rho": 0.1,
    "roc_auc_train": 0.8716761625857075,
    "auprc_train": 0.7688457131901971,
    "accuracy_train": 0.8127525543520012,
    "MC_loss_train": 0.14408976627137376,
    "PMC_loss_train": 1.0832803786608274,
    "DC_loss_train": 0.44421972668300946,
    "roc_auc_test": 0.867881647130066,
    "auprc_test": 0.7615584532275816,
    "accuracy_test": 0.8128644188887096,
    "MC_loss_test": 0.14468651233039898,
    "PMC_loss_test": 1.063213467878253,
    "DC_loss_test": 0.26625526145928163,
    "feature_importances_": {
        "temperature": 0.014220243319869041,
        "heartrate": 0.0038870535790920258,
        "resprate": 0.018979981541633606,
        "o2sat": 0.052544865757226944,
        "sbp": 0.009700282476842403,
        "dbp": 0.014078949578106403,
        "pain": 0.002154448302462697,
        "acuity": 0.4226762354373932,
        "insurance": 0.006932054180651903,
        "language": 0.0009346494916826487,
        "marital_status": 0.007094557397067547,
        "ethnicity": 0.02396015077829361,
        "gender": 0.01910514570772648,
        "anchor_year_group": 0.12029044330120087,
        "prev_visit": 0.20517505705356598,
        "prev_adm": 0.07826592028141022
    }
}