{
    "dataset": "data/mimic4_admissions.csv",
    "algorithm": "rf",
    "params": {
        "colsample_bynode": 0.8,
        "learning_rate": 1,
        "reg_lambda": 1e-05,
        "subsample": 0.8,
        "use_label_encoder": false,
        "objective": "binary:logistic",
        "base_score": 0.5,
        "booster": "gbtree",
        "colsample_bylevel": 1,
        "colsample_bytree": 1,
        "gamma": 0.05,
        "gpu_id": -1,
        "importance_type": "gain",
        "interaction_constraints": "",
        "max_delta_step": 0,
        "max_depth": 6,
        "min_child_weight": 1,
        "missing": NaN,
        "monotone_constraints": "()",
        "n_estimators": 100,
        "n_jobs": 1,
        "num_parallel_tree": 100,
        "random_state": 520,
        "reg_alpha": 0,
        "scale_pos_weight": 1,
        "tree_method": "exact",
        "validate_parameters": 1,
        "verbosity": null,
        "eval_metric": "logloss"
    },
    "process_time": 13.25969301,
    "time_time": 13.308608293533325,
    "random_state": 520,
    "alpha": 0.05,
    "n_bins": 10,
    "gamma": 0.05,
    "rho": 0.1,
    "roc_auc_train": 0.8707830574953603,
    "auprc_train": 0.766212421513184,
    "accuracy_train": 0.8119151878312976,
    "MC_loss_train": 0.1672218278342602,
    "PMC_loss_train": 1.1176716120320889,
    "DC_loss_train": 0.5416098301926556,
    "roc_auc_test": 0.8707480269989887,
    "auprc_test": 0.767854177366924,
    "accuracy_test": 0.8121269387661035,
    "MC_loss_test": 0.16923165321350098,
    "PMC_loss_test": 1.1017828722994532,
    "DC_loss_test": 0.5320278314165938,
    "feature_importances_": {
        "temperature": 0.01398459728807211,
        "heartrate": 0.0035885933320969343,
        "resprate": 0.02192552015185356,
        "o2sat": 0.048912834376096725,
        "sbp": 0.008838857524096966,
        "dbp": 0.00900028832256794,
        "pain": 0.002168820472434163,
        "acuity": 0.4282747209072113,
        "insurance": 0.009204433299601078,
        "language": 0.0008315000450238585,
        "marital_status": 0.007378087844699621,
        "ethnicity": 0.022218110039830208,
        "gender": 0.019469548016786575,
        "anchor_year_group": 0.13996203243732452,
        "prev_visit": 0.2083461731672287,
        "prev_adm": 0.05589595064520836
    }
}