{
    "dataset": "data/mimic4_admissions.csv",
    "algorithm": "rf",
    "params": {
        "colsample_bynode": 0.8,
        "learning_rate": 1,
        "reg_lambda": 1e-05,
        "subsample": 0.8,
        "use_label_encoder": false,
        "objective": "binary:logistic",
        "base_score": 0.5,
        "booster": "gbtree",
        "colsample_bylevel": 1,
        "colsample_bytree": 1,
        "gamma": 0.05,
        "gpu_id": -1,
        "importance_type": "gain",
        "interaction_constraints": "",
        "max_delta_step": 0,
        "max_depth": 6,
        "min_child_weight": 1,
        "missing": NaN,
        "monotone_constraints": "()",
        "n_estimators": 100,
        "n_jobs": 1,
        "num_parallel_tree": 100,
        "random_state": 7530,
        "reg_alpha": 0,
        "scale_pos_weight": 1,
        "tree_method": "exact",
        "validate_parameters": 1,
        "verbosity": null,
        "eval_metric": "logloss"
    },
    "process_time": 12.5342722,
    "time_time": 12.573938608169556,
    "random_state": 7530,
    "alpha": 0.01,
    "n_bins": 10,
    "gamma": 0.05,
    "rho": 0.1,
    "roc_auc_train": 0.870497003942386,
    "auprc_train": 0.7668637577708358,
    "accuracy_train": 0.8129753399400783,
    "MC_loss_train": 0.18833872273161606,
    "PMC_loss_train": 1.1225330768643742,
    "DC_loss_train": 0.5000881987560236,
    "roc_auc_test": 0.8690951016167132,
    "auprc_test": 0.7657350657831765,
    "accuracy_test": 0.8124956788274066,
    "MC_loss_test": 0.2307936429292306,
    "PMC_loss_test": 1.1358266518666194,
    "DC_loss_test": 0.7287923635811648,
    "feature_importances_": {
        "temperature": 0.018305614590644836,
        "heartrate": 0.0027206921949982643,
        "resprate": 0.020788298919796944,
        "o2sat": 0.04673141986131668,
        "sbp": 0.018277598544955254,
        "dbp": 0.006310566328465939,
        "pain": 0.0019891737028956413,
        "acuity": 0.4305078089237213,
        "insurance": 0.011459341272711754,
        "language": 3.040443334612064e-05,
        "marital_status": 0.006069349590688944,
        "ethnicity": 0.025718990713357925,
        "gender": 0.019112950190901756,
        "anchor_year_group": 0.11806398630142212,
        "prev_visit": 0.21024319529533386,
        "prev_adm": 0.06367067247629166
    }
}