{
    "dataset": "data/mimic4_admissions.csv",
    "algorithm": "rf",
    "params": {
        "colsample_bynode": 0.8,
        "learning_rate": 1,
        "reg_lambda": 1e-05,
        "subsample": 0.8,
        "use_label_encoder": false,
        "objective": "binary:logistic",
        "base_score": 0.5,
        "booster": "gbtree",
        "colsample_bylevel": 1,
        "colsample_bytree": 1,
        "gamma": 0.05,
        "gpu_id": -1,
        "importance_type": "gain",
        "interaction_constraints": "",
        "max_delta_step": 0,
        "max_depth": 6,
        "min_child_weight": 1,
        "missing": NaN,
        "monotone_constraints": "()",
        "n_estimators": 100,
        "n_jobs": 1,
        "num_parallel_tree": 100,
        "random_state": 14324,
        "reg_alpha": 0,
        "scale_pos_weight": 1,
        "tree_method": "exact",
        "validate_parameters": 1,
        "verbosity": null,
        "eval_metric": "logloss"
    },
    "process_time": 13.171345244,
    "time_time": 13.209815263748169,
    "random_state": 14324,
    "alpha": 0.05,
    "n_bins": 10,
    "gamma": 0.05,
    "rho": 0.1,
    "roc_auc_train": 0.8716786950962746,
    "auprc_train": 0.7685058989648985,
    "accuracy_train": 0.8138203887224399,
    "MC_loss_train": 0.1835304486079955,
    "PMC_loss_train": 1.1122286124325498,
    "DC_loss_train": 0.5534731163661555,
    "roc_auc_test": 0.868527930872798,
    "auprc_test": 0.7655552038980631,
    "accuracy_test": 0.81062893226706,
    "MC_loss_test": 0.32868614059228163,
    "PMC_loss_test": 2.6705748923122883,
    "DC_loss_test": 1.2107433108931465,
    "feature_importances_": {
        "temperature": 0.020885149016976357,
        "heartrate": 0.003987764474004507,
        "resprate": 0.01673898473381996,
        "o2sat": 0.047513701021671295,
        "sbp": 0.02063552476465702,
        "dbp": 0.006946374662220478,
        "pain": 0.002023924607783556,
        "acuity": 0.42434585094451904,
        "insurance": 0.012723552994430065,
        "language": 5.7229695812566206e-05,
        "marital_status": 0.0030400240793824196,
        "ethnicity": 0.025249134749174118,
        "gender": 0.019804606214165688,
        "anchor_year_group": 0.11201665550470352,
        "prev_visit": 0.22351175546646118,
        "prev_adm": 0.06051982194185257
    }
}