{
    "dataset": "data/mimic4_admissions.csv",
    "algorithm": "rf",
    "params": {
        "colsample_bynode": 0.8,
        "learning_rate": 1,
        "reg_lambda": 1e-05,
        "subsample": 0.8,
        "use_label_encoder": false,
        "objective": "binary:logistic",
        "base_score": 0.5,
        "booster": "gbtree",
        "colsample_bylevel": 1,
        "colsample_bytree": 1,
        "gamma": 0.1,
        "gpu_id": -1,
        "importance_type": "gain",
        "interaction_constraints": "",
        "max_delta_step": 0,
        "max_depth": 6,
        "min_child_weight": 1,
        "missing": NaN,
        "monotone_constraints": "()",
        "n_estimators": 100,
        "n_jobs": 1,
        "num_parallel_tree": 100,
        "random_state": 4322,
        "reg_alpha": 0,
        "scale_pos_weight": 1,
        "tree_method": "exact",
        "validate_parameters": 1,
        "verbosity": null,
        "eval_metric": "logloss"
    },
    "process_time": 13.205954744,
    "time_time": 13.235268831253052,
    "random_state": 4322,
    "alpha": 0.01,
    "n_bins": 10,
    "gamma": 0.1,
    "rho": 0.05,
    "roc_auc_train": 0.8716089823036828,
    "auprc_train": 0.7690934799452178,
    "accuracy_train": 0.8126450026887916,
    "MC_loss_train": 0.14644212236803167,
    "PMC_loss_train": 2.178656416279929,
    "DC_loss_train": 0.2915210005283002,
    "roc_auc_test": 0.8677286240362967,
    "auprc_test": 0.76165104091143,
    "accuracy_test": 0.8122191237814294,
    "MC_loss_test": 0.14072743727236375,
    "PMC_loss_test": 2.130257984187424,
    "DC_loss_test": 0.2771889389131562,
    "feature_importances_": {
        "temperature": 0.017171332612633705,
        "heartrate": 0.005404767580330372,
        "resprate": 0.020387524738907814,
        "o2sat": 0.05494244769215584,
        "sbp": 0.013782165944576263,
        "dbp": 0.0078121074475348,
        "pain": 0.0021746468264609575,
        "acuity": 0.41793087124824524,
        "insurance": 0.011240869760513306,
        "language": 0.0020716283470392227,
        "marital_status": 0.004500174429267645,
        "ethnicity": 0.029112743213772774,
        "gender": 0.021243199706077576,
        "anchor_year_group": 0.12386870384216309,
        "prev_visit": 0.21497783064842224,
        "prev_adm": 0.05337895080447197
    }
}