{
    "dataset": "data/mimic4_admissions.csv",
    "algorithm": "rf",
    "params": {
        "colsample_bynode": 0.8,
        "learning_rate": 1,
        "reg_lambda": 1e-05,
        "subsample": 0.8,
        "use_label_encoder": false,
        "objective": "binary:logistic",
        "base_score": 0.5,
        "booster": "gbtree",
        "colsample_bylevel": 1,
        "colsample_bytree": 1,
        "gamma": 0.05,
        "gpu_id": -1,
        "importance_type": "gain",
        "interaction_constraints": "",
        "max_delta_step": 0,
        "max_depth": 6,
        "min_child_weight": 1,
        "missing": NaN,
        "monotone_constraints": "()",
        "n_estimators": 100,
        "n_jobs": 1,
        "num_parallel_tree": 100,
        "random_state": 10485,
        "reg_alpha": 0,
        "scale_pos_weight": 1,
        "tree_method": "exact",
        "validate_parameters": 1,
        "verbosity": null,
        "eval_metric": "logloss"
    },
    "process_time": 12.848096296000001,
    "time_time": 12.855546474456787,
    "random_state": 10485,
    "alpha": 0.1,
    "n_bins": 10,
    "gamma": 0.05,
    "rho": 0.01,
    "roc_auc_train": 0.8713945400156512,
    "auprc_train": 0.7682238374188533,
    "accuracy_train": 0.8127064607820542,
    "MC_loss_train": 0.18281036774015247,
    "PMC_loss_train": 3.392483741710972,
    "DC_loss_train": 0.5032903016012944,
    "roc_auc_test": 0.8693065818015994,
    "auprc_test": 0.7649531436679302,
    "accuracy_test": 0.8116890599433062,
    "MC_loss_test": 0.16969410339033747,
    "PMC_loss_test": 3.021990391745496,
    "DC_loss_test": 0.6466544956929394,
    "feature_importances_": {
        "temperature": 0.014937694184482098,
        "heartrate": 0.004503009840846062,
        "resprate": 0.01841018721461296,
        "o2sat": 0.05950038507580757,
        "sbp": 0.009607101790606976,
        "dbp": 0.01198703981935978,
        "pain": 0.002819311572238803,
        "acuity": 0.40765443444252014,
        "insurance": 0.007783109787851572,
        "language": 0.0017410765867680311,
        "marital_status": 0.008000289089977741,
        "ethnicity": 0.022504432126879692,
        "gender": 0.017741303890943527,
        "anchor_year_group": 0.13830959796905518,
        "prev_visit": 0.20751813054084778,
        "prev_adm": 0.06698291748762131
    }
}