{
    "dataset": "data/mimic4_admissions.csv",
    "algorithm": "rf",
    "params": {
        "colsample_bynode": 0.8,
        "learning_rate": 1,
        "reg_lambda": 1e-05,
        "subsample": 0.8,
        "use_label_encoder": false,
        "objective": "binary:logistic",
        "base_score": 0.5,
        "booster": "gbtree",
        "colsample_bylevel": 1,
        "colsample_bytree": 1,
        "gamma": 0.05,
        "gpu_id": -1,
        "importance_type": "gain",
        "interaction_constraints": "",
        "max_delta_step": 0,
        "max_depth": 6,
        "min_child_weight": 1,
        "missing": NaN,
        "monotone_constraints": "()",
        "n_estimators": 100,
        "n_jobs": 1,
        "num_parallel_tree": 100,
        "random_state": 15751,
        "reg_alpha": 0,
        "scale_pos_weight": 1,
        "tree_method": "exact",
        "validate_parameters": 1,
        "verbosity": null,
        "eval_metric": "logloss"
    },
    "process_time": 13.403778791,
    "time_time": 13.501449823379517,
    "random_state": 15751,
    "alpha": 0.05,
    "n_bins": 10,
    "gamma": 0.05,
    "rho": 0.05,
    "roc_auc_train": 0.8712453816497429,
    "auprc_train": 0.7678787094884376,
    "accuracy_train": 0.8123684412691097,
    "MC_loss_train": 0.22061737042206983,
    "PMC_loss_train": 2.2234359316946355,
    "DC_loss_train": 0.725363811870707,
    "roc_auc_test": 0.8685973097882413,
    "auprc_test": 0.763876418391053,
    "accuracy_test": 0.8135327602498214,
    "MC_loss_test": 0.1713932493742365,
    "PMC_loss_test": 2.16370817818089,
    "DC_loss_test": 0.5637643041197404,
    "feature_importances_": {
        "temperature": 0.014819643460214138,
        "heartrate": 0.0044157784432172775,
        "resprate": 0.017676405608654022,
        "o2sat": 0.061495713889598846,
        "sbp": 0.012613315135240555,
        "dbp": 0.010701076127588749,
        "pain": 0.008358861319720745,
        "acuity": 0.41326776146888733,
        "insurance": 0.01113976538181305,
        "language": 2.6976118533639237e-05,
        "marital_status": 0.004419045057147741,
        "ethnicity": 0.024372519925236702,
        "gender": 0.01826789602637291,
        "anchor_year_group": 0.11925308406352997,
        "prev_visit": 0.2117641121149063,
        "prev_adm": 0.06740808486938477
    }
}