{
    "dataset": "data/mimic4_admissions.csv",
    "algorithm": "rf",
    "params": {
        "colsample_bynode": 0.8,
        "learning_rate": 1,
        "reg_lambda": 1e-05,
        "subsample": 0.8,
        "use_label_encoder": false,
        "objective": "binary:logistic",
        "base_score": 0.5,
        "booster": "gbtree",
        "colsample_bylevel": 1,
        "colsample_bytree": 1,
        "gamma": 0.05,
        "gpu_id": -1,
        "importance_type": "gain",
        "interaction_constraints": "",
        "max_delta_step": 0,
        "max_depth": 6,
        "min_child_weight": 1,
        "missing": NaN,
        "monotone_constraints": "()",
        "n_estimators": 100,
        "n_jobs": 1,
        "num_parallel_tree": 100,
        "random_state": 7245,
        "reg_alpha": 0,
        "scale_pos_weight": 1,
        "tree_method": "exact",
        "validate_parameters": 1,
        "verbosity": null,
        "eval_metric": "logloss"
    },
    "process_time": 12.718408097000001,
    "time_time": 12.724191665649414,
    "random_state": 7245,
    "alpha": 0.01,
    "n_bins": 10,
    "gamma": 0.05,
    "rho": 0.1,
    "roc_auc_train": 0.870667070583851,
    "auprc_train": 0.7668992989737224,
    "accuracy_train": 0.8137282015825459,
    "MC_loss_train": 0.15220785355939737,
    "PMC_loss_train": 1.116814910984405,
    "DC_loss_train": 0.48577053103544454,
    "roc_auc_test": 0.8698046642889609,
    "auprc_test": 0.7666613749761588,
    "accuracy_test": 0.813302297711507,
    "MC_loss_test": 0.14638053891302527,
    "PMC_loss_test": 1.1051200461096882,
    "DC_loss_test": 0.7085558059127903,
    "feature_importances_": {
        "temperature": 0.021033065393567085,
        "heartrate": 0.004512826446443796,
        "resprate": 0.017391527071595192,
        "o2sat": 0.058949269354343414,
        "sbp": 0.009081095457077026,
        "dbp": 0.013406678102910519,
        "pain": 0.001647153520025313,
        "acuity": 0.42321059107780457,
        "insurance": 0.011248386465013027,
        "language": 0.0007469007396139205,
        "marital_status": 0.007750128861516714,
        "ethnicity": 0.02307986654341221,
        "gender": 0.01767483726143837,
        "anchor_year_group": 0.13105015456676483,
        "prev_visit": 0.2218761146068573,
        "prev_adm": 0.03734144940972328
    }
}