{
    "dataset": "data/mimic4_admissions.csv",
    "algorithm": "rf",
    "params": {
        "colsample_bynode": 0.8,
        "learning_rate": 1,
        "reg_lambda": 1e-05,
        "subsample": 0.8,
        "use_label_encoder": false,
        "objective": "binary:logistic",
        "base_score": 0.5,
        "booster": "gbtree",
        "colsample_bylevel": 1,
        "colsample_bytree": 1,
        "gamma": 0.05,
        "gpu_id": -1,
        "importance_type": "gain",
        "interaction_constraints": "",
        "max_delta_step": 0,
        "max_depth": 6,
        "min_child_weight": 1,
        "missing": NaN,
        "monotone_constraints": "()",
        "n_estimators": 100,
        "n_jobs": 1,
        "num_parallel_tree": 100,
        "random_state": 2148,
        "reg_alpha": 0,
        "scale_pos_weight": 1,
        "tree_method": "exact",
        "validate_parameters": 1,
        "verbosity": null,
        "eval_metric": "logloss"
    },
    "process_time": 13.025819767000002,
    "time_time": 13.040592432022095,
    "random_state": 2148,
    "alpha": 0.1,
    "n_bins": 10,
    "gamma": 0.05,
    "rho": 0.05,
    "roc_auc_train": 0.8720382182996682,
    "auprc_train": 0.7685168031589285,
    "accuracy_train": 0.8136974725359146,
    "MC_loss_train": 0.15633737535799963,
    "PMC_loss_train": 2.225887831149933,
    "DC_loss_train": 0.49849115221929563,
    "roc_auc_test": 0.8667968999329545,
    "auprc_test": 0.762340876372576,
    "accuracy_test": 0.8096609896061395,
    "MC_loss_test": 0.2123216892543592,
    "PMC_loss_test": 2.1426415974055266,
    "DC_loss_test": 0.6965401108669544,
    "feature_importances_": {
        "temperature": 0.01884172298014164,
        "heartrate": 0.0035594382788985968,
        "resprate": 0.01847677305340767,
        "o2sat": 0.05310101807117462,
        "sbp": 0.01137097179889679,
        "dbp": 0.010167671367526054,
        "pain": 0.002933456562459469,
        "acuity": 0.40219375491142273,
        "insurance": 0.009094025939702988,
        "language": 0.002021999331191182,
        "marital_status": 0.006495201028883457,
        "ethnicity": 0.027522485703229904,
        "gender": 0.018459009006619453,
        "anchor_year_group": 0.1515505164861679,
        "prev_visit": 0.21066555380821228,
        "prev_adm": 0.053546372801065445
    }
}