{
    "dataset": "data/mimic4_admissions.csv",
    "algorithm": "rf",
    "params": {
        "colsample_bynode": 0.8,
        "learning_rate": 1,
        "reg_lambda": 1e-05,
        "subsample": 0.8,
        "use_label_encoder": false,
        "objective": "binary:logistic",
        "base_score": 0.5,
        "booster": "gbtree",
        "colsample_bylevel": 1,
        "colsample_bytree": 1,
        "gamma": 0.1,
        "gpu_id": -1,
        "importance_type": "gain",
        "interaction_constraints": "",
        "max_delta_step": 0,
        "max_depth": 6,
        "min_child_weight": 1,
        "missing": NaN,
        "monotone_constraints": "()",
        "n_estimators": 100,
        "n_jobs": 1,
        "num_parallel_tree": 100,
        "random_state": 12291,
        "reg_alpha": 0,
        "scale_pos_weight": 1,
        "tree_method": "exact",
        "validate_parameters": 1,
        "verbosity": null,
        "eval_metric": "logloss"
    },
    "process_time": 13.200099077,
    "time_time": 13.20943307876587,
    "random_state": 12291,
    "alpha": 0.05,
    "n_bins": 10,
    "gamma": 0.1,
    "rho": 0.1,
    "roc_auc_train": 0.8713456938214721,
    "auprc_train": 0.7676031740692106,
    "accuracy_train": 0.8131520319582085,
    "MC_loss_train": 0.1376118891011337,
    "PMC_loss_train": 1.0905360711148815,
    "DC_loss_train": 0.348825802224905,
    "roc_auc_test": 0.8685211797360565,
    "auprc_test": 0.7661594706204339,
    "accuracy_test": 0.8103754234749142,
    "MC_loss_test": 0.15854904735297487,
    "PMC_loss_test": 1.0270921666195247,
    "DC_loss_test": 0.3386868181572157,
    "feature_importances_": {
        "temperature": 0.017231132835149765,
        "heartrate": 0.004256849177181721,
        "resprate": 0.027013830840587616,
        "o2sat": 0.04893539845943451,
        "sbp": 0.0117809372022748,
        "dbp": 0.010085166431963444,
        "pain": 0.002899921964854002,
        "acuity": 0.43411365151405334,
        "insurance": 0.00685749901458621,
        "language": 0.0,
        "marital_status": 0.007881857454776764,
        "ethnicity": 0.02586987242102623,
        "gender": 0.017098555341362953,
        "anchor_year_group": 0.13355307281017303,
        "prev_visit": 0.21532198786735535,
        "prev_adm": 0.03710021823644638
    }
}