{
    "dataset": "data/mimic4_admissions.csv",
    "algorithm": "rf",
    "params": {
        "colsample_bynode": 0.8,
        "learning_rate": 1,
        "reg_lambda": 1e-05,
        "subsample": 0.8,
        "use_label_encoder": false,
        "objective": "binary:logistic",
        "base_score": 0.5,
        "booster": "gbtree",
        "colsample_bylevel": 1,
        "colsample_bytree": 1,
        "gamma": 0.05,
        "gpu_id": -1,
        "importance_type": "gain",
        "interaction_constraints": "",
        "max_delta_step": 0,
        "max_depth": 6,
        "min_child_weight": 1,
        "missing": NaN,
        "monotone_constraints": "()",
        "n_estimators": 100,
        "n_jobs": 1,
        "num_parallel_tree": 100,
        "random_state": 7580,
        "reg_alpha": 0,
        "scale_pos_weight": 1,
        "tree_method": "exact",
        "validate_parameters": 1,
        "verbosity": null,
        "eval_metric": "logloss"
    },
    "process_time": 12.495282158,
    "time_time": 12.531829595565796,
    "random_state": 7580,
    "alpha": 0.1,
    "n_bins": 10,
    "gamma": 0.05,
    "rho": 0.01,
    "roc_auc_train": 0.8718948033800967,
    "auprc_train": 0.7692266139325719,
    "accuracy_train": 0.8132365368364447,
    "MC_loss_train": 0.1527060450339804,
    "PMC_loss_train": 3.6421908217257464,
    "DC_loss_train": 0.5134407533934398,
    "roc_auc_test": 0.8687212977568277,
    "auprc_test": 0.7637476468280372,
    "accuracy_test": 0.8108824410592058,
    "MC_loss_test": 0.1738575378509417,
    "PMC_loss_test": 3.042872025973379,
    "DC_loss_test": 0.3870789916774222,
    "feature_importances_": {
        "temperature": 0.01909729279577732,
        "heartrate": 0.002044765977188945,
        "resprate": 0.020086785778403282,
        "o2sat": 0.053245142102241516,
        "sbp": 0.014827467501163483,
        "dbp": 0.008342284709215164,
        "pain": 0.0020209725480526686,
        "acuity": 0.40451186895370483,
        "insurance": 0.00866361428052187,
        "language": 0.0006151162087917328,
        "marital_status": 0.005677331704646349,
        "ethnicity": 0.028077295050024986,
        "gender": 0.018918322399258614,
        "anchor_year_group": 0.14662770926952362,
        "prev_visit": 0.22262455523014069,
        "prev_adm": 0.04461953043937683
    }
}