{
    "dataset": "data/mimic4_admissions.csv",
    "algorithm": "rf",
    "params": {
        "colsample_bynode": 0.8,
        "learning_rate": 1,
        "reg_lambda": 1e-05,
        "subsample": 0.8,
        "use_label_encoder": false,
        "objective": "binary:logistic",
        "base_score": 0.5,
        "booster": "gbtree",
        "colsample_bylevel": 1,
        "colsample_bytree": 1,
        "gamma": 0.1,
        "gpu_id": -1,
        "importance_type": "gain",
        "interaction_constraints": "",
        "max_delta_step": 0,
        "max_depth": 6,
        "min_child_weight": 1,
        "missing": NaN,
        "monotone_constraints": "()",
        "n_estimators": 100,
        "n_jobs": 1,
        "num_parallel_tree": 100,
        "random_state": 16180,
        "reg_alpha": 0,
        "scale_pos_weight": 1,
        "tree_method": "exact",
        "validate_parameters": 1,
        "verbosity": null,
        "eval_metric": "logloss"
    },
    "process_time": 12.997344356,
    "time_time": 13.03544545173645,
    "random_state": 16180,
    "alpha": 0.1,
    "n_bins": 10,
    "gamma": 0.1,
    "rho": 0.05,
    "roc_auc_train": 0.8710661768324124,
    "auprc_train": 0.7685683305946857,
    "accuracy_train": 0.8126910962587386,
    "MC_loss_train": 0.11542530117599353,
    "PMC_loss_train": 2.1477126080138484,
    "DC_loss_train": 0.42599152374947125,
    "roc_auc_test": 0.8702292969749341,
    "auprc_test": 0.7657956991911862,
    "accuracy_test": 0.8115738286741491,
    "MC_loss_test": 0.17707077356485218,
    "PMC_loss_test": 2.2314029588666107,
    "DC_loss_test": 0.42760563098890747,
    "feature_importances_": {
        "temperature": 0.015186027623713017,
        "heartrate": 0.003211337374523282,
        "resprate": 0.02146666683256626,
        "o2sat": 0.0574222058057785,
        "sbp": 0.017193462699651718,
        "dbp": 0.007565200328826904,
        "pain": 0.0021793243940919638,
        "acuity": 0.399736613035202,
        "insurance": 0.011050338856875896,
        "language": 0.000926431268453598,
        "marital_status": 0.00774740194901824,
        "ethnicity": 0.02267381362617016,
        "gender": 0.020083297044038773,
        "anchor_year_group": 0.1502624899148941,
        "prev_visit": 0.20893289148807526,
        "prev_adm": 0.05436255410313606
    }
}