{
    "dataset": "data/mimic4_admissions.csv",
    "algorithm": "rf",
    "params": {
        "colsample_bynode": 0.8,
        "learning_rate": 1,
        "reg_lambda": 1e-05,
        "subsample": 0.8,
        "use_label_encoder": false,
        "objective": "binary:logistic",
        "base_score": 0.5,
        "booster": "gbtree",
        "colsample_bylevel": 1,
        "colsample_bytree": 1,
        "gamma": 0.05,
        "gpu_id": -1,
        "importance_type": "gain",
        "interaction_constraints": "",
        "max_delta_step": 0,
        "max_depth": 6,
        "min_child_weight": 1,
        "missing": NaN,
        "monotone_constraints": "()",
        "n_estimators": 100,
        "n_jobs": 1,
        "num_parallel_tree": 100,
        "random_state": 11933,
        "reg_alpha": 0,
        "scale_pos_weight": 1,
        "tree_method": "exact",
        "validate_parameters": 1,
        "verbosity": null,
        "eval_metric": "logloss"
    },
    "process_time": 13.010372589000001,
    "time_time": 13.02008867263794,
    "random_state": 11933,
    "alpha": 0.01,
    "n_bins": 10,
    "gamma": 0.05,
    "rho": 0.05,
    "roc_auc_train": 0.8723066943465527,
    "auprc_train": 0.7685272977296497,
    "accuracy_train": 0.8133210417146808,
    "MC_loss_train": 0.15584920133863178,
    "PMC_loss_train": 2.1796458920319908,
    "DC_loss_train": 0.4824425226898391,
    "roc_auc_test": 0.8682964697245633,
    "auprc_test": 0.7641675088480004,
    "accuracy_test": 0.8127722338733839,
    "MC_loss_test": 0.16383149321117096,
    "PMC_loss_test": 2.3579610440241043,
    "DC_loss_test": 0.5440040224633095,
    "feature_importances_": {
        "temperature": 0.014208371751010418,
        "heartrate": 0.005347434431314468,
        "resprate": 0.030707957223057747,
        "o2sat": 0.05942181497812271,
        "sbp": 0.013840069063007832,
        "dbp": 0.010423490777611732,
        "pain": 0.0025807505007833242,
        "acuity": 0.4152119755744934,
        "insurance": 0.008457982912659645,
        "language": 0.0005478102248162031,
        "marital_status": 0.006606367416679859,
        "ethnicity": 0.02634636126458645,
        "gender": 0.017158180475234985,
        "anchor_year_group": 0.1257942020893097,
        "prev_visit": 0.20501478016376495,
        "prev_adm": 0.05833244323730469
    }
}