{
    "dataset": "data/mimic4_admissions.csv",
    "algorithm": "rf",
    "params": {
        "colsample_bynode": 0.8,
        "learning_rate": 1,
        "reg_lambda": 1e-05,
        "subsample": 0.8,
        "use_label_encoder": false,
        "objective": "binary:logistic",
        "base_score": 0.5,
        "booster": "gbtree",
        "colsample_bylevel": 1,
        "colsample_bytree": 1,
        "gamma": 0.05,
        "gpu_id": -1,
        "importance_type": "gain",
        "interaction_constraints": "",
        "max_delta_step": 0,
        "max_depth": 6,
        "min_child_weight": 1,
        "missing": NaN,
        "monotone_constraints": "()",
        "n_estimators": 100,
        "n_jobs": 1,
        "num_parallel_tree": 100,
        "random_state": 15391,
        "reg_alpha": 0,
        "scale_pos_weight": 1,
        "tree_method": "exact",
        "validate_parameters": 1,
        "verbosity": null,
        "eval_metric": "logloss"
    },
    "process_time": 13.406002594,
    "time_time": 13.445027589797974,
    "random_state": 15391,
    "alpha": 0.05,
    "n_bins": 10,
    "gamma": 0.05,
    "rho": 0.05,
    "roc_auc_train": 0.8709426808858294,
    "auprc_train": 0.7651497561747429,
    "accuracy_train": 0.8126526849504494,
    "MC_loss_train": 0.16184478998184204,
    "PMC_loss_train": 2.2329941583833244,
    "DC_loss_train": 0.5609142547225027,
    "roc_auc_test": 0.8700391887286082,
    "auprc_test": 0.771558301155441,
    "accuracy_test": 0.8133944827268328,
    "MC_loss_test": 0.1794253662899808,
    "PMC_loss_test": 2.145317384659331,
    "DC_loss_test": 0.4545378821068623,
    "feature_importances_": {
        "temperature": 0.01276512909680605,
        "heartrate": 0.004717641975730658,
        "resprate": 0.020987365394830704,
        "o2sat": 0.059036411345005035,
        "sbp": 0.010808192193508148,
        "dbp": 0.01105385273694992,
        "pain": 0.002875844482332468,
        "acuity": 0.4250481128692627,
        "insurance": 0.008361789397895336,
        "language": 0.00013573157775681466,
        "marital_status": 0.007147943135350943,
        "ethnicity": 0.023219848051667213,
        "gender": 0.018226629123091698,
        "anchor_year_group": 0.12519565224647522,
        "prev_visit": 0.17909109592437744,
        "prev_adm": 0.09132865816354752
    }
}