{
    "dataset": "data/mimic4_admissions.csv",
    "algorithm": "rf",
    "params": {
        "colsample_bynode": 0.8,
        "learning_rate": 1,
        "reg_lambda": 1e-05,
        "subsample": 0.8,
        "use_label_encoder": false,
        "objective": "binary:logistic",
        "base_score": 0.5,
        "booster": "gbtree",
        "colsample_bylevel": 1,
        "colsample_bytree": 1,
        "gamma": 0.05,
        "gpu_id": -1,
        "importance_type": "gain",
        "interaction_constraints": "",
        "max_delta_step": 0,
        "max_depth": 6,
        "min_child_weight": 1,
        "missing": NaN,
        "monotone_constraints": "()",
        "n_estimators": 100,
        "n_jobs": 1,
        "num_parallel_tree": 100,
        "random_state": 1600,
        "reg_alpha": 0,
        "scale_pos_weight": 1,
        "tree_method": "exact",
        "validate_parameters": 1,
        "verbosity": null,
        "eval_metric": "logloss"
    },
    "process_time": 12.652127939,
    "time_time": 12.688935041427612,
    "random_state": 1600,
    "alpha": 0.01,
    "n_bins": 10,
    "gamma": 0.05,
    "rho": 0.05,
    "roc_auc_train": 0.8717588703504834,
    "auprc_train": 0.7680882935959321,
    "accuracy_train": 0.8134209111162326,
    "MC_loss_train": 0.16575258020041644,
    "PMC_loss_train": 2.238402454202825,
    "DC_loss_train": 0.5951907168617869,
    "roc_auc_test": 0.8678385459621779,
    "auprc_test": 0.7615924736821507,
    "accuracy_test": 0.8101910534442627,
    "MC_loss_test": 0.191794753074646,
    "PMC_loss_test": 2.211724303228438,
    "DC_loss_test": 0.5908084673310354,
    "feature_importances_": {
        "temperature": 0.014367733150720596,
        "heartrate": 0.0023978922981768847,
        "resprate": 0.026993421837687492,
        "o2sat": 0.06327328830957413,
        "sbp": 0.01696610450744629,
        "dbp": 0.006212635897099972,
        "pain": 0.0020456358324736357,
        "acuity": 0.44039759039878845,
        "insurance": 0.00951765850186348,
        "language": 0.001065770979039371,
        "marital_status": 0.00391340209171176,
        "ethnicity": 0.022835852578282356,
        "gender": 0.01881142146885395,
        "anchor_year_group": 0.11587253212928772,
        "prev_visit": 0.2281244546175003,
        "prev_adm": 0.027204573154449463
    }
}