{
    "dataset": "data/mimic4_admissions.csv",
    "algorithm": "rf",
    "params": {
        "colsample_bynode": 0.8,
        "learning_rate": 1,
        "reg_lambda": 1e-05,
        "subsample": 0.8,
        "use_label_encoder": false,
        "objective": "binary:logistic",
        "base_score": 0.5,
        "booster": "gbtree",
        "colsample_bylevel": 1,
        "colsample_bytree": 1,
        "gamma": 0.05,
        "gpu_id": -1,
        "importance_type": "gain",
        "interaction_constraints": "",
        "max_delta_step": 0,
        "max_depth": 6,
        "min_child_weight": 1,
        "missing": NaN,
        "monotone_constraints": "()",
        "n_estimators": 100,
        "n_jobs": 1,
        "num_parallel_tree": 100,
        "random_state": 9706,
        "reg_alpha": 0,
        "scale_pos_weight": 1,
        "tree_method": "exact",
        "validate_parameters": 1,
        "verbosity": null,
        "eval_metric": "logloss"
    },
    "process_time": 11.698107531,
    "time_time": 11.704850673675537,
    "random_state": 9706,
    "alpha": 0.05,
    "n_bins": 10,
    "gamma": 0.05,
    "rho": 0.01,
    "roc_auc_train": 0.8721359052290851,
    "auprc_train": 0.7679768970368761,
    "accuracy_train": 0.8133517707613122,
    "MC_loss_train": 0.16919417440436268,
    "PMC_loss_train": 3.334279050321683,
    "DC_loss_train": 0.5781988198677025,
    "roc_auc_test": 0.8665103356201769,
    "auprc_test": 0.7624772199288041,
    "accuracy_test": 0.8110207185821945,
    "MC_loss_test": 0.2319998100951866,
    "PMC_loss_test": 3.312132447957993,
    "DC_loss_test": 0.739084275746971,
    "feature_importances_": {
        "temperature": 0.01563212089240551,
        "heartrate": 0.003528296248987317,
        "resprate": 0.027062924578785896,
        "o2sat": 0.05261135473847389,
        "sbp": 0.016125589609146118,
        "dbp": 0.011486811563372612,
        "pain": 0.0028229644522070885,
        "acuity": 0.39913785457611084,
        "insurance": 0.008082723245024681,
        "language": 0.0017071983311325312,
        "marital_status": 0.006426267791539431,
        "ethnicity": 0.02448125369846821,
        "gender": 0.015812143683433533,
        "anchor_year_group": 0.1567424237728119,
        "prev_visit": 0.21508793532848358,
        "prev_adm": 0.043252140283584595
    }
}