{
    "dataset": "data/mimic4_admissions.csv",
    "algorithm": "rf",
    "params": {
        "colsample_bynode": 0.8,
        "learning_rate": 1,
        "reg_lambda": 1e-05,
        "subsample": 0.8,
        "use_label_encoder": false,
        "objective": "binary:logistic",
        "base_score": 0.5,
        "booster": "gbtree",
        "colsample_bylevel": 1,
        "colsample_bytree": 1,
        "gamma": 0.05,
        "gpu_id": -1,
        "importance_type": "gain",
        "interaction_constraints": "",
        "max_delta_step": 0,
        "max_depth": 6,
        "min_child_weight": 1,
        "missing": NaN,
        "monotone_constraints": "()",
        "n_estimators": 100,
        "n_jobs": 1,
        "num_parallel_tree": 100,
        "random_state": 8239,
        "reg_alpha": 0,
        "scale_pos_weight": 1,
        "tree_method": "exact",
        "validate_parameters": 1,
        "verbosity": null,
        "eval_metric": "logloss"
    },
    "process_time": 13.362347625000002,
    "time_time": 13.373663187026978,
    "random_state": 8239,
    "alpha": 0.05,
    "n_bins": 10,
    "gamma": 0.05,
    "rho": 0.01,
    "roc_auc_train": 0.8708836094594159,
    "auprc_train": 0.7665693077676301,
    "accuracy_train": 0.812714143043712,
    "MC_loss_train": 0.21054412379409326,
    "PMC_loss_train": 3.057323675526648,
    "DC_loss_train": 0.7114255835209133,
    "roc_auc_test": 0.8707426382426768,
    "auprc_test": 0.7697627786577677,
    "accuracy_test": 0.8131870664423498,
    "MC_loss_test": 0.2514828250958369,
    "PMC_loss_test": 4.459449523985386,
    "DC_loss_test": 0.7823375896759632,
    "feature_importances_": {
        "temperature": 0.017155244946479797,
        "heartrate": 0.004190821200609207,
        "resprate": 0.022445611655712128,
        "o2sat": 0.052238501608371735,
        "sbp": 0.016206786036491394,
        "dbp": 0.011876610107719898,
        "pain": 0.003435931634157896,
        "acuity": 0.39490556716918945,
        "insurance": 0.009425225667655468,
        "language": 0.00044067419366911054,
        "marital_status": 0.007392886094748974,
        "ethnicity": 0.022240769118070602,
        "gender": 0.01994575560092926,
        "anchor_year_group": 0.12852904200553894,
        "prev_visit": 0.24987196922302246,
        "prev_adm": 0.03969864174723625
    }
}