{
    "dataset": "data/mimic4_admissions.csv",
    "algorithm": "rf",
    "params": {
        "colsample_bynode": 0.8,
        "learning_rate": 1,
        "reg_lambda": 1e-05,
        "subsample": 0.8,
        "use_label_encoder": false,
        "objective": "binary:logistic",
        "base_score": 0.5,
        "booster": "gbtree",
        "colsample_bylevel": 1,
        "colsample_bytree": 1,
        "gamma": 0.05,
        "gpu_id": -1,
        "importance_type": "gain",
        "interaction_constraints": "",
        "max_delta_step": 0,
        "max_depth": 6,
        "min_child_weight": 1,
        "missing": NaN,
        "monotone_constraints": "()",
        "n_estimators": 100,
        "n_jobs": 1,
        "num_parallel_tree": 100,
        "random_state": 11730,
        "reg_alpha": 0,
        "scale_pos_weight": 1,
        "tree_method": "exact",
        "validate_parameters": 1,
        "verbosity": null,
        "eval_metric": "logloss"
    },
    "process_time": 13.285466998,
    "time_time": 13.291992664337158,
    "random_state": 11730,
    "alpha": 0.01,
    "n_bins": 10,
    "gamma": 0.05,
    "rho": 0.01,
    "roc_auc_train": 0.8723250999452901,
    "auprc_train": 0.7700586085188665,
    "accuracy_train": 0.8133748175462856,
    "MC_loss_train": 0.16410101426614299,
    "PMC_loss_train": 3.405580542940911,
    "DC_loss_train": 0.552422262007383,
    "roc_auc_test": 0.8658645266467525,
    "auprc_test": 0.758929498972309,
    "accuracy_test": 0.8084625844069047,
    "MC_loss_test": 0.25680593252182005,
    "PMC_loss_test": 2.933292284607887,
    "DC_loss_test": 0.6220512588762153,
    "feature_importances_": {
        "temperature": 0.017294475808739662,
        "heartrate": 0.0031231113243848085,
        "resprate": 0.016407962888479233,
        "o2sat": 0.05477093532681465,
        "sbp": 0.012110221199691296,
        "dbp": 0.006856510415673256,
        "pain": 0.0024750821758061647,
        "acuity": 0.43212229013442993,
        "insurance": 0.007122084964066744,
        "language": 0.0018543722108006477,
        "marital_status": 0.006989517714828253,
        "ethnicity": 0.022256745025515556,
        "gender": 0.01681128330528736,
        "anchor_year_group": 0.1199454739689827,
        "prev_visit": 0.22227957844734192,
        "prev_adm": 0.05758045241236687
    }
}