{
    "dataset": "data/mimic4_admissions.csv",
    "algorithm": "rf",
    "params": {
        "colsample_bynode": 0.8,
        "learning_rate": 1,
        "reg_lambda": 1e-05,
        "subsample": 0.8,
        "use_label_encoder": false,
        "objective": "binary:logistic",
        "base_score": 0.5,
        "booster": "gbtree",
        "colsample_bylevel": 1,
        "colsample_bytree": 1,
        "gamma": 0.05,
        "gpu_id": -1,
        "importance_type": "gain",
        "interaction_constraints": "",
        "max_delta_step": 0,
        "max_depth": 6,
        "min_child_weight": 1,
        "missing": NaN,
        "monotone_constraints": "()",
        "n_estimators": 100,
        "n_jobs": 1,
        "num_parallel_tree": 100,
        "random_state": 10822,
        "reg_alpha": 0,
        "scale_pos_weight": 1,
        "tree_method": "exact",
        "validate_parameters": 1,
        "verbosity": null,
        "eval_metric": "logloss"
    },
    "process_time": 13.264433483,
    "time_time": 13.27165699005127,
    "random_state": 10822,
    "alpha": 0.01,
    "n_bins": 10,
    "gamma": 0.05,
    "rho": 0.1,
    "roc_auc_train": 0.8703911786800397,
    "auprc_train": 0.7679927789470722,
    "accuracy_train": 0.8118998233079818,
    "MC_loss_train": 0.1509189426000394,
    "PMC_loss_train": 1.1017625021303645,
    "DC_loss_train": 0.4371221761342037,
    "roc_auc_test": 0.8703894718331115,
    "auprc_test": 0.7641779098489052,
    "accuracy_test": 0.8118734299739577,
    "MC_loss_test": 0.23414508925109614,
    "PMC_loss_test": 1.1191569572199564,
    "DC_loss_test": 0.6902583966540544,
    "feature_importances_": {
        "temperature": 0.019431445747613907,
        "heartrate": 0.0037284919526427984,
        "resprate": 0.018177134916186333,
        "o2sat": 0.050572119653224945,
        "sbp": 0.014864210039377213,
        "dbp": 0.006644256878644228,
        "pain": 0.005730339325964451,
        "acuity": 0.44079044461250305,
        "insurance": 0.0090015335008502,
        "language": 0.000905393622815609,
        "marital_status": 0.004511634353548288,
        "ethnicity": 0.0232334453612566,
        "gender": 0.01761796325445175,
        "anchor_year_group": 0.12406714260578156,
        "prev_visit": 0.19682207703590393,
        "prev_adm": 0.06390241533517838
    }
}