{
    "dataset": "data/mimic4_admissions.csv",
    "algorithm": "rf",
    "params": {
        "colsample_bynode": 0.8,
        "learning_rate": 1,
        "reg_lambda": 1e-05,
        "subsample": 0.8,
        "use_label_encoder": false,
        "objective": "binary:logistic",
        "base_score": 0.5,
        "booster": "gbtree",
        "colsample_bylevel": 1,
        "colsample_bytree": 1,
        "gamma": 0.1,
        "gpu_id": -1,
        "importance_type": "gain",
        "interaction_constraints": "",
        "max_delta_step": 0,
        "max_depth": 6,
        "min_child_weight": 1,
        "missing": NaN,
        "monotone_constraints": "()",
        "n_estimators": 100,
        "n_jobs": 1,
        "num_parallel_tree": 100,
        "random_state": 13770,
        "reg_alpha": 0,
        "scale_pos_weight": 1,
        "tree_method": "exact",
        "validate_parameters": 1,
        "verbosity": null,
        "eval_metric": "logloss"
    },
    "process_time": 13.043019747,
    "time_time": 13.051431655883789,
    "random_state": 13770,
    "alpha": 0.05,
    "n_bins": 10,
    "gamma": 0.1,
    "rho": 0.1,
    "roc_auc_train": 0.8712839102932165,
    "auprc_train": 0.7686370287691203,
    "accuracy_train": 0.8124375816240301,
    "MC_loss_train": 0.12320743580008636,
    "PMC_loss_train": 1.0752007236325378,
    "DC_loss_train": 0.29857107990671816,
    "roc_auc_test": 0.8683770528213755,
    "auprc_test": 0.7592059746397335,
    "accuracy_test": 0.8124034938120809,
    "MC_loss_test": 0.14141790662566908,
    "PMC_loss_test": 1.0706187845612798,
    "DC_loss_test": 0.4851003605164086,
    "feature_importances_": {
        "temperature": 0.017102515324950218,
        "heartrate": 0.0035201713908463717,
        "resprate": 0.02241891250014305,
        "o2sat": 0.050820451229810715,
        "sbp": 0.00881396047770977,
        "dbp": 0.009582673199474812,
        "pain": 0.002221793634817004,
        "acuity": 0.4262009263038635,
        "insurance": 0.008065578527748585,
        "language": 0.0038263648748397827,
        "marital_status": 0.005334650166332722,
        "ethnicity": 0.024241331964731216,
        "gender": 0.01734699308872223,
        "anchor_year_group": 0.13703913986682892,
        "prev_visit": 0.19306890666484833,
        "prev_adm": 0.07039567083120346
    }
}