{
    "dataset": "data/mimic4_admissions.csv",
    "algorithm": "rf",
    "params": {
        "colsample_bynode": 0.8,
        "learning_rate": 1,
        "reg_lambda": 1e-05,
        "subsample": 0.8,
        "use_label_encoder": false,
        "objective": "binary:logistic",
        "base_score": 0.5,
        "booster": "gbtree",
        "colsample_bylevel": 1,
        "colsample_bytree": 1,
        "gamma": 0.05,
        "gpu_id": -1,
        "importance_type": "gain",
        "interaction_constraints": "",
        "max_delta_step": 0,
        "max_depth": 6,
        "min_child_weight": 1,
        "missing": NaN,
        "monotone_constraints": "()",
        "n_estimators": 100,
        "n_jobs": 1,
        "num_parallel_tree": 100,
        "random_state": 526,
        "reg_alpha": 0,
        "scale_pos_weight": 1,
        "tree_method": "exact",
        "validate_parameters": 1,
        "verbosity": null,
        "eval_metric": "logloss"
    },
    "process_time": 12.179099333,
    "time_time": 12.21478533744812,
    "random_state": 526,
    "alpha": 0.05,
    "n_bins": 10,
    "gamma": 0.05,
    "rho": 0.1,
    "roc_auc_train": 0.8718404817337078,
    "auprc_train": 0.7685944251692827,
    "accuracy_train": 0.8127064607820542,
    "MC_loss_train": 0.15089892360988078,
    "PMC_loss_train": 1.1133280669254668,
    "DC_loss_train": 0.493056237635326,
    "roc_auc_test": 0.8689521685233537,
    "auprc_test": 0.765674562599349,
    "accuracy_test": 0.8123113087967551,
    "MC_loss_test": 0.1462540825208028,
    "PMC_loss_test": 1.1237210299523115,
    "DC_loss_test": 0.46129128032481526,
    "feature_importances_": {
        "temperature": 0.012985861860215664,
        "heartrate": 0.004585095215588808,
        "resprate": 0.020169032737612724,
        "o2sat": 0.06420008093118668,
        "sbp": 0.016404489055275917,
        "dbp": 0.009153864346444607,
        "pain": 0.0018725245026871562,
        "acuity": 0.40723884105682373,
        "insurance": 0.010482228361070156,
        "language": 0.00158929533790797,
        "marital_status": 0.005551642272621393,
        "ethnicity": 0.027137255296111107,
        "gender": 0.020016556605696678,
        "anchor_year_group": 0.1104264110326767,
        "prev_visit": 0.22411797940731049,
        "prev_adm": 0.06406885385513306
    }
}