{
    "dataset": "data/mimic4_admissions.csv",
    "algorithm": "rf",
    "params": {
        "colsample_bynode": 0.8,
        "learning_rate": 1,
        "reg_lambda": 1e-05,
        "subsample": 0.8,
        "use_label_encoder": false,
        "objective": "binary:logistic",
        "base_score": 0.5,
        "booster": "gbtree",
        "colsample_bylevel": 1,
        "colsample_bytree": 1,
        "gamma": 0.05,
        "gpu_id": -1,
        "importance_type": "gain",
        "interaction_constraints": "",
        "max_delta_step": 0,
        "max_depth": 6,
        "min_child_weight": 1,
        "missing": NaN,
        "monotone_constraints": "()",
        "n_estimators": 100,
        "n_jobs": 1,
        "num_parallel_tree": 100,
        "random_state": 4653,
        "reg_alpha": 0,
        "scale_pos_weight": 1,
        "tree_method": "exact",
        "validate_parameters": 1,
        "verbosity": null,
        "eval_metric": "logloss"
    },
    "process_time": 12.950813129,
    "time_time": 12.958391189575195,
    "random_state": 4653,
    "alpha": 0.05,
    "n_bins": 10,
    "gamma": 0.05,
    "rho": 0.01,
    "roc_auc_train": 0.8709816453608007,
    "auprc_train": 0.7676347727841586,
    "accuracy_train": 0.8118537297380348,
    "MC_loss_train": 0.1671431592253388,
    "PMC_loss_train": 3.1302110576070845,
    "DC_loss_train": 0.4311496290389114,
    "roc_auc_test": 0.8692384964033031,
    "auprc_test": 0.7636967987961568,
    "accuracy_test": 0.8097762208752968,
    "MC_loss_test": 0.160574865699326,
    "PMC_loss_test": 3.9733949912978073,
    "DC_loss_test": 0.6182676442272714,
    "feature_importances_": {
        "temperature": 0.012192036025226116,
        "heartrate": 0.0033657283056527376,
        "resprate": 0.02151641622185707,
        "o2sat": 0.05351872369647026,
        "sbp": 0.020383303984999657,
        "dbp": 0.008092066273093224,
        "pain": 0.0035149347968399525,
        "acuity": 0.4100210666656494,
        "insurance": 0.010751403868198395,
        "language": 0.0,
        "marital_status": 0.008180082775652409,
        "ethnicity": 0.027175743132829666,
        "gender": 0.015799861401319504,
        "anchor_year_group": 0.11469956487417221,
        "prev_visit": 0.23530496656894684,
        "prev_adm": 0.055484093725681305
    }
}