{
    "dataset": "data/mimic4_admissions.csv",
    "algorithm": "rf",
    "params": {
        "colsample_bynode": 0.8,
        "learning_rate": 1,
        "reg_lambda": 1e-05,
        "subsample": 0.8,
        "use_label_encoder": false,
        "objective": "binary:logistic",
        "base_score": 0.5,
        "booster": "gbtree",
        "colsample_bylevel": 1,
        "colsample_bytree": 1,
        "gamma": 0.05,
        "gpu_id": -1,
        "importance_type": "gain",
        "interaction_constraints": "",
        "max_delta_step": 0,
        "max_depth": 6,
        "min_child_weight": 1,
        "missing": NaN,
        "monotone_constraints": "()",
        "n_estimators": 100,
        "n_jobs": 1,
        "num_parallel_tree": 100,
        "random_state": 8648,
        "reg_alpha": 0,
        "scale_pos_weight": 1,
        "tree_method": "exact",
        "validate_parameters": 1,
        "verbosity": null,
        "eval_metric": "logloss"
    },
    "process_time": 12.959547407999999,
    "time_time": 12.965698957443237,
    "random_state": 8648,
    "alpha": 0.01,
    "n_bins": 10,
    "gamma": 0.05,
    "rho": 0.01,
    "roc_auc_train": 0.8721147632425714,
    "auprc_train": 0.7685627948374509,
    "accuracy_train": 0.8133287239763386,
    "MC_loss_train": 0.1661269685678315,
    "PMC_loss_train": 3.511081940748475,
    "DC_loss_train": 0.503132912265003,
    "roc_auc_test": 0.8707751098875613,
    "auprc_test": 0.7668961509060799,
    "accuracy_test": 0.8139475928187873,
    "MC_loss_test": 0.19139439475189135,
    "PMC_loss_test": 3.1135392124836265,
    "DC_loss_test": 0.6728107029258596,
    "feature_importances_": {
        "temperature": 0.015393759123980999,
        "heartrate": 0.004482428543269634,
        "resprate": 0.021858764812350273,
        "o2sat": 0.06152114272117615,
        "sbp": 0.016216281801462173,
        "dbp": 0.009915209375321865,
        "pain": 0.002821767469868064,
        "acuity": 0.4134669303894043,
        "insurance": 0.00856031198054552,
        "language": 2.54959177254932e-05,
        "marital_status": 0.007760223932564259,
        "ethnicity": 0.022162465378642082,
        "gender": 0.0172281414270401,
        "anchor_year_group": 0.12369002401828766,
        "prev_visit": 0.2071516364812851,
        "prev_adm": 0.06774543225765228
    }
}