{
    "dataset": "data/mimic4_admissions.csv",
    "algorithm": "rf",
    "params": {
        "colsample_bynode": 0.8,
        "learning_rate": 1,
        "reg_lambda": 1e-05,
        "subsample": 0.8,
        "use_label_encoder": false,
        "objective": "binary:logistic",
        "base_score": 0.5,
        "booster": "gbtree",
        "colsample_bylevel": 1,
        "colsample_bytree": 1,
        "gamma": 0.1,
        "gpu_id": -1,
        "importance_type": "gain",
        "interaction_constraints": "",
        "max_delta_step": 0,
        "max_depth": 6,
        "min_child_weight": 1,
        "missing": NaN,
        "monotone_constraints": "()",
        "n_estimators": 100,
        "n_jobs": 1,
        "num_parallel_tree": 100,
        "random_state": 263,
        "reg_alpha": 0,
        "scale_pos_weight": 1,
        "tree_method": "exact",
        "validate_parameters": 1,
        "verbosity": null,
        "eval_metric": "logloss"
    },
    "process_time": 13.082308809,
    "time_time": 13.105903387069702,
    "random_state": 263,
    "alpha": 0.1,
    "n_bins": 10,
    "gamma": 0.1,
    "rho": 0.01,
    "roc_auc_train": 0.871893698180667,
    "auprc_train": 0.7686973679761431,
    "accuracy_train": 0.8134362756395482,
    "MC_loss_train": 0.14339066613385604,
    "PMC_loss_train": 3.1123796071042307,
    "DC_loss_train": 0.45356124404695586,
    "roc_auc_test": 0.8689151920808618,
    "auprc_test": 0.7608117092424745,
    "accuracy_test": 0.8116890599433062,
    "MC_loss_test": 0.19207023924047295,
    "PMC_loss_test": 2.8940279266900486,
    "DC_loss_test": 0.4906820687953579,
    "feature_importances_": {
        "temperature": 0.018642406910657883,
        "heartrate": 0.0036349650472402573,
        "resprate": 0.02793271280825138,
        "o2sat": 0.05076349899172783,
        "sbp": 0.020229719579219818,
        "dbp": 0.0068620736710727215,
        "pain": 0.0024671496357768774,
        "acuity": 0.4093289077281952,
        "insurance": 0.00833003781735897,
        "language": 0.0009065732010640204,
        "marital_status": 0.005009167827665806,
        "ethnicity": 0.02638336457312107,
        "gender": 0.016738394275307655,
        "anchor_year_group": 0.11184968799352646,
        "prev_visit": 0.22617942094802856,
        "prev_adm": 0.06474201381206512
    }
}