{
    "dataset": "data/mimic4_admissions.csv",
    "algorithm": "rf",
    "params": {
        "colsample_bynode": 0.8,
        "learning_rate": 1,
        "reg_lambda": 1e-05,
        "subsample": 0.8,
        "use_label_encoder": false,
        "objective": "binary:logistic",
        "base_score": 0.5,
        "booster": "gbtree",
        "colsample_bylevel": 1,
        "colsample_bytree": 1,
        "gamma": 0.1,
        "gpu_id": -1,
        "importance_type": "gain",
        "interaction_constraints": "",
        "max_delta_step": 0,
        "max_depth": 6,
        "min_child_weight": 1,
        "missing": NaN,
        "monotone_constraints": "()",
        "n_estimators": 100,
        "n_jobs": 1,
        "num_parallel_tree": 100,
        "random_state": 11933,
        "reg_alpha": 0,
        "scale_pos_weight": 1,
        "tree_method": "exact",
        "validate_parameters": 1,
        "verbosity": null,
        "eval_metric": "logloss"
    },
    "process_time": 12.418647727,
    "time_time": 12.455218315124512,
    "random_state": 11933,
    "alpha": 0.1,
    "n_bins": 10,
    "gamma": 0.1,
    "rho": 0.01,
    "roc_auc_train": 0.8723066588129589,
    "auprc_train": 0.7685272837777055,
    "accuracy_train": 0.8133210417146808,
    "MC_loss_train": 0.13503039452567028,
    "PMC_loss_train": 3.1043955091467543,
    "DC_loss_train": 0.40908109778990165,
    "roc_auc_test": 0.8682964697245632,
    "auprc_test": 0.7641675104681213,
    "accuracy_test": 0.8127722338733839,
    "MC_loss_test": 0.16383149321117096,
    "PMC_loss_test": 2.6076774075627327,
    "DC_loss_test": 0.38559434286610994,
    "feature_importances_": {
        "temperature": 0.014206510037183762,
        "heartrate": 0.00534673361107707,
        "resprate": 0.030703933909535408,
        "o2sat": 0.059492290019989014,
        "sbp": 0.013891004025936127,
        "dbp": 0.010422125458717346,
        "pain": 0.002580412430688739,
        "acuity": 0.41515758633613586,
        "insurance": 0.008456874638795853,
        "language": 0.0005477384547702968,
        "marital_status": 0.006605501752346754,
        "ethnicity": 0.026342909783124924,
        "gender": 0.017155934125185013,
        "anchor_year_group": 0.1257777214050293,
        "prev_visit": 0.20498791337013245,
        "prev_adm": 0.058324798941612244
    }
}