{
    "dataset": "data/mimic4_admissions.csv",
    "algorithm": "rf",
    "params": {
        "colsample_bynode": 0.8,
        "learning_rate": 1,
        "reg_lambda": 1e-05,
        "subsample": 0.8,
        "use_label_encoder": false,
        "objective": "binary:logistic",
        "base_score": 0.5,
        "booster": "gbtree",
        "colsample_bylevel": 1,
        "colsample_bytree": 1,
        "gamma": 0.1,
        "gpu_id": -1,
        "importance_type": "gain",
        "interaction_constraints": "",
        "max_delta_step": 0,
        "max_depth": 6,
        "min_child_weight": 1,
        "missing": NaN,
        "monotone_constraints": "()",
        "n_estimators": 100,
        "n_jobs": 1,
        "num_parallel_tree": 100,
        "random_state": 3136,
        "reg_alpha": 0,
        "scale_pos_weight": 1,
        "tree_method": "exact",
        "validate_parameters": 1,
        "verbosity": null,
        "eval_metric": "logloss"
    },
    "process_time": 12.210511756999999,
    "time_time": 12.245855808258057,
    "random_state": 3136,
    "alpha": 0.1,
    "n_bins": 10,
    "gamma": 0.1,
    "rho": 0.01,
    "roc_auc_train": 0.8721809742567612,
    "auprc_train": 0.7693749773034202,
    "accuracy_train": 0.8133210417146808,
    "MC_loss_train": 0.1391087558597185,
    "PMC_loss_train": 3.239377721903786,
    "DC_loss_train": 0.34217605639053295,
    "roc_auc_test": 0.8666119312005318,
    "auprc_test": 0.7598519740120608,
    "accuracy_test": 0.8107211172823857,
    "MC_loss_test": 0.1146428684393565,
    "PMC_loss_test": 2.291895662045255,
    "DC_loss_test": 0.39803012962064643,
    "feature_importances_": {
        "temperature": 0.016159839928150177,
        "heartrate": 0.003568354295566678,
        "resprate": 0.028059877455234528,
        "o2sat": 0.05014513060450554,
        "sbp": 0.007676683831959963,
        "dbp": 0.00878689531236887,
        "pain": 0.0021784098353236914,
        "acuity": 0.436159610748291,
        "insurance": 0.006284000352025032,
        "language": 0.0015737070934846997,
        "marital_status": 0.008628686890006065,
        "ethnicity": 0.02359047532081604,
        "gender": 0.019617518410086632,
        "anchor_year_group": 0.1250922977924347,
        "prev_visit": 0.21167825162410736,
        "prev_adm": 0.05080031231045723
    }
}