{
    "dataset": "data/mimic4_admissions.csv",
    "algorithm": "rf",
    "params": {
        "colsample_bynode": 0.8,
        "learning_rate": 1,
        "reg_lambda": 1e-05,
        "subsample": 0.8,
        "use_label_encoder": false,
        "objective": "binary:logistic",
        "base_score": 0.5,
        "booster": "gbtree",
        "colsample_bylevel": 1,
        "colsample_bytree": 1,
        "gamma": 0.05,
        "gpu_id": -1,
        "importance_type": "gain",
        "interaction_constraints": "",
        "max_delta_step": 0,
        "max_depth": 6,
        "min_child_weight": 1,
        "missing": NaN,
        "monotone_constraints": "()",
        "n_estimators": 100,
        "n_jobs": 1,
        "num_parallel_tree": 100,
        "random_state": 2317,
        "reg_alpha": 0,
        "scale_pos_weight": 1,
        "tree_method": "exact",
        "validate_parameters": 1,
        "verbosity": null,
        "eval_metric": "logloss"
    },
    "process_time": 13.694471635000001,
    "time_time": 13.701975107192993,
    "random_state": 2317,
    "alpha": 0.1,
    "n_bins": 10,
    "gamma": 0.05,
    "rho": 0.01,
    "roc_auc_train": 0.870456165880299,
    "auprc_train": 0.7658935585131543,
    "accuracy_train": 0.8128985173235,
    "MC_loss_train": 0.14885692748912543,
    "PMC_loss_train": 3.214290739037096,
    "DC_loss_train": 0.5288383051398858,
    "roc_auc_test": 0.870652425998811,
    "auprc_test": 0.7707000725877555,
    "accuracy_test": 0.8126339563503953,
    "MC_loss_test": 0.18801615370644464,
    "PMC_loss_test": 3.7871650392358953,
    "DC_loss_test": 0.659607755488139,
    "feature_importances_": {
        "temperature": 0.020232416689395905,
        "heartrate": 0.0049961041659116745,
        "resprate": 0.017625868320465088,
        "o2sat": 0.06008508428931236,
        "sbp": 0.012232582084834576,
        "dbp": 0.009729101322591305,
        "pain": 0.008183970116078854,
        "acuity": 0.4009917378425598,
        "insurance": 0.007011207286268473,
        "language": 0.001080215792171657,
        "marital_status": 0.007827765308320522,
        "ethnicity": 0.024547137320041656,
        "gender": 0.016940705478191376,
        "anchor_year_group": 0.1338457316160202,
        "prev_visit": 0.24169933795928955,
        "prev_adm": 0.03297105059027672
    }
}