{
    "dataset": "data/mimic4_admissions.csv",
    "algorithm": "rf",
    "params": {
        "colsample_bynode": 0.8,
        "learning_rate": 1,
        "reg_lambda": 1e-05,
        "subsample": 0.8,
        "use_label_encoder": false,
        "objective": "binary:logistic",
        "base_score": 0.5,
        "booster": "gbtree",
        "colsample_bylevel": 1,
        "colsample_bytree": 1,
        "gamma": 0.05,
        "gpu_id": -1,
        "importance_type": "gain",
        "interaction_constraints": "",
        "max_delta_step": 0,
        "max_depth": 6,
        "min_child_weight": 1,
        "missing": NaN,
        "monotone_constraints": "()",
        "n_estimators": 100,
        "n_jobs": 1,
        "num_parallel_tree": 100,
        "random_state": 14405,
        "reg_alpha": 0,
        "scale_pos_weight": 1,
        "tree_method": "exact",
        "validate_parameters": 1,
        "verbosity": null,
        "eval_metric": "logloss"
    },
    "process_time": 11.834785998000001,
    "time_time": 11.84920597076416,
    "random_state": 14405,
    "alpha": 0.01,
    "n_bins": 10,
    "gamma": 0.05,
    "rho": 0.1,
    "roc_auc_train": 0.8705870623389309,
    "auprc_train": 0.7674019992068999,
    "accuracy_train": 0.8129599754167627,
    "MC_loss_train": 0.18976610543531014,
    "PMC_loss_train": 1.1075387681728084,
    "DC_loss_train": 0.5444748337270037,
    "roc_auc_test": 0.8703953053436354,
    "auprc_test": 0.7656422905354584,
    "accuracy_test": 0.8133483902191698,
    "MC_loss_test": 0.18978839751445886,
    "PMC_loss_test": 1.5060800248757005,
    "DC_loss_test": 0.5914550723603156,
    "feature_importances_": {
        "temperature": 0.020359614863991737,
        "heartrate": 0.0042457617819309235,
        "resprate": 0.021166043356060982,
        "o2sat": 0.048220306634902954,
        "sbp": 0.012394344434142113,
        "dbp": 0.009062053635716438,
        "pain": 0.003762156469747424,
        "acuity": 0.4079590439796448,
        "insurance": 0.0141944894567132,
        "language": 0.00016800512094050646,
        "marital_status": 0.007348398212343454,
        "ethnicity": 0.02760661393404007,
        "gender": 0.016092313453555107,
        "anchor_year_group": 0.11378741264343262,
        "prev_visit": 0.24583297967910767,
        "prev_adm": 0.04780048131942749
    }
}