{
    "dataset": "data/mimic4_admissions.csv",
    "algorithm": "rf",
    "params": {
        "colsample_bynode": 0.8,
        "learning_rate": 1,
        "reg_lambda": 1e-05,
        "subsample": 0.8,
        "use_label_encoder": false,
        "objective": "binary:logistic",
        "base_score": 0.5,
        "booster": "gbtree",
        "colsample_bylevel": 1,
        "colsample_bytree": 1,
        "gamma": 0.05,
        "gpu_id": -1,
        "importance_type": "gain",
        "interaction_constraints": "",
        "max_delta_step": 0,
        "max_depth": 6,
        "min_child_weight": 1,
        "missing": NaN,
        "monotone_constraints": "()",
        "n_estimators": 100,
        "n_jobs": 1,
        "num_parallel_tree": 100,
        "random_state": 3852,
        "reg_alpha": 0,
        "scale_pos_weight": 1,
        "tree_method": "exact",
        "validate_parameters": 1,
        "verbosity": null,
        "eval_metric": "logloss"
    },
    "process_time": 13.539703852999999,
    "time_time": 13.579682111740112,
    "random_state": 3852,
    "alpha": 0.05,
    "n_bins": 10,
    "gamma": 0.05,
    "rho": 0.05,
    "roc_auc_train": 0.872637827066533,
    "auprc_train": 0.7682557223031584,
    "accuracy_train": 0.8152416071291388,
    "MC_loss_train": 0.12830215510056941,
    "PMC_loss_train": 2.215618560410509,
    "DC_loss_train": 0.44602061361951395,
    "roc_auc_test": 0.8661554416995199,
    "auprc_test": 0.7648147583333751,
    "accuracy_test": 0.8105597935055656,
    "MC_loss_test": 0.20776189457286487,
    "PMC_loss_test": 2.185964813715721,
    "DC_loss_test": 0.5330502218542859,
    "feature_importances_": {
        "temperature": 0.017349885776638985,
        "heartrate": 0.004492803011089563,
        "resprate": 0.025233399122953415,
        "o2sat": 0.04833605885505676,
        "sbp": 0.015331803821027279,
        "dbp": 0.008964517153799534,
        "pain": 0.002198360161855817,
        "acuity": 0.4059464931488037,
        "insurance": 0.009482900612056255,
        "language": 0.0,
        "marital_status": 0.004825177136808634,
        "ethnicity": 0.025178154930472374,
        "gender": 0.017752356827259064,
        "anchor_year_group": 0.14220406115055084,
        "prev_visit": 0.20512624084949493,
        "prev_adm": 0.06757770478725433
    }
}