{
    "dataset": "data/mimic4_admissions.csv",
    "algorithm": "rf",
    "params": {
        "colsample_bynode": 0.8,
        "learning_rate": 1,
        "reg_lambda": 1e-05,
        "subsample": 0.8,
        "use_label_encoder": false,
        "objective": "binary:logistic",
        "base_score": 0.5,
        "booster": "gbtree",
        "colsample_bylevel": 1,
        "colsample_bytree": 1,
        "gamma": 0.05,
        "gpu_id": -1,
        "importance_type": "gain",
        "interaction_constraints": "",
        "max_delta_step": 0,
        "max_depth": 6,
        "min_child_weight": 1,
        "missing": NaN,
        "monotone_constraints": "()",
        "n_estimators": 100,
        "n_jobs": 1,
        "num_parallel_tree": 100,
        "random_state": 1504,
        "reg_alpha": 0,
        "scale_pos_weight": 1,
        "tree_method": "exact",
        "validate_parameters": 1,
        "verbosity": null,
        "eval_metric": "logloss"
    },
    "process_time": 13.181002529,
    "time_time": 13.188366413116455,
    "random_state": 1504,
    "alpha": 0.05,
    "n_bins": 10,
    "gamma": 0.05,
    "rho": 0.05,
    "roc_auc_train": 0.8702045152217249,
    "auprc_train": 0.7678382296290159,
    "accuracy_train": 0.8120918798494277,
    "MC_loss_train": 0.17324367978356103,
    "PMC_loss_train": 2.2297888737281655,
    "DC_loss_train": 0.5590178805932458,
    "roc_auc_test": 0.8716967439407536,
    "auprc_test": 0.7655944148617858,
    "accuracy_test": 0.8156299693484824,
    "MC_loss_test": 0.22670651550562876,
    "PMC_loss_test": 2.2000724268323593,
    "DC_loss_test": 0.7138450872053096,
    "feature_importances_": {
        "temperature": 0.019192330539226532,
        "heartrate": 0.003650449914857745,
        "resprate": 0.022300325334072113,
        "o2sat": 0.05516810342669487,
        "sbp": 0.011962085030972958,
        "dbp": 0.009159856475889683,
        "pain": 0.0023039875086396933,
        "acuity": 0.40471920371055603,
        "insurance": 0.008504043333232403,
        "language": 0.0012705953558906913,
        "marital_status": 0.008571063168346882,
        "ethnicity": 0.02713700383901596,
        "gender": 0.01864330843091011,
        "anchor_year_group": 0.13865575194358826,
        "prev_visit": 0.21800275146961212,
        "prev_adm": 0.050759103149175644
    }
}