{
    "dataset": "data/mimic4_admissions.csv",
    "algorithm": "rf",
    "params": {
        "colsample_bynode": 0.8,
        "learning_rate": 1,
        "reg_lambda": 1e-05,
        "subsample": 0.8,
        "use_label_encoder": false,
        "objective": "binary:logistic",
        "base_score": 0.5,
        "booster": "gbtree",
        "colsample_bylevel": 1,
        "colsample_bytree": 1,
        "gamma": 0.1,
        "gpu_id": -1,
        "importance_type": "gain",
        "interaction_constraints": "",
        "max_delta_step": 0,
        "max_depth": 6,
        "min_child_weight": 1,
        "missing": NaN,
        "monotone_constraints": "()",
        "n_estimators": 100,
        "n_jobs": 1,
        "num_parallel_tree": 100,
        "random_state": 7245,
        "reg_alpha": 0,
        "scale_pos_weight": 1,
        "tree_method": "exact",
        "validate_parameters": 1,
        "verbosity": null,
        "eval_metric": "logloss"
    },
    "process_time": 12.94856242,
    "time_time": 12.955775737762451,
    "random_state": 7245,
    "alpha": 0.1,
    "n_bins": 10,
    "gamma": 0.1,
    "rho": 0.05,
    "roc_auc_train": 0.870667096305376,
    "auprc_train": 0.7668993051177309,
    "accuracy_train": 0.8137282015825459,
    "MC_loss_train": 0.15220785355939737,
    "PMC_loss_train": 2.1417000878372106,
    "DC_loss_train": 0.4217475051582029,
    "roc_auc_test": 0.8698046518535737,
    "auprc_test": 0.7666613738883984,
    "accuracy_test": 0.813302297711507,
    "MC_loss_test": 0.1429518863792819,
    "PMC_loss_test": 2.2091086847266728,
    "DC_loss_test": 0.46791648406995534,
    "feature_importances_": {
        "temperature": 0.02102617360651493,
        "heartrate": 0.004511347506195307,
        "resprate": 0.017385827377438545,
        "o2sat": 0.059166233986616135,
        "sbp": 0.009111310355365276,
        "dbp": 0.0134311867877841,
        "pain": 0.0016757732955738902,
        "acuity": 0.4230719208717346,
        "insurance": 0.011244700290262699,
        "language": 0.0007466560346074402,
        "marital_status": 0.007747589610517025,
        "ethnicity": 0.02307230606675148,
        "gender": 0.01766904629766941,
        "anchor_year_group": 0.13100722432136536,
        "prev_visit": 0.2218034267425537,
        "prev_adm": 0.03732921555638313
    }
}