{
    "dataset": "data/mimic4_admissions.csv",
    "algorithm": "rf",
    "params": {
        "colsample_bynode": 0.8,
        "learning_rate": 1,
        "reg_lambda": 1e-05,
        "subsample": 0.8,
        "use_label_encoder": false,
        "objective": "binary:logistic",
        "base_score": 0.5,
        "booster": "gbtree",
        "colsample_bylevel": 1,
        "colsample_bytree": 1,
        "gamma": 0.05,
        "gpu_id": -1,
        "importance_type": "gain",
        "interaction_constraints": "",
        "max_delta_step": 0,
        "max_depth": 6,
        "min_child_weight": 1,
        "missing": NaN,
        "monotone_constraints": "()",
        "n_estimators": 100,
        "n_jobs": 1,
        "num_parallel_tree": 100,
        "random_state": 1037,
        "reg_alpha": 0,
        "scale_pos_weight": 1,
        "tree_method": "exact",
        "validate_parameters": 1,
        "verbosity": null,
        "eval_metric": "logloss"
    },
    "process_time": 12.250241710000001,
    "time_time": 12.285814046859741,
    "random_state": 1037,
    "alpha": 0.05,
    "n_bins": 10,
    "gamma": 0.05,
    "rho": 0.05,
    "roc_auc_train": 0.8718007866490842,
    "auprc_train": 0.768908216210696,
    "accuracy_train": 0.8136206499193362,
    "MC_loss_train": 0.1634158858465492,
    "PMC_loss_train": 2.239462734359399,
    "DC_loss_train": 0.5149901683462078,
    "roc_auc_test": 0.8682031461278941,
    "auprc_test": 0.762317527161556,
    "accuracy_test": 0.8119656149892835,
    "MC_loss_test": 0.218565309047699,
    "PMC_loss_test": 2.2057369520261485,
    "DC_loss_test": 0.616536078188105,
    "feature_importances_": {
        "temperature": 0.015518920496106148,
        "heartrate": 0.004713332746177912,
        "resprate": 0.024290893226861954,
        "o2sat": 0.053482867777347565,
        "sbp": 0.011396470479667187,
        "dbp": 0.009367268532514572,
        "pain": 0.0025824944023042917,
        "acuity": 0.39118340611457825,
        "insurance": 0.013411052525043488,
        "language": 0.0010636091465130448,
        "marital_status": 0.004650969058275223,
        "ethnicity": 0.028479624539613724,
        "gender": 0.017120977863669395,
        "anchor_year_group": 0.12357728183269501,
        "prev_visit": 0.24059398472309113,
        "prev_adm": 0.05856674537062645
    }
}