{
    "dataset": "data/mimic4_admissions.csv",
    "algorithm": "rf",
    "params": {
        "colsample_bynode": 0.8,
        "learning_rate": 1,
        "reg_lambda": 1e-05,
        "subsample": 0.8,
        "use_label_encoder": false,
        "objective": "binary:logistic",
        "base_score": 0.5,
        "booster": "gbtree",
        "colsample_bylevel": 1,
        "colsample_bytree": 1,
        "gamma": 0.1,
        "gpu_id": -1,
        "importance_type": "gain",
        "interaction_constraints": "",
        "max_delta_step": 0,
        "max_depth": 6,
        "min_child_weight": 1,
        "missing": NaN,
        "monotone_constraints": "()",
        "n_estimators": 100,
        "n_jobs": 1,
        "num_parallel_tree": 100,
        "random_state": 8963,
        "reg_alpha": 0,
        "scale_pos_weight": 1,
        "tree_method": "exact",
        "validate_parameters": 1,
        "verbosity": null,
        "eval_metric": "logloss"
    },
    "process_time": 13.266464957,
    "time_time": 13.27303433418274,
    "random_state": 8963,
    "alpha": 0.05,
    "n_bins": 10,
    "gamma": 0.1,
    "rho": 0.05,
    "roc_auc_train": 0.8713463087816925,
    "auprc_train": 0.767348661649969,
    "accuracy_train": 0.8130137512483675,
    "MC_loss_train": 0.15125385783986506,
    "PMC_loss_train": 2.147905913779054,
    "DC_loss_train": 0.4742857624203748,
    "roc_auc_test": 0.8691375985793727,
    "auprc_test": 0.7677871762075454,
    "accuracy_test": 0.8128413726348782,
    "MC_loss_test": 0.11109715594487321,
    "PMC_loss_test": 2.221943118897464,
    "DC_loss_test": 0.375599303928825,
    "feature_importances_": {
        "temperature": 0.019665289670228958,
        "heartrate": 0.003494845237582922,
        "resprate": 0.015177087858319283,
        "o2sat": 0.05319222807884216,
        "sbp": 0.01438849326223135,
        "dbp": 0.011120438575744629,
        "pain": 0.0027576759457588196,
        "acuity": 0.40930691361427307,
        "insurance": 0.013176553882658482,
        "language": 0.001204818719998002,
        "marital_status": 0.006374899297952652,
        "ethnicity": 0.026530994102358818,
        "gender": 0.01949211396276951,
        "anchor_year_group": 0.14406363666057587,
        "prev_visit": 0.19149908423423767,
        "prev_adm": 0.06855490803718567
    }
}